395.781250,393.378906,0.000000,1
395.735594,393.174054,0.000000,1
395.687671,392.969639,0.000000,1
395.638384,392.765488,0.000000,1
395.588637,392.561425,0.000000,1
395.539334,392.357277,0.000000,1
395.491378,392.152869,0.000000,1
395.445673,391.948026,0.000000,1
395.403123,391.742573,0.000000,1
395.364437,391.536378,0.000000,1
395.329501,391.329480,0.000000,1
395.297983,391.121963,0.000000,1
395.269549,390.913913,0.000000,1
395.243866,390.705416,0.000000,1
395.220602,390.496556,0.000000,1
395.199425,390.287419,0.000000,1
395.180000,390.078091,0.000000,1
395.161995,389.868656,0.000000,1
395.145129,389.659187,0.000000,1
395.129345,389.449696,0.000000,1
395.114644,389.240181,0.000000,1
395.101031,389.030639,0.000000,1
395.088506,388.821068,0.000000,1
395.077074,388.611466,0.000000,1
395.066736,388.401829,0.000000,1
395.057496,388.192156,0.000000,1
395.049356,387.982443,0.000000,1
395.042319,387.772689,0.000000,1
395.036384,387.562890,0.000000,1
395.031467,387.353049,0.000000,1
395.027398,387.143173,0.000000,1
395.024000,386.933269,0.000000,1
395.021099,386.723344,0.000000,1
395.018520,386.513407,0.000000,1
395.016088,386.303463,0.000000,1
395.013628,386.093520,0.000000,1
395.010964,385.883586,0.000000,1
395.007921,385.673667,0.000000,1
395.004325,385.463772,0.000000,1
395.000000,385.253906,0.000000,1
395.000000,373.496094,0.000000,1
395.008102,372.485300,0.000000,1
395.006943,371.474633,0.000000,1
394.975597,370.464351,0.000000,1
394.948297,369.453893,0.000000,1
394.942513,368.443048,0.000000,1
394.929358,367.432474,0.000000,1
394.889087,366.422577,0.000000,1
394.842441,365.412764,0.000000,1
394.813355,364.402385,0.000000,1
394.794937,363.391718,0.000000,1
394.765714,362.381478,0.000000,1
394.716274,361.371955,0.000000,1
394.661519,360.362579,0.000000,1
394.618570,359.352706,0.000000,1
394.588890,358.342313,0.000000,1
394.558262,357.332000,0.000000,1
394.512623,356.322355,0.000000,1
394.452676,355.313333,0.000000,1
394.391768,354.304337,0.000000,1
394.343143,353.294778,0.000000,1
394.307624,352.284620,0.000000,1
394.273300,351.274392,0.000000,1
394.228013,350.264636,0.000000,1
394.171079,349.255399,0.000000,1
394.115921,348.246125,0.000000,1
394.076218,347.236241,0.000000,1
394.050803,346.225767,0.000000,1
394.023166,345.215329,0.000000,1
393.978880,344.205484,0.000000,1
393.927439,343.195943,0.000000,1
393.890427,342.185991,0.000000,1
393.875303,341.175343,0.000000,1
393.859627,340.164631,0.000000,1
393.823759,339.154433,0.000000,1
393.785632,338.144380,0.000000,1
393.772318,337.133847,0.000000,1
393.773561,336.122977,0.000000,1
393.763909,335.112238,0.000000,1
393.750000,334.101563,0.000000,1
393.764215,333.326602,0.000000,1
393.773798,332.551554,0.000000,1
393.772184,331.776334,0.000000,1
393.786062,331.001581,0.000000,1
393.825005,330.227456,0.000000,1
393.860822,329.453114,0.000000,1
393.876481,328.678102,0.000000,1
393.892417,327.903201,0.000000,1
393.930276,327.129204,0.000000,1
393.981325,326.355690,0.000000,1
394.024530,325.581754,0.000000,1
394.051991,324.807091,0.000000,1
394.078107,324.032423,0.000000,1
394.118561,323.258523,0.000000,1
394.173484,322.485363,0.000000,1
394.229646,321.712226,0.000000,1
394.274400,320.938427,0.000000,1
394.309128,320.164068,0.000000,1
394.345397,319.389818,0.000000,1
394.394344,318.616322,0.000000,1
394.454558,317.843498,0.000000,1
394.513388,317.070613,0.000000,1
394.558261,316.296939,0.000000,1
394.589189,315.522454,0.000000,1
394.619769,314.747901,0.000000,1
394.663503,313.974022,0.000000,1
394.718182,313.200747,0.000000,1
394.766923,312.427250,0.000000,1
394.795400,311.652820,0.000000,1
394.813611,310.877859,0.000000,1
394.842836,310.103288,0.000000,1
394.889420,309.329447,0.000000,1
394.929434,308.555486,0.000000,1
394.942525,307.780649,0.000000,1
394.948502,307.005466,0.000000,1
394.975826,306.230784,0.000000,1
395.006950,305.456325,0.000000,1
395.008045,304.681369,0.000000,1
395.000000,303.906250,0.000000,1
394.983624,303.649446,0.000000,1
394.975659,303.391611,0.000000,1
394.969319,303.133576,0.000000,1
394.957818,302.876174,0.000000,1
394.934370,302.620237,0.000000,1
394.893629,302.366513,0.000000,1
394.836243,302.115387,0.000000,1
394.764427,301.867155,0.000000,1
394.680393,301.622110,0.000000,1
394.586354,301.380547,0.000000,1
394.484019,301.142814,0.000000,1
394.373341,300.909447,0.000000,1
394.253890,300.681024,0.000000,1
394.125238,300.458124,0.000000,1
393.986958,300.241321,0.000000,1
393.839009,300.030927,0.000000,1
393.682207,299.826659,0.000000,1
393.517485,299.628155,0.000000,1
393.345777,299.435050,0.000000,1
393.168002,299.247001,0.000000,1
392.984463,299.064479,0.000000,1
392.794586,298.889120,0.000000,1
392.597730,298.722649,0.000000,1
392.393253,298.566788,0.000000,1
392.180572,298.423155,0.000000,1
391.960076,298.291538,0.000000,1
391.732977,298.170186,0.000000,1
391.500511,298.057298,0.000000,1
391.263915,297.951075,0.000000,1
391.024301,297.850212,0.000000,1
390.781887,297.756990,0.000000,1
390.536496,297.675272,0.000000,1
390.287948,297.608926,0.000000,1
390.036066,297.561822,0.000000,1
389.780880,297.536048,0.000000,1
389.523396,297.525479,0.000000,1
389.264898,297.521613,0.000000,1
389.006671,297.515954,0.000000,1
388.750000,297.500000,0.000000,1
388.494240,297.516349,0.000000,1
388.236679,297.521861,0.000000,1
387.978870,297.525875,0.000000,1
387.722363,297.537728,0.000000,1
387.468708,297.566748,0.000000,1
387.218932,297.618679,0.000000,1
386.972728,297.690193,0.000000,1
386.729585,297.776546,0.000000,1
386.488991,297.872997,0.000000,1
386.250446,297.974848,0.000000,1
386.014213,298.080110,0.000000,1
385.781707,298.190898,0.000000,1
385.554444,298.309673,0.000000,1
385.333935,298.438897,0.000000,1
385.121627,298.580904,0.000000,1
384.917685,298.735691,0.000000,1
384.721155,298.901212,0.000000,1
384.531047,299.075349,0.000000,1
384.346370,299.255984,0.000000,1
384.166264,299.441156,0.000000,1
383.991349,299.630627,0.000000,1
383.823168,299.825240,0.000000,1
383.663279,300.025857,0.000000,1
383.513242,300.233338,0.000000,1
383.374406,300.448393,0.000000,1
383.246531,300.670583,0.000000,1
383.128641,300.898940,0.000000,1
383.019757,301.132494,0.000000,1
382.918899,301.370272,0.000000,1
382.825516,301.611409,0.000000,1
382.741315,301.855589,0.000000,1
382.668750,302.102681,0.000000,1
382.610271,302.352553,0.000000,1
382.568331,302.605072,0.000000,1
382.543917,302.859983,0.000000,1
382.531780,303.116514,0.000000,1
382.525017,303.373754,0.000000,1
382.516725,303.630793,0.000000,1
382.500000,303.886719,0.000000,1
382.507989,304.659835,0.000000,1
382.507034,305.432793,0.000000,1
382.476230,306.205258,0.000000,1
382.448837,306.977938,0.000000,1
382.442319,307.751111,0.000000,1
382.428848,308.523944,0.000000,1
382.389072,309.295916,0.000000,1
382.342948,310.067774,0.000000,1
382.313726,310.840344,0.000000,1
382.294861,311.613282,0.000000,1
382.265615,312.385682,0.000000,1
382.216688,313.157169,0.000000,1
382.162421,313.928461,0.000000,1
382.119435,314.700374,0.000000,1
382.089371,315.472950,0.000000,1
382.058466,316.245428,0.000000,1
382.013010,317.017057,0.000000,1
381.953437,317.787884,0.000000,1
381.892742,318.558664,0.000000,1
381.843901,319.330154,0.000000,1
381.808054,320.102421,0.000000,1
381.773697,320.874797,0.000000,1
381.728973,321.646593,0.000000,1
381.672725,322.417719,0.000000,1
381.617867,323.188875,0.000000,1
381.577800,323.960789,0.000000,1
381.552130,324.733475,0.000000,1
381.524799,325.506138,0.000000,1
381.481209,326.278045,0.000000,1
381.429677,327.049522,0.000000,1
381.391610,327.821500,0.000000,1
381.375673,328.594397,0.000000,1
381.360204,329.367416,0.000000,1
381.324967,330.139778,0.000000,1
381.286619,330.911927,0.000000,1
381.272567,331.684685,0.000000,1
381.273637,332.457898,0.000000,1
381.264054,333.230945,0.000000,1
381.250000,334.003906,0.000000,1
381.250000,343.750000,0.000000,1
380.504772,343.728431,0.000000,1
379.759502,343.708880,0.000000,1
379.014241,343.688880,0.000000,1
378.269042,343.665962,0.000000,1
377.523966,343.637867,0.000000,1
376.779134,343.603495,0.000000,1
376.034683,343.562143,0.000000,1
375.290751,343.513108,0.000000,1
374.547465,343.455807,0.000000,1
373.804770,343.391257,0.000000,1
373.062483,343.321647,0.000000,1
372.320415,343.249192,0.000000,1
371.578380,343.176105,0.000000,1
370.836280,343.103682,0.000000,1
370.094273,343.030613,0.000000,1
369.352561,342.955130,0.000000,1
368.611349,342.875462,0.000000,1
367.870833,342.789870,0.000000,1
367.131050,342.698018,0.000000,1
366.391795,342.601582,0.000000,1
365.652847,342.502391,0.000000,1
364.913984,342.402276,0.000000,1
364.174989,342.303038,0.000000,1
363.435832,342.205070,0.000000,1
362.696745,342.106799,0.000000,1
361.957979,342.006508,0.000000,1
361.219787,341.902477,0.000000,1
360.482420,341.792990,0.000000,1
359.746022,341.677067,0.000000,1
359.010453,341.555682,0.000000,1
358.275528,341.430132,0.000000,1
357.541059,341.301713,0.000000,1
356.806861,341.171720,0.000000,1
356.072756,341.041388,0.000000,1
355.338668,340.911183,0.000000,1
354.604588,340.781059,0.000000,1
353.870512,340.650962,0.000000,1
353.136433,340.520835,0.000000,1
352.402344,340.390625,0.000000,1
323.750000,334.980469,0.000000,1
323.757751,334.119290,0.000000,1
323.757993,333.258228,0.000000,1
323.728807,332.397599,0.000000,1
323.700519,331.536828,0.000000,1
323.693640,330.675596,0.000000,1
323.682586,329.814603,0.000000,1
323.644605,328.954415,0.000000,1
323.597293,328.094421,0.000000,1
323.566176,327.233799,0.000000,1
323.548286,326.372740,0.000000,1
323.521459,325.512117,0.000000,1
323.472872,324.652414,0.000000,1
323.416708,323.792980,0.000000,1
323.371400,322.932991,0.000000,1
323.340697,322.072315,0.000000,1
323.309901,321.211696,0.000000,1
323.263899,320.351891,0.000000,1
323.202743,319.492875,0.000000,1
323.140568,318.633892,0.000000,1
323.091378,317.774196,0.000000,1
323.055396,316.913775,0.000000,1
323.019857,316.053309,0.000000,1
322.972137,315.193471,0.000000,1
322.913518,314.334221,0.000000,1
322.858595,313.474834,0.000000,1
322.821106,312.614624,0.000000,1
322.796366,311.753775,0.000000,1
322.766669,310.893088,0.000000,1
322.719418,310.033150,0.000000,1
322.668599,309.173436,0.000000,1
322.635858,308.313096,0.000000,1
322.622766,307.452007,0.000000,1
322.604996,306.590975,0.000000,1
322.567315,305.730549,0.000000,1
322.531736,304.870176,0.000000,1
322.521859,304.009220,0.000000,1
322.523357,303.147942,0.000000,1
322.513353,302.286833,0.000000,1
322.500000,301.425781,0.000000,1
322.483256,301.168743,0.000000,1
322.474674,300.910732,0.000000,1
322.467520,300.652551,0.000000,1
322.455057,300.395003,0.000000,1
322.430551,300.138889,0.000000,1
322.388918,299.884934,0.000000,1
322.330893,299.633580,0.000000,1
322.258497,299.385209,0.000000,1
322.173751,299.140203,0.000000,1
322.078673,298.898943,0.000000,1
321.974782,298.661813,0.000000,1
321.862235,298.429204,0.000000,1
321.740960,298.201508,0.000000,1
321.610886,297.979116,0.000000,1
321.471943,297.762418,0.000000,1
321.324339,297.551543,0.000000,1
321.168790,297.346145,0.000000,1
321.006065,297.145829,0.000000,1
320.836934,296.950196,0.000000,1
320.662147,296.758881,0.000000,1
320.481737,296.572607,0.000000,1
320.294824,296.393485,0.000000,1
320.100471,296.223713,0.000000,1
319.897740,296.065490,0.000000,1
319.685772,295.920873,0.000000,1
319.465030,295.789564,0.000000,1
319.237065,295.669313,0.000000,1
319.003465,295.557810,0.000000,1
318.765816,295.452747,0.000000,1
318.525545,295.352357,0.000000,1
318.282872,295.258930,0.000000,1
318.037475,295.176596,0.000000,1
317.789026,295.109492,0.000000,1
317.537199,295.061758,0.000000,1
317.281908,295.035713,0.000000,1
317.024183,295.025175,0.000000,1
316.765385,295.021485,0.000000,1
316.506871,295.015980,0.000000,1
316.250000,295.000000,0.000000,1
315.992613,295.015975,0.000000,1
315.733994,295.022444,0.000000,1
315.475166,295.027299,0.000000,1
315.217152,295.038430,0.000000,1
314.960972,295.063725,0.000000,1
314.707514,295.108942,0.000000,1
314.457206,295.172762,0.000000,1
314.210387,295.252399,0.000000,1
313.967392,295.345068,0.000000,1
313.728557,295.447988,0.000000,1
313.494245,295.559259,0.000000,1
313.264873,295.678939,0.000000,1
313.040867,295.807350,0.000000,1
312.822650,295.944816,0.000000,1
312.610645,296.091648,0.000000,1
312.405106,296.247758,0.000000,1
312.206080,296.412548,0.000000,1
312.013596,296.585385,0.000000,1
311.827686,296.765636,0.000000,1
311.648406,296.952686,0.000000,1
311.476252,297.146250,0.000000,1
311.312102,297.346324,0.000000,1
311.156848,297.552915,0.000000,1
311.011381,297.766029,0.000000,1
310.876489,297.985635,0.000000,1
310.751811,298.211259,0.000000,1
310.636270,298.442153,0.000000,1
310.528776,298.677566,0.000000,1
310.428239,298.916747,0.000000,1
310.333972,299.159014,0.000000,1
310.247887,299.404152,0.000000,1
310.172941,299.652130,0.000000,1
310.112091,299.902919,0.000000,1
310.068295,300.156489,0.000000,1
310.043025,300.412669,0.000000,1
310.030906,300.670644,0.000000,1
310.024592,300.929411,0.000000,1
310.016739,301.187968,0.000000,1
310.000000,301.445313,0.000000,1
310.014142,302.511544,0.000000,1
310.023743,303.577839,0.000000,1
310.022120,304.644260,0.000000,1
310.035792,305.710344,0.000000,1
310.074691,306.775967,0.000000,1
310.110625,307.841744,0.000000,1
310.125792,308.908023,0.000000,1
310.140793,309.974229,0.000000,1
310.178308,311.039759,0.000000,1
310.230068,312.104908,0.000000,1
310.274220,313.170359,0.000000,1
310.301690,314.236371,0.000000,1
310.327096,315.302414,0.000000,1
310.366826,316.367898,0.000000,1
310.421726,317.432818,0.000000,1
310.478330,318.497706,0.000000,1
310.523539,319.563073,0.000000,1
310.558167,320.628871,0.000000,1
310.593952,321.694605,0.000000,1
310.642364,322.759793,0.000000,1
310.702574,323.824471,0.000000,1
310.761852,324.889174,0.000000,1
310.807361,325.954443,0.000000,1
310.838408,327.020321,0.000000,1
310.868554,328.086271,0.000000,1
310.911543,329.151743,0.000000,1
310.966025,330.216757,0.000000,1
311.015274,331.281909,0.000000,1
311.044655,332.347728,0.000000,1
311.063321,333.413948,0.000000,1
311.092398,334.479902,0.000000,1
311.138846,335.545326,0.000000,1
311.179045,336.610828,0.000000,1
311.192304,337.676964,0.000000,1
311.198120,338.743357,0.000000,1
311.225447,339.809384,0.000000,1
311.256947,340.875242,0.000000,1
311.258149,341.941467,0.000000,1
311.250000,343.007813,0.000000,1
311.250000,364.863281,0.000000,1
311.264012,365.663764,0.000000,1
311.273598,366.464330,0.000000,1
311.272179,367.265062,0.000000,1
311.286001,368.065347,0.000000,1
311.324868,368.865020,0.000000,1
311.360716,369.664897,0.000000,1
311.375978,370.465437,0.000000,1
311.391125,371.265881,0.000000,1
311.428553,372.065436,0.000000,1
311.480020,372.864491,0.000000,1
311.523949,373.663944,0.000000,1
311.551374,374.464136,0.000000,1
311.576784,375.264364,0.000000,1
311.616469,376.063852,0.000000,1
311.671367,376.862586,0.000000,1
311.727963,377.661275,0.000000,1
311.773022,378.460612,0.000000,1
311.807154,379.260539,0.000000,1
311.842342,380.060386,0.000000,1
311.890408,380.859493,0.000000,1
311.950917,381.657885,0.000000,1
312.010795,382.456292,0.000000,1
312.056694,383.255460,0.000000,1
312.087179,384.055490,0.000000,1
312.116254,384.855641,0.000000,1
312.158442,385.655145,0.000000,1
312.213392,386.453977,0.000000,1
312.263911,387.252953,0.000000,1
312.294272,388.052831,0.000000,1
312.312487,388.853307,0.000000,1
312.340216,389.653468,0.000000,1
312.386228,390.452892,0.000000,1
312.427470,391.252368,0.000000,1
312.442090,392.052681,0.000000,1
312.447900,392.853380,0.000000,1
312.474506,393.653608,0.000000,1
312.506293,394.453590,0.000000,1
312.508099,395.254053,0.000000,1
312.500000,396.054688,0.000000,1
312.516298,396.312691,0.000000,1
312.523845,396.571839,0.000000,1
312.529572,396.831225,0.000000,1
312.540413,397.089942,0.000000,1
312.563299,397.347084,0.000000,1
312.603849,397.601856,0.000000,1
312.661293,397.854010,0.000000,1
312.732919,398.103466,0.000000,1
312.816016,398.350141,0.000000,1
312.907871,398.593954,0.000000,1
313.006385,398.834711,0.000000,1
313.112034,399.071742,0.000000,1
313.225966,399.304255,0.000000,1
313.349329,399.531458,0.000000,1
313.483270,399.752556,0.000000,1
313.628430,399.966894,0.000000,1
313.784156,400.174157,0.000000,1
313.949592,400.374089,0.000000,1
314.123880,400.566431,0.000000,1
314.306163,400.750929,0.000000,1
314.495677,400.927557,0.000000,1
314.691804,401.096657,0.000000,1
314.893939,401.258606,0.000000,1
315.101479,401.413780,0.000000,1
315.313841,401.562513,0.000000,1
315.530932,401.704262,0.000000,1
315.753114,401.837655,0.000000,1
315.980769,401.961289,0.000000,1
316.214278,402.073759,0.000000,1
316.453925,402.173699,0.000000,1
316.699137,402.260073,0.000000,1
316.948915,402.332012,0.000000,1
317.202253,402.388648,0.000000,1
317.458146,402.429112,0.000000,1
317.715650,402.453441,0.000000,1
317.974125,402.466397,0.000000,1
318.233034,402.474277,0.000000,1
318.491838,402.483379,0.000000,1
318.750000,402.500000,0.000000,1
319.007478,402.483985,0.000000,1
319.266646,402.478535,0.000000,1
319.526100,402.474877,0.000000,1
319.784438,402.464237,0.000000,1
320.040256,402.437845,0.000000,1
320.292513,402.389540,0.000000,1
320.541369,402.321801,0.000000,1
320.787229,402.238896,0.000000,1
321.030501,402.145091,0.000000,1
321.271587,402.044637,0.000000,1
321.510214,401.939732,0.000000,1
321.744719,401.828324,0.000000,1
321.973263,401.707837,0.000000,1
322.194011,401.575696,0.000000,1
322.405182,401.429414,0.000000,1
322.606530,401.268924,0.000000,1
322.799511,401.096837,0.000000,1
322.985667,400.915902,0.000000,1
323.166540,400.728870,0.000000,1
323.343522,400.538308,0.000000,1
323.516182,400.344597,0.000000,1
323.682893,400.146684,0.000000,1
323.842003,399.943487,0.000000,1
323.991865,399.733925,0.000000,1
324.131059,399.517102,0.000000,1
324.259718,399.293371,0.000000,1
324.378619,399.063599,0.000000,1
324.488540,398.828655,0.000000,1
324.590258,398.589407,0.000000,1
324.684031,398.346616,0.000000,1
324.768009,398.100595,0.000000,1
324.839810,397.851545,0.000000,1
324.897051,397.599667,0.000000,1
324.937349,397.345163,0.000000,1
324.960100,397.088364,0.000000,1
324.970857,396.830044,0.000000,1
324.976504,396.571076,0.000000,1
324.983924,396.312333,0.000000,1
325.000000,396.054688,0.000000,1
325.008091,395.245049,0.000000,1
325.006887,394.435569,0.000000,1
324.975579,393.626566,0.000000,1
324.948384,392.817342,0.000000,1
324.942268,392.007644,0.000000,1
324.928390,391.198296,0.000000,1
324.887827,390.389781,0.000000,1
324.841552,389.581351,0.000000,1
324.812942,388.772213,0.000000,1
324.794449,387.962736,0.000000,1
324.764838,387.153804,0.000000,1
324.715307,386.345752,0.000000,1
324.660806,385.537869,0.000000,1
324.618216,384.729362,0.000000,1
324.588666,383.920219,0.000000,1
324.558026,383.111181,0.000000,1
324.512398,382.302976,0.000000,1
324.452594,381.495539,0.000000,1
324.391854,380.688133,0.000000,1
324.343308,379.880032,0.000000,1
324.307819,379.071186,0.000000,1
324.273597,378.262249,0.000000,1
324.228573,377.453891,0.000000,1
324.171875,376.646182,0.000000,1
324.116766,375.838434,0.000000,1
324.076866,375.029941,0.000000,1
324.051361,374.220706,0.000000,1
324.023886,373.411505,0.000000,1
323.979870,372.603038,0.000000,1
323.928339,371.794965,0.000000,1
323.890959,370.986392,0.000000,1
323.875853,370.176938,0.000000,1
323.860503,369.367394,0.000000,1
323.824544,368.558507,0.000000,1
323.785777,367.749816,0.000000,1
323.772140,366.940518,0.000000,1
323.773580,366.130781,0.000000,1
323.763974,365.321209,0.000000,1
323.750000,364.511719,0.000000,1
323.750000,347.851562,0.000000,1
352.910156,353.046875,0.000000,1
353.659278,353.174989,0.000000,1
354.407950,353.305882,0.000000,1
355.156471,353.437713,0.000000,1
355.905139,353.568640,0.000000,1
356.654249,353.696821,0.000000,1
357.404096,353.820442,0.000000,1
358.154781,353.938878,0.000000,1
358.906137,354.053161,0.000000,1
359.657978,354.164442,0.000000,1
360.410118,354.273873,0.000000,1
361.162371,354.382607,0.000000,1
361.914590,354.491535,0.000000,1
362.666836,354.600162,0.000000,1
363.419236,354.707535,0.000000,1
364.171920,354.812699,0.000000,1
364.925017,354.914701,0.000000,1
365.678644,355.012662,0.000000,1
366.432805,355.106556,0.000000,1
367.187427,355.196900,0.000000,1
367.942438,355.284217,0.000000,1
368.697764,355.369032,0.000000,1
369.453341,355.451789,0.000000,1
370.209180,355.532052,0.000000,1
370.965345,355.608834,0.000000,1
371.721898,355.681138,0.000000,1
372.478902,355.747967,0.000000,1
373.236396,355.808697,0.000000,1
373.994294,355.864570,0.000000,1
374.752473,355.917412,0.000000,1
375.510808,355.969046,0.000000,1
376.269177,356.021233,0.000000,1
377.027571,356.073404,0.000000,1
377.786114,356.122076,0.000000,1
378.544943,356.163585,0.000000,1
379.304191,356.194267,0.000000,1
380.063904,356.212804,0.000000,1
380.823890,356.224217,0.000000,1
381.583917,356.234588,0.000000,1
382.343750,356.250000,0.000000,1
382.355121,356.988617,0.000000,1
382.366078,357.727239,0.000000,1
382.377342,358.465857,0.000000,1
382.389605,359.204465,0.000000,1
382.402630,359.943066,0.000000,1
382.415035,360.681672,0.000000,1
382.425371,361.420297,0.000000,1
382.432276,362.158955,0.000000,1
382.435897,362.897643,0.000000,1
382.437642,363.636351,0.000000,1
382.438957,364.375065,0.000000,1
382.441277,365.113774,0.000000,1
382.445272,365.852470,0.000000,1
382.450361,366.591157,0.000000,1
382.455847,367.329841,0.000000,1
382.461034,368.068526,0.000000,1
382.465278,368.807216,0.000000,1
382.468611,369.545912,0.000000,1
382.471518,370.284610,0.000000,1
382.474491,371.023310,0.000000,1
382.478024,371.762008,0.000000,1
382.482576,372.500701,0.000000,1
382.488014,373.239391,0.000000,1
382.493721,373.978078,0.000000,1
382.499067,374.716765,0.000000,1
382.503419,375.455453,0.000000,1
382.506146,376.194145,0.000000,1
382.506870,376.932842,0.000000,1
382.506009,377.671544,0.000000,1
382.504134,378.410248,0.000000,1
382.501817,379.148954,0.000000,1
382.499628,379.887661,0.000000,1
382.498139,380.626367,0.000000,1
382.497674,381.365072,0.000000,1
382.497976,382.103777,0.000000,1
382.498702,382.842481,0.000000,1
382.499510,383.581185,0.000000,1
382.500056,384.319889,0.000000,1
382.500000,385.058594,0.000000,1
382.508762,385.326522,0.000000,1
382.514868,385.594606,0.000000,1
382.519139,385.862796,0.000000,1
382.522396,386.131045,0.000000,1
382.525459,386.399305,0.000000,1
382.529151,386.667529,0.000000,1
382.534290,386.935668,0.000000,1
382.541699,387.203676,0.000000,1
382.552198,387.471503,0.000000,1
382.566591,387.739104,0.000000,1
382.585174,388.006453,0.000000,1
382.607668,388.273548,0.000000,1
382.633767,388.540390,0.000000,1
382.663161,388.806979,0.000000,1
382.695544,389.073316,0.000000,1
382.730605,389.339399,0.000000,1
382.768039,389.605230,0.000000,1
382.807536,389.870809,0.000000,1
382.848788,390.136136,0.000000,1
382.891529,390.401207,0.000000,1
382.935800,390.665983,0.000000,1
382.981791,390.930409,0.000000,1
383.029688,391.194430,0.000000,1
383.079682,391.457992,0.000000,1
383.131959,391.721040,0.000000,1
383.186708,391.983519,0.000000,1
383.244118,392.245375,0.000000,1
383.304376,392.506553,0.000000,1
383.367672,392.766997,0.000000,1
383.434083,393.026682,0.000000,1
383.503174,393.285711,0.000000,1
383.574360,393.544229,0.000000,1
383.647052,393.802378,0.000000,1
383.720666,394.060303,0.000000,1
383.794615,394.318145,0.000000,1
383.868312,394.576049,0.000000,1
383.941172,394.834158,0.000000,1
384.012607,395.092614,0.000000,1
384.082031,395.351563,0.000000,1
384.159050,395.595329,0.000000,1
384.230622,395.841186,0.000000,1
384.299485,396.088082,0.000000,1
384.368380,396.334966,0.000000,1
384.440046,396.580787,0.000000,1
384.517222,396.824493,0.000000,1
384.602617,397.065045,0.000000,1
384.697136,397.302117,0.000000,1
384.798927,397.536470,0.000000,1
384.905903,397.768960,0.000000,1
385.015979,398.000441,0.000000,1
385.127070,398.231768,0.000000,1
385.237092,398.463793,0.000000,1
385.345148,398.696775,0.000000,1
385.453212,398.929531,0.000000,1
385.563692,399.160661,0.000000,1
385.678993,399.388766,0.000000,1
385.801521,399.612446,0.000000,1
385.933474,399.830429,0.000000,1
386.074678,400.042894,0.000000,1
386.223459,400.250938,0.000000,1
386.378114,400.455674,0.000000,1
386.536944,400.658215,0.000000,1
386.698629,400.859246,0.000000,1
386.864629,401.056335,0.000000,1
387.037629,401.245677,0.000000,1
387.220318,401.423460,0.000000,1
387.415317,401.585971,0.000000,1
387.622821,401.732934,0.000000,1
387.840047,401.868293,0.000000,1
388.064031,401.996249,0.000000,1
388.291887,402.120754,0.000000,1
388.522894,402.239105,0.000000,1
388.758669,402.341375,0.000000,1
389.000950,402.417276,0.000000,1
389.251152,402.458114,0.000000,1
389.507168,402.472576,0.000000,1
389.764729,402.480029,0.000000,1
390.019531,402.500000,0.000000,1
390.274507,402.481849,0.000000,1
390.530508,402.472061,0.000000,1
390.786554,402.462629,0.000000,1
391.041660,402.445543,0.000000,1
391.294848,402.412909,0.000000,1
391.545293,402.361134,0.000000,1
391.792367,402.292135,0.000000,1
392.035455,402.208191,0.000000,1
392.273944,402.111579,0.000000,1
392.507284,402.004458,0.000000,1
392.735465,401.888021,0.000000,1
392.958740,401.762993,0.000000,1
393.177364,401.630092,0.000000,1
393.391590,401.490038,0.000000,1
393.601521,401.343386,0.000000,1
393.806704,401.190090,0.000000,1
394.006553,401.029961,0.000000,1
394.200486,400.862811,0.000000,1
394.387919,400.688453,0.000000,1
394.568386,400.506846,0.000000,1
394.741749,400.318356,0.000000,1
394.907928,400.123421,0.000000,1
395.066842,399.922478,0.000000,1
395.218410,399.715965,0.000000,1
395.362403,399.504194,0.000000,1
395.498204,399.287150,0.000000,1
395.625129,399.064764,0.000000,1
395.742496,398.836966,0.000000,1
395.849624,398.603687,0.000000,1
395.945626,398.365075,0.000000,1
396.029132,398.121793,0.000000,1
396.098700,397.874578,0.000000,1
396.152890,397.624169,0.000000,1
396.190262,397.371305,0.000000,1
396.211244,397.116700,0.000000,1
396.221343,396.861004,0.000000,1
396.226925,396.604854,0.000000,1
396.234355,396.348890,0.000000,1
396.250000,396.093750,0.000000,1
396.242698,396.023347,0.000000,1
396.236512,395.952756,0.000000,1
396.231283,395.882004,0.000000,1
396.226852,395.811118,0.000000,1
396.223061,395.740125,0.000000,1
396.219751,395.669051,0.000000,1
396.216762,395.597924,0.000000,1
396.213937,395.526768,0.000000,1
396.211116,395.455612,0.000000,1
396.208141,395.384482,0.000000,1
396.204853,395.313405,0.000000,1
396.201092,395.242406,0.000000,1
396.196701,395.171514,0.000000,1
396.191520,395.100754,0.000000,1
396.185391,395.030154,0.000000,1
396.178155,394.959739,0.000000,1
396.169652,394.889537,0.000000,1
396.159725,394.819575,0.000000,1
396.148220,394.749877,0.000000,1
396.135122,394.680447,0.000000,1
396.120574,394.611260,0.000000,1
396.104725,394.542292,0.000000,1
396.087725,394.473517,0.000000,1
396.069723,394.404910,0.000000,1
396.050869,394.336446,0.000000,1
396.031313,394.268101,0.000000,1
396.011204,394.199848,0.000000,1
395.990693,394.131662,0.000000,1
395.969927,394.063520,0.000000,1
395.949058,393.995394,0.000000,1
395.928235,393.927262,0.000000,1
395.907607,393.859096,0.000000,1
395.887324,393.790872,0.000000,1
395.867536,393.722565,0.000000,1
395.848391,393.654150,0.000000,1
395.830041,393.585602,0.000000,1
395.812635,393.516895,0.000000,1
395.796321,393.448005,0.000000,1
395.781250,393.378906,0.000000,1
NaN,NaN,NaN,NaN
444.921875,343.867188,0.000000,1
461.875000,373.671875,0.000000,1
467.343750,348.457031,0.000000,1
466.766317,348.351625,0.000000,1
466.189064,348.245255,0.000000,1
465.611887,348.138471,0.000000,1
465.034686,348.031823,0.000000,1
464.457356,347.925864,0.000000,1
463.879795,347.821143,0.000000,1
463.301929,347.718059,0.000000,1
462.723869,347.616030,0.000000,1
462.145796,347.514085,0.000000,1
461.567894,347.411251,0.000000,1
460.990346,347.306556,0.000000,1
460.413335,347.199028,0.000000,1
459.836994,347.087955,0.000000,1
459.261232,346.973830,0.000000,1
458.685893,346.857494,0.000000,1
458.110819,346.739786,0.000000,1
457.535853,346.621547,0.000000,1
456.960840,346.503607,0.000000,1
456.385673,346.386505,0.000000,1
455.810298,346.270464,0.000000,1
455.234662,346.155687,0.000000,1
454.658716,346.042378,0.000000,1
454.082411,345.930723,0.000000,1
453.505895,345.820021,0.000000,1
452.929581,345.708375,0.000000,1
452.353899,345.593801,0.000000,1
451.779280,345.474313,0.000000,1
451.206091,345.348228,0.000000,1
450.634046,345.216823,0.000000,1
450.062490,345.083059,0.000000,1
449.490766,344.949918,0.000000,1
448.918238,344.820276,0.000000,1
448.344957,344.693998,0.000000,1
447.771741,344.567569,0.000000,1
447.199450,344.437291,0.000000,1
446.628878,344.299758,0.000000,1
446.059788,344.155945,0.000000,1
445.491141,344.010256,0.000000,1
444.921875,343.867188,0.000000,1
NaN,NaN,NaN,NaN
485.625000,297.500000,0.000000,1
485.096738,297.551502,0.000000,1
484.561713,297.579122,0.000000,1
484.040502,297.655527,0.000000,1
483.549320,297.835686,0.000000,1
483.086618,298.102414,0.000000,1
482.646318,298.420138,0.000000,1
482.222887,298.755762,0.000000,1
481.816186,299.100691,0.000000,1
481.429151,299.460319,0.000000,1
481.064758,299.840203,0.000000,1
480.724550,300.243814,0.000000,1
480.405054,300.667302,0.000000,1
480.101699,301.105212,0.000000,1
479.809910,301.552090,0.000000,1
479.525519,302.002916,0.000000,1
479.247942,302.456539,0.000000,1
478.978481,302.913843,0.000000,1
478.718453,303.375725,0.000000,1
478.469176,303.843087,0.000000,1
478.231776,304.316708,0.000000,1
478.005563,304.796225,0.000000,1
477.788834,305.280635,0.000000,1
477.579872,305.768932,0.000000,1
477.376964,306.260106,0.000000,1
477.178392,306.753150,0.000000,1
476.982762,307.247214,0.000000,1
476.790370,307.742309,0.000000,1
476.602078,308.238725,0.000000,1
476.418746,308.736754,0.000000,1
476.241238,309.236689,0.000000,1
476.070413,309.738823,0.000000,1
475.907126,310.243445,0.000000,1
475.751333,310.750544,0.000000,1
475.601192,311.259514,0.000000,1
475.454645,311.769672,0.000000,1
475.309636,312.280339,0.000000,1
475.164110,312.790836,0.000000,1
475.016011,313.300480,0.000000,1
474.863281,313.808594,0.000000,1
474.710679,314.342441,0.000000,1
474.556975,314.875973,0.000000,1
474.404698,315.409914,0.000000,1
474.256218,315.944935,0.000000,1
474.112379,316.481237,0.000000,1
473.973190,317.018765,0.000000,1
473.838654,317.557459,0.000000,1
473.708452,318.097199,0.000000,1
473.581391,318.637692,0.000000,1
473.456133,319.178621,0.000000,1
473.331338,319.719666,0.000000,1
473.206069,320.260601,0.000000,1
473.080867,320.801544,0.000000,1
472.956616,321.342694,0.000000,1
472.834196,321.884247,0.000000,1
472.714474,322.426397,0.000000,1
472.597753,322.969210,0.000000,1
472.483635,323.512590,0.000000,1
472.371676,324.056433,0.000000,1
472.261432,324.600633,0.000000,1
472.152460,325.145086,0.000000,1
472.044419,325.689713,0.000000,1
471.937151,326.234485,0.000000,1
471.830514,326.779376,0.000000,1
471.724367,327.324360,0.000000,1
471.618569,327.869413,0.000000,1
471.512989,328.414509,0.000000,1
471.407620,328.959649,0.000000,1
471.302540,329.504846,0.000000,1
471.197831,330.050114,0.000000,1
471.093573,330.595469,0.000000,1
470.989846,331.140925,0.000000,1
470.886726,331.686495,0.000000,1
470.784164,332.232171,0.000000,1
470.681984,332.777917,0.000000,1
470.580003,333.323702,0.000000,1
470.478040,333.869489,0.000000,1
470.375912,334.415246,0.000000,1
470.273437,334.960938,0.000000,1
469.836923,334.890929,0.000000,1
469.400062,334.822908,0.000000,1
468.962984,334.756129,0.000000,1
468.525820,334.689850,0.000000,1
468.088698,334.623325,0.000000,1
467.651749,334.555812,0.000000,1
467.215102,334.486565,0.000000,1
466.778885,334.414842,0.000000,1
466.343222,334.339948,0.000000,1
465.908124,334.261816,0.000000,1
465.473532,334.180810,0.000000,1
465.039382,334.097301,0.000000,1
464.605614,334.011663,0.000000,1
464.172164,333.924266,0.000000,1
463.738972,333.835482,0.000000,1
463.305975,333.745684,0.000000,1
462.873110,333.655243,0.000000,1
462.440318,333.564522,0.000000,1
462.007577,333.473660,0.000000,1
461.574903,333.382571,0.000000,1
461.142316,333.291158,0.000000,1
460.709835,333.199323,0.000000,1
460.277478,333.106971,0.000000,1
459.845264,333.014003,0.000000,1
459.413212,332.920324,0.000000,1
458.981342,332.825836,0.000000,1
458.549671,332.730443,0.000000,1
458.118219,332.634047,0.000000,1
457.686991,332.536622,0.000000,1
457.255953,332.438314,0.000000,1
456.825068,332.339301,0.000000,1
456.394298,332.239760,0.000000,1
455.963604,332.139865,0.000000,1
455.532949,332.039794,0.000000,1
455.102293,331.939723,0.000000,1
454.671599,331.839829,0.000000,1
454.240829,331.740288,0.000000,1
453.809944,331.641275,0.000000,1
453.378906,331.542969,0.000000,1
436.562500,327.792969,0.000000,1
436.291926,327.128567,0.000000,1
436.022946,326.463503,0.000000,1
435.752805,325.798921,0.000000,1
435.478795,325.135949,0.000000,1
435.199825,324.475043,0.000000,1
434.916850,323.815815,0.000000,1
434.630951,323.157821,0.000000,1
434.343159,322.500640,0.000000,1
434.053556,321.844266,0.000000,1
433.761390,321.189054,0.000000,1
433.465879,320.535373,0.000000,1
433.166252,319.883589,0.000000,1
432.862611,319.233656,0.000000,1
432.556612,318.584806,0.000000,1
432.250071,317.936196,0.000000,1
431.944803,317.286982,0.000000,1
431.642481,316.636389,0.000000,1
431.342795,315.984566,0.000000,1
431.043977,315.332348,0.000000,1
430.744225,314.680584,0.000000,1
430.441738,314.030126,0.000000,1
430.134794,313.381783,0.000000,1
429.823257,312.735618,0.000000,1
429.508424,312.091012,0.000000,1
429.191642,311.447326,0.000000,1
428.874259,310.803917,0.000000,1
428.557622,310.160145,0.000000,1
428.242669,309.515564,0.000000,1
427.928924,308.870408,0.000000,1
427.615609,308.225056,0.000000,1
427.301942,307.579885,0.000000,1
426.987145,306.935276,0.000000,1
426.670440,306.291605,0.000000,1
426.351440,305.649060,0.000000,1
426.030745,305.007346,0.000000,1
425.709109,304.366093,0.000000,1
425.387286,303.724932,0.000000,1
425.066030,303.083493,0.000000,1
424.746094,302.441406,0.000000,1
424.644176,302.290434,0.000000,1
424.546612,302.135882,0.000000,1
424.452221,301.978722,0.000000,1
424.359822,301.819925,0.000000,1
424.268232,301.660463,0.000000,1
424.176271,301.501306,0.000000,1
424.082755,301.343426,0.000000,1
423.986504,301.187795,0.000000,1
423.886337,301.035384,0.000000,1
423.781070,300.887165,0.000000,1
423.669574,300.744068,0.000000,1
423.551583,300.606343,0.000000,1
423.427565,300.473663,0.000000,1
423.298008,300.345681,0.000000,1
423.163401,300.222053,0.000000,1
423.024234,300.102433,0.000000,1
422.880996,299.986475,0.000000,1
422.734177,299.873836,0.000000,1
422.584264,299.764168,0.000000,1
422.431748,299.657127,0.000000,1
422.277088,299.552440,0.000000,1
422.120406,299.450656,0.000000,1
421.961608,299.352844,0.000000,1
421.800598,299.260082,0.000000,1
421.637281,299.173448,0.000000,1
421.471560,299.094021,0.000000,1
421.303339,299.022879,0.000000,1
421.132521,298.961098,0.000000,1
420.959011,298.909758,0.000000,1
420.782713,298.869930,0.000000,1
420.603731,298.841626,0.000000,1
420.422576,298.822699,0.000000,1
420.239806,298.810735,0.000000,1
420.055982,298.803319,0.000000,1
419.871662,298.798039,0.000000,1
419.687407,298.792481,0.000000,1
419.503776,298.784230,0.000000,1
419.321329,298.770875,0.000000,1
419.140625,298.750000,0.000000,1
418.871436,298.766635,0.000000,1
418.600374,298.771702,0.000000,1
418.329189,298.775998,0.000000,1
418.059625,298.790321,0.000000,1
417.793417,298.825364,0.000000,1
417.531499,298.885759,0.000000,1
417.273592,298.966962,0.000000,1
417.019317,299.063662,0.000000,1
416.768295,299.170547,0.000000,1
416.520196,299.282626,0.000000,1
416.275276,299.398819,0.000000,1
416.034185,299.520672,0.000000,1
415.797581,299.649781,0.000000,1
415.566124,299.787741,0.000000,1
415.340456,299.935905,0.000000,1
415.121140,300.094234,0.000000,1
414.908708,300.262190,0.000000,1
414.703694,300.439237,0.000000,1
414.506628,300.624838,0.000000,1
414.317885,300.818421,0.000000,1
414.137088,301.019257,0.000000,1
413.963645,301.226572,0.000000,1
413.796965,301.439590,0.000000,1
413.636455,301.657538,0.000000,1
413.481865,301.879843,0.000000,1
413.334410,302.106809,0.000000,1
413.195698,302.338972,0.000000,1
413.067336,302.576867,0.000000,1
412.950928,302.821032,0.000000,1
412.847919,303.071715,0.000000,1
412.759138,303.328107,0.000000,1
412.685274,303.589148,0.000000,1
412.627016,303.853782,0.000000,1
412.585052,304.120951,0.000000,1
412.558834,304.389691,0.000000,1
412.543303,304.659382,0.000000,1
412.532376,304.929484,0.000000,1
412.519970,305.199454,0.000000,1
412.500000,305.468750,0.000000,1
412.553682,306.137868,0.000000,1
412.716440,306.790704,0.000000,1
412.893401,307.438586,0.000000,1
413.060611,308.089634,0.000000,1
413.280223,308.723889,0.000000,1
413.518760,309.352530,0.000000,1
413.726965,309.991580,0.000000,1
413.946306,310.626212,0.000000,1
414.199381,311.248632,0.000000,1
414.455769,311.870079,0.000000,1
414.696343,312.497506,0.000000,1
414.934774,313.125624,0.000000,1
415.185243,313.749000,0.000000,1
415.444274,314.369042,0.000000,1
415.702905,314.989283,0.000000,1
415.957723,315.611035,0.000000,1
416.213156,316.232476,0.000000,1
416.473975,316.851650,0.000000,1
416.740941,317.468248,0.000000,1
417.011604,318.083281,0.000000,1
417.283464,318.697782,0.000000,1
417.554758,319.312500,0.000000,1
417.824363,319.927943,0.000000,1
418.091191,320.544603,0.000000,1
418.355560,321.162346,0.000000,1
418.620143,321.779991,0.000000,1
418.887839,322.396257,0.000000,1
419.161120,323.010049,0.000000,1
419.439408,323.621620,0.000000,1
419.720781,324.231817,0.000000,1
420.003314,324.841487,0.000000,1
420.285479,325.451304,0.000000,1
420.567019,326.061391,0.000000,1
420.847926,326.671759,0.000000,1
421.128193,327.282421,0.000000,1
421.407879,327.893356,0.000000,1
421.687236,328.504448,0.000000,1
421.966546,329.115561,0.000000,1
422.246094,329.726563,0.000000,1
422.193522,329.820592,0.000000,1
422.139192,329.913722,0.000000,1
422.083648,330.006233,0.000000,1
422.027439,330.098404,0.000000,1
421.971111,330.190514,0.000000,1
421.915210,330.282843,0.000000,1
421.860284,330.375669,0.000000,1
421.806878,330.469272,0.000000,1
421.755541,330.563932,0.000000,1
421.706803,330.659918,0.000000,1
421.660860,330.757307,0.000000,1
421.617585,330.855991,0.000000,1
421.576836,330.955851,0.000000,1
421.538471,331.056769,0.000000,1
421.502350,331.158628,0.000000,1
421.468331,331.261310,0.000000,1
421.436273,331.364697,0.000000,1
421.406033,331.468673,0.000000,1
421.377472,331.573118,0.000000,1
421.350470,331.677928,0.000000,1
421.325043,331.783064,0.000000,1
421.301254,331.888510,0.000000,1
421.279166,331.994252,0.000000,1
421.258841,332.100275,0.000000,1
421.240342,332.206565,0.000000,1
421.223732,332.313106,0.000000,1
421.209074,332.419884,0.000000,1
421.196431,332.526883,0.000000,1
421.185864,332.634090,0.000000,1
421.177353,332.741486,0.000000,1
421.170578,332.849038,0.000000,1
421.165156,332.956712,0.000000,1
421.160703,333.064473,0.000000,1
421.156834,333.172288,0.000000,1
421.153165,333.280120,0.000000,1
421.149313,333.387936,0.000000,1
421.144893,333.495701,0.000000,1
421.139521,333.603379,0.000000,1
421.132812,333.710938,0.000000,1
421.146293,333.974417,0.000000,1
421.152929,334.238261,0.000000,1
421.158700,334.502151,0.000000,1
421.169587,334.765769,0.000000,1
421.191562,335.028794,0.000000,1
421.228788,335.290658,0.000000,1
421.281416,335.550241,0.000000,1
421.349058,335.806349,0.000000,1
421.431323,336.057788,0.000000,1
421.527770,336.303423,0.000000,1
421.636979,336.543273,0.000000,1
421.756642,336.778390,0.000000,1
421.884421,337.009868,0.000000,1
422.017978,337.238796,0.000000,1
422.155960,337.465502,0.000000,1
422.300214,337.687821,0.000000,1
422.453240,337.903083,0.000000,1
422.617536,338.108619,0.000000,1
422.795411,338.301931,0.000000,1
422.986306,338.483171,0.000000,1
423.187419,338.654552,0.000000,1
423.395889,338.818345,0.000000,1
423.608857,338.976818,0.000000,1
423.824024,339.131674,0.000000,1
424.041587,339.282102,0.000000,1
424.262425,339.426600,0.000000,1
424.487422,339.563665,0.000000,1
424.717461,339.691795,0.000000,1
424.953093,339.809920,0.000000,1
425.193742,339.918456,0.000000,1
425.438590,340.018134,0.000000,1
425.686820,340.109688,0.000000,1
425.937615,340.193851,0.000000,1
426.190173,340.271426,0.000000,1
426.443898,340.343988,0.000000,1
426.698312,340.413578,0.000000,1
426.952939,340.482244,0.000000,1
427.207306,340.552035,0.000000,1
427.460937,340.625000,0.000000,1
427.907303,341.465333,0.000000,1
428.352462,342.306311,0.000000,1
428.797753,343.147219,0.000000,1
429.244512,343.987341,0.000000,1
429.693985,344.826013,0.000000,1
430.146474,345.663066,0.000000,1
430.601734,346.498624,0.000000,1
431.059512,347.332812,0.000000,1
431.519557,348.165756,0.000000,1
431.981765,348.997500,0.000000,1
432.446296,349.827944,0.000000,1
432.913335,350.656972,0.000000,1
433.383068,351.484468,0.000000,1
433.855622,352.310352,0.000000,1
434.330476,353.134919,0.000000,1
434.806704,353.958700,0.000000,1
435.283374,354.782229,0.000000,1
435.759553,355.606041,0.000000,1
436.234519,356.430550,0.000000,1
436.708698,357.255510,0.000000,1
437.182909,358.080451,0.000000,1
437.657971,358.904901,0.000000,1
438.134704,359.728389,0.000000,1
438.613825,360.550498,0.000000,1
439.095554,361.371088,0.000000,1
439.579958,362.190104,0.000000,1
440.067103,363.007488,0.000000,1
440.557057,363.823184,0.000000,1
441.049823,364.637175,0.000000,1
441.544920,365.449750,0.000000,1
442.041638,366.261339,0.000000,1
442.539265,367.072376,0.000000,1
443.037090,367.883292,0.000000,1
443.534415,368.694512,0.000000,1
444.030999,369.506183,0.000000,1
444.527113,370.318140,0.000000,1
445.023055,371.130201,0.000000,1
445.519126,371.942184,0.000000,1
446.015625,372.753906,0.000000,1
446.450661,373.442441,0.000000,1
446.883416,374.132440,0.000000,1
447.316410,374.822286,0.000000,1
447.752166,375.510358,0.000000,1
448.192861,376.195257,0.000000,1
448.637531,376.877608,0.000000,1
449.083516,377.559125,0.000000,1
449.528140,378.241533,0.000000,1
449.968986,378.926390,0.000000,1
450.406973,379.613092,0.000000,1
450.845341,380.299529,0.000000,1
451.287380,380.983560,0.000000,1
451.735962,381.663312,0.000000,1
452.190939,382.338853,0.000000,1
452.650825,383.011113,0.000000,1
453.114125,383.681025,0.000000,1
453.579390,384.349530,0.000000,1
454.045251,385.017591,0.000000,1
454.510354,385.686171,0.000000,1
454.973888,386.355853,0.000000,1
455.437812,387.025273,0.000000,1
455.904955,387.692458,0.000000,1
456.377964,388.355540,0.000000,1
456.858363,389.013288,0.000000,1
457.347259,389.664708,0.000000,1
457.844725,390.309609,0.000000,1
458.347462,390.950418,0.000000,1
458.851640,391.589987,0.000000,1
459.356550,392.228974,0.000000,1
459.864391,392.865981,0.000000,1
460.380754,393.496194,0.000000,1
460.917636,394.108271,0.000000,1
461.475972,394.701136,0.000000,1
462.032817,395.295990,0.000000,1
462.599730,395.880658,0.000000,1
463.219613,396.410156,0.000000,1
463.874270,396.889659,0.000000,1
464.559678,397.344496,0.000000,1
465.351562,397.500000,0.000000,1
465.632785,397.482228,0.000000,1
465.915280,397.474426,0.000000,1
466.197715,397.466152,0.000000,1
466.478756,397.446960,0.000000,1
466.757108,397.406977,0.000000,1
467.031942,397.344093,0.000000,1
467.302772,397.261806,0.000000,1
467.569118,397.163737,0.000000,1
467.830501,397.053495,0.000000,1
468.086522,396.933356,0.000000,1
468.336921,396.803271,0.000000,1
468.581451,396.662951,0.000000,1
468.819867,396.512109,0.000000,1
469.051739,396.350503,0.000000,1
469.275924,396.178059,0.000000,1
469.491109,395.994745,0.000000,1
469.695977,395.800531,0.000000,1
469.889318,395.595446,0.000000,1
470.071644,395.380571,0.000000,1
470.244896,395.157852,0.000000,1
470.411055,394.929262,0.000000,1
470.572103,394.696774,0.000000,1
470.729694,394.462084,0.000000,1
470.883508,394.225241,0.000000,1
471.032496,393.985682,0.000000,1
471.175606,393.742841,0.000000,1
471.311787,393.496155,0.000000,1
471.440073,393.245127,0.000000,1
471.560291,392.989882,0.000000,1
471.672699,392.730891,0.000000,1
471.777562,392.468622,0.000000,1
471.875142,392.203548,0.000000,1
471.965701,391.936140,0.000000,1
472.049841,391.666885,0.000000,1
472.129333,391.396337,0.000000,1
472.206208,391.125059,0.000000,1
472.282492,390.853617,0.000000,1
472.360216,390.582576,0.000000,1
472.441406,390.312500,0.000000,1
476.679687,368.203125,0.000000,1
486.718750,322.441406,0.000000,1
490.546875,311.699219,0.000000,1
490.609627,311.514076,0.000000,1
490.674088,311.329419,0.000000,1
490.739901,311.145145,0.000000,1
490.806705,310.961153,0.000000,1
490.874143,310.777341,0.000000,1
490.941855,310.593607,0.000000,1
491.009482,310.409848,0.000000,1
491.076665,310.225964,0.000000,1
491.143046,310.041852,0.000000,1
491.208265,309.857410,0.000000,1
491.271964,309.672536,0.000000,1
491.333783,309.487128,0.000000,1
491.393366,309.301086,0.000000,1
491.450602,309.114370,0.000000,1
491.505863,308.927068,0.000000,1
491.559578,308.739282,0.000000,1
491.612174,308.551113,0.000000,1
491.664081,308.362662,0.000000,1
491.715726,308.174032,0.000000,1
491.767538,307.985323,0.000000,1
491.819946,307.796637,0.000000,1
491.873378,307.608075,0.000000,1
491.928261,307.419740,0.000000,1
491.985021,307.231731,0.000000,1
492.043531,307.044046,0.000000,1
492.102577,306.856475,0.000000,1
492.160815,306.668786,0.000000,1
492.216904,306.480745,0.000000,1
492.269499,306.292119,0.000000,1
492.317259,306.102676,0.000000,1
492.358841,305.912181,0.000000,1
492.392902,305.720403,0.000000,1
492.418372,305.527154,0.000000,1
492.436479,305.332644,0.000000,1
492.449601,305.137281,0.000000,1
492.460128,304.941473,0.000000,1
492.470444,304.745629,0.000000,1
492.482939,304.550158,0.000000,1
492.500000,304.355469,0.000000,1
492.480389,304.078754,0.000000,1
492.470618,303.800665,0.000000,1
492.462608,303.522331,0.000000,1
492.448278,303.244879,0.000000,1
492.419548,302.969437,0.000000,1
492.370296,302.696975,0.000000,1
492.301697,302.427872,0.000000,1
492.216621,302.162372,0.000000,1
492.117941,301.900716,0.000000,1
492.008526,301.643146,0.000000,1
491.890470,301.390019,0.000000,1
491.763543,301.142025,0.000000,1
491.627083,300.899916,0.000000,1
491.480430,300.664446,0.000000,1
491.322927,300.436365,0.000000,1
491.154435,300.216083,0.000000,1
490.976036,300.003210,0.000000,1
490.788983,299.797243,0.000000,1
490.594528,299.597677,0.000000,1
490.393923,299.404013,0.000000,1
490.187942,299.216218,0.000000,1
489.976407,299.035198,0.000000,1
489.759026,298.861972,0.000000,1
489.535508,298.697558,0.000000,1
489.305564,298.542966,0.000000,1
489.069218,298.398520,0.000000,1
488.827036,298.263339,0.000000,1
488.579639,298.136422,0.000000,1
488.327650,298.016770,0.000000,1
488.071679,297.903475,0.000000,1
487.812031,297.798089,0.000000,1
487.548687,297.704770,0.000000,1
487.281615,297.627804,0.000000,1
487.010782,297.571476,0.000000,1
486.736243,297.539205,0.000000,1
486.458944,297.525889,0.000000,1
486.180333,297.521582,0.000000,1
485.901867,297.516285,0.000000,1
485.625000,297.500000,0.000000,1
NaN,NaN,NaN,NaN
525.000000,387.500000,0.000000,1
534.707031,386.699219,0.000000,1
535.264472,386.626073,0.000000,1
535.823300,386.561332,0.000000,1
536.382224,386.497172,0.000000,1
536.939952,386.425772,0.000000,1
537.495204,386.339377,0.000000,1
538.047328,386.234407,0.000000,1
538.596646,386.113753,0.000000,1
539.143567,385.980860,0.000000,1
539.688498,385.839176,0.000000,1
540.231812,385.691937,0.000000,1
540.773454,385.539758,0.000000,1
541.313074,385.381471,0.000000,1
541.850317,385.215869,0.000000,1
542.384830,385.041749,0.000000,1
542.916291,384.858116,0.000000,1
543.444537,384.665007,0.000000,1
543.969457,384.462776,0.000000,1
544.490938,384.251777,0.000000,1
545.008869,384.032365,0.000000,1
545.523252,383.805020,0.000000,1
546.034387,383.570545,0.000000,1
546.542620,383.329799,0.000000,1
547.048297,383.083637,0.000000,1
547.551764,382.832910,0.000000,1
548.053072,382.577898,0.000000,1
548.551749,382.317854,0.000000,1
549.047267,382.051924,0.000000,1
549.539101,381.779254,0.000000,1
550.026724,381.498992,0.000000,1
550.509674,381.210548,0.000000,1
550.987602,380.913780,0.000000,1
551.460168,380.608589,0.000000,1
551.927032,380.294879,0.000000,1
552.387860,379.972554,0.000000,1
552.843008,379.642375,0.000000,1
553.294444,379.307085,0.000000,1
553.744364,378.969708,0.000000,1
554.194964,378.633265,0.000000,1
554.648437,378.300781,0.000000,1
555.062038,377.963604,0.000000,1
555.479165,377.630766,0.000000,1
555.897582,377.299516,0.000000,1
556.315053,376.967101,0.000000,1
556.729342,376.630770,0.000000,1
557.138217,376.287778,0.000000,1
557.540053,375.936285,0.000000,1
557.934452,375.576283,0.000000,1
558.321161,375.207984,0.000000,1
558.699928,374.831600,0.000000,1
559.070502,374.447342,0.000000,1
559.432689,374.055449,0.000000,1
559.786858,373.656419,0.000000,1
560.133699,373.250898,0.000000,1
560.473902,372.839535,0.000000,1
560.808161,372.422975,0.000000,1
561.137075,372.001812,0.000000,1
561.459556,371.575626,0.000000,1
561.773047,371.143115,0.000000,1
562.074943,370.702948,0.000000,1
562.362635,370.253795,0.000000,1
562.633770,369.794488,0.000000,1
562.888687,369.325615,0.000000,1
563.129359,368.848829,0.000000,1
563.357784,368.365797,0.000000,1
563.575958,367.878187,0.000000,1
563.785179,367.387169,0.000000,1
563.984552,366.892356,0.000000,1
564.172756,366.393058,0.000000,1
564.348465,365.888580,0.000000,1
564.510171,365.378294,0.000000,1
564.654126,364.862302,0.000000,1
564.775095,364.341199,0.000000,1
564.867815,363.815587,0.000000,1
564.927124,363.286072,0.000000,1
564.955156,362.753561,0.000000,1
564.966285,362.219463,0.000000,1
564.976052,361.685238,0.000000,1
565.000000,361.152344,0.000000,1
564.975249,360.967194,0.000000,1
564.957984,360.780031,0.000000,1
564.945131,360.591682,0.000000,1
564.933615,360.402973,0.000000,1
564.920361,360.214732,0.000000,1
564.902294,360.027785,0.000000,1
564.876339,359.842959,0.000000,1
564.839425,359.661079,0.000000,1
564.789724,359.482649,0.000000,1
564.728424,359.307390,0.000000,1
564.657162,359.134904,0.000000,1
564.577572,358.964797,0.000000,1
564.491291,358.796672,0.000000,1
564.399955,358.630133,0.000000,1
564.305199,358.464784,0.000000,1
564.208660,358.300229,0.000000,1
564.111967,358.136075,0.000000,1
564.016095,357.972131,0.000000,1
563.920676,357.808632,0.000000,1
563.825180,357.645861,0.000000,1
563.729077,357.484100,0.000000,1
563.631839,357.323633,0.000000,1
563.532935,357.164743,0.000000,1
563.431835,357.007714,0.000000,1
563.328010,356.852828,0.000000,1
563.220931,356.700370,0.000000,1
563.110067,356.550622,0.000000,1
562.994975,356.403815,0.000000,1
562.875957,356.259713,0.000000,1
562.753698,356.117846,0.000000,1
562.628886,355.977738,0.000000,1
562.502210,355.838915,0.000000,1
562.374357,355.700903,0.000000,1
562.246017,355.563226,0.000000,1
562.117878,355.425412,0.000000,1
561.990627,355.286984,0.000000,1
561.864954,355.147470,0.000000,1
561.741547,355.006393,0.000000,1
561.621094,354.863281,0.000000,1
561.467338,354.706131,0.000000,1
561.315399,354.547060,0.000000,1
561.164751,354.386623,0.000000,1
561.014869,354.225377,0.000000,1
560.865226,354.063878,0.000000,1
560.715298,353.902680,0.000000,1
560.564558,353.742341,0.000000,1
560.412480,353.583417,0.000000,1
560.258540,353.426462,0.000000,1
560.102210,353.272034,0.000000,1
559.943107,353.120539,0.000000,1
559.781396,352.971800,0.000000,1
559.617383,352.825491,0.000000,1
559.451372,352.681290,0.000000,1
559.283668,352.538873,0.000000,1
559.114576,352.397914,0.000000,1
558.944400,352.258091,0.000000,1
558.773444,352.119080,0.000000,1
558.602014,351.980556,0.000000,1
558.430414,351.842196,0.000000,1
558.258802,351.703857,0.000000,1
558.086971,351.565856,0.000000,1
557.914654,351.428579,0.000000,1
557.741588,351.292412,0.000000,1
557.567506,351.157743,0.000000,1
557.392143,351.024958,0.000000,1
557.215234,350.894443,0.000000,1
557.036513,350.766586,0.000000,1
556.855716,350.641774,0.000000,1
556.672595,350.520366,0.000000,1
556.487263,350.402195,0.000000,1
556.300174,350.286598,0.000000,1
556.111794,350.172893,0.000000,1
555.922588,350.060397,0.000000,1
555.733021,349.948429,0.000000,1
555.543560,349.836306,0.000000,1
555.354671,349.723346,0.000000,1
555.166818,349.608867,0.000000,1
554.980469,349.492188,0.000000,1
554.408964,349.199703,0.000000,1
553.842198,348.896786,0.000000,1
553.273322,348.598513,0.000000,1
552.695498,348.319943,0.000000,1
552.104565,348.070452,0.000000,1
551.502918,347.845510,0.000000,1
550.893934,347.638505,0.000000,1
550.280989,347.442824,0.000000,1
549.666514,347.253845,0.000000,1
549.050423,347.072246,0.000000,1
548.432211,346.899579,0.000000,1
547.811377,346.737399,0.000000,1
547.187510,346.586961,0.000000,1
546.560875,346.447396,0.000000,1
545.932029,346.316905,0.000000,1
545.301531,346.193687,0.000000,1
544.669938,346.075942,0.000000,1
544.037638,345.962580,0.000000,1
543.404579,345.854317,0.000000,1
542.770643,345.752153,0.000000,1
542.135709,345.657086,0.000000,1
541.499660,345.570116,0.000000,1
540.862447,345.491796,0.000000,1
540.224210,345.421504,0.000000,1
539.585123,345.358425,0.000000,1
538.945356,345.301744,0.000000,1
538.305081,345.250644,0.000000,1
537.664459,345.204393,0.000000,1
537.023561,345.162946,0.000000,1
536.382411,345.126607,0.000000,1
535.741031,345.095682,0.000000,1
535.099447,345.070476,0.000000,1
534.457681,345.051295,0.000000,1
533.815762,345.038069,0.000000,1
533.173733,345.029255,0.000000,1
532.531642,345.022947,0.000000,1
531.889536,345.017238,0.000000,1
531.247462,345.010224,0.000000,1
530.605469,345.000000,0.000000,1
530.461696,345.002185,0.000000,1
530.317928,345.004479,0.000000,1
530.174162,345.006847,0.000000,1
530.030399,345.009252,0.000000,1
529.886635,345.011658,0.000000,1
529.742870,345.014029,0.000000,1
529.599102,345.016329,0.000000,1
529.455329,345.018521,0.000000,1
529.311551,345.020570,0.000000,1
529.167765,345.022445,0.000000,1
529.023973,345.024204,0.000000,1
528.880180,345.025955,0.000000,1
528.736389,345.027808,0.000000,1
528.592604,345.029874,0.000000,1
528.448829,345.032262,0.000000,1
528.305068,345.035082,0.000000,1
528.161323,345.038446,0.000000,1
528.017600,345.042462,0.000000,1
527.873902,345.047241,0.000000,1
527.730233,345.052891,0.000000,1
527.586593,345.059397,0.000000,1
527.442974,345.066558,0.000000,1
527.299371,345.074157,0.000000,1
527.155776,345.081977,0.000000,1
527.012183,345.089802,0.000000,1
526.868584,345.097415,0.000000,1
526.724973,345.104600,0.000000,1
526.581343,345.111140,0.000000,1
526.437687,345.116819,0.000000,1
526.293998,345.121420,0.000000,1
526.150273,345.124830,0.000000,1
526.006517,345.127240,0.000000,1
525.862738,345.128894,0.000000,1
525.718944,345.130039,0.000000,1
525.575141,345.130921,0.000000,1
525.431338,345.131784,0.000000,1
525.287542,345.132874,0.000000,1
525.143760,345.134437,0.000000,1
525.000000,345.136719,0.000000,1
525.781250,358.300781,0.000000,1
525.800419,358.638546,0.000000,1
525.820922,358.976251,0.000000,1
525.842414,359.313912,0.000000,1
525.864552,359.651545,0.000000,1
525.886990,359.989164,0.000000,1
525.909386,360.326784,0.000000,1
525.931395,360.664423,0.000000,1
525.952673,361.002093,0.000000,1
525.972876,361.339812,0.000000,1
525.991660,361.677594,0.000000,1
526.008682,362.015454,0.000000,1
526.023754,362.353401,0.000000,1
526.037144,362.691425,0.000000,1
526.049196,363.029513,0.000000,1
526.060256,363.367650,0.000000,1
526.070671,363.705824,0.000000,1
526.080787,364.044020,0.000000,1
526.090950,364.382225,0.000000,1
526.101505,364.720425,0.000000,1
526.112798,365.058607,0.000000,1
526.125176,365.396757,0.000000,1
526.138888,365.734864,0.000000,1
526.153636,366.072935,0.000000,1
526.168927,366.410982,0.000000,1
526.184271,366.749018,0.000000,1
526.199175,367.087054,0.000000,1
526.213147,367.425103,0.000000,1
526.225696,367.763177,0.000000,1
526.236329,368.101288,0.000000,1
526.244556,368.439449,0.000000,1
526.249929,368.777672,0.000000,1
526.252627,369.115951,0.000000,1
526.253278,369.454275,0.000000,1
526.252522,369.792630,0.000000,1
526.250997,370.131001,0.000000,1
526.249343,370.469375,0.000000,1
526.248200,370.807738,0.000000,1
526.248206,371.146076,0.000000,1
526.250000,371.484375,0.000000,1
526.245623,371.690190,0.000000,1
526.241152,371.895987,0.000000,1
526.236622,372.101772,0.000000,1
526.232067,372.307552,0.000000,1
526.227523,372.513335,0.000000,1
526.223022,372.719126,0.000000,1
526.218601,372.924932,0.000000,1
526.214294,373.130760,0.000000,1
526.210127,373.336617,0.000000,1
526.205980,373.542494,0.000000,1
526.201605,373.748374,0.000000,1
526.196749,373.954236,0.000000,1
526.191160,374.160062,0.000000,1
526.184585,374.365831,0.000000,1
526.176773,374.571526,0.000000,1
526.167469,374.777127,0.000000,1
526.156422,374.982614,0.000000,1
526.143384,375.187969,0.000000,1
526.128315,375.393188,0.000000,1
526.111479,375.598288,0.000000,1
526.093159,375.803290,0.000000,1
526.073643,376.008212,0.000000,1
526.053216,376.213074,0.000000,1
526.032162,376.417895,0.000000,1
526.010768,376.622696,0.000000,1
525.989320,376.827496,0.000000,1
525.968103,377.032314,0.000000,1
525.947402,377.237169,0.000000,1
525.927423,377.442076,0.000000,1
525.908097,377.647030,0.000000,1
525.889294,377.852021,0.000000,1
525.870884,378.057041,0.000000,1
525.852739,378.262079,0.000000,1
525.834730,378.467127,0.000000,1
525.816726,378.672175,0.000000,1
525.798600,378.877214,0.000000,1
525.780221,379.082236,0.000000,1
525.761460,379.287230,0.000000,1
525.742187,379.492188,0.000000,1
525.000000,387.500000,0.000000,1
NaN,NaN,NaN,NaN
577.148438,298.750000,0.000000,1
577.015996,298.762934,0.000000,1
576.882889,298.772081,0.000000,1
576.749336,298.778687,0.000000,1
576.615555,298.783998,0.000000,1
576.481765,298.789260,0.000000,1
576.348186,298.795719,0.000000,1
576.215036,298.804620,0.000000,1
576.082534,298.817209,0.000000,1
575.950899,298.834732,0.000000,1
575.820322,298.858230,0.000000,1
575.690832,298.887592,0.000000,1
575.562406,298.922309,0.000000,1
575.435017,298.961869,0.000000,1
575.308640,299.005763,0.000000,1
575.183250,299.053480,0.000000,1
575.058821,299.104508,0.000000,1
574.935329,299.158338,0.000000,1
574.812748,299.214459,0.000000,1
574.691057,299.272372,0.000000,1
574.570327,299.331899,0.000000,1
574.450738,299.393224,0.000000,1
574.332473,299.456548,0.000000,1
574.215717,299.522070,0.000000,1
574.100653,299.589991,0.000000,1
573.987466,299.660513,0.000000,1
573.876339,299.733837,0.000000,1
573.767456,299.810163,0.000000,1
573.661001,299.889691,0.000000,1
573.557147,299.972611,0.000000,1
573.455771,300.058740,0.000000,1
573.356419,300.147492,0.000000,1
573.258622,300.238258,0.000000,1
573.161911,300.330429,0.000000,1
573.065814,300.423398,0.000000,1
572.969864,300.516556,0.000000,1
572.873589,300.609294,0.000000,1
572.776521,300.701004,0.000000,1
572.678190,300.791078,0.000000,1
572.578125,300.878906,0.000000,1
571.540887,301.893863,0.000000,1
570.513201,302.918892,0.000000,1
569.487694,303.946220,0.000000,1
568.456994,304.968072,0.000000,1
567.413730,305.976673,0.000000,1
566.351504,306.965230,0.000000,1
565.270152,307.933239,0.000000,1
564.171967,308.882669,0.000000,1
563.059245,309.815498,0.000000,1
561.934282,310.733702,0.000000,1
560.799181,311.639062,0.000000,1
559.654447,312.531783,0.000000,1
558.499811,313.411303,0.000000,1
557.335000,314.277055,0.000000,1
556.159739,315.128472,0.000000,1
554.973797,315.965026,0.000000,1
553.777227,316.786467,0.000000,1
552.570212,317.592668,0.000000,1
551.352933,318.383502,0.000000,1
550.125573,319.158840,0.000000,1
548.888254,319.918401,0.000000,1
547.640812,320.661163,0.000000,1
546.382997,321.385887,0.000000,1
545.114560,322.091331,0.000000,1
543.835255,322.776258,0.000000,1
542.545183,323.440304,0.000000,1
541.245362,324.085376,0.000000,1
539.936952,324.713745,0.000000,1
538.621117,325.327680,0.000000,1
537.298982,325.929349,0.000000,1
535.970327,326.517021,0.000000,1
534.633210,327.083976,0.000000,1
533.285575,327.623171,0.000000,1
531.925367,328.127558,0.000000,1
530.550967,328.591422,0.000000,1
529.165403,329.023088,0.000000,1
527.774486,329.439317,0.000000,1
526.384068,329.856986,0.000000,1
525.000000,330.292969,0.000000,1
525.000000,304.316406,0.000000,1
524.984241,304.038224,0.000000,1
524.978238,303.758871,0.000000,1
524.973887,303.479319,0.000000,1
524.963083,303.200542,0.000000,1
524.937721,302.923512,0.000000,1
524.891814,302.649093,0.000000,1
524.826523,302.377775,0.000000,1
524.744519,302.109968,0.000000,1
524.648474,301.846083,0.000000,1
524.541054,301.586532,0.000000,1
524.424145,301.331764,0.000000,1
524.297736,301.082323,0.000000,1
524.161536,300.838766,0.000000,1
524.015254,300.601649,0.000000,1
523.858609,300.371520,0.000000,1
523.691860,300.148493,0.000000,1
523.516038,299.932056,0.000000,1
523.332237,299.721648,0.000000,1
523.141550,299.516706,0.000000,1
522.945016,299.316746,0.000000,1
522.742667,299.122668,0.000000,1
522.533668,298.936573,0.000000,1
522.317155,298.760600,0.000000,1
522.092262,298.596892,0.000000,1
521.858273,298.447308,0.000000,1
521.615888,298.311053,0.000000,1
521.366588,298.185861,0.000000,1
521.111861,298.069452,0.000000,1
520.853196,297.959547,0.000000,1
520.591866,297.854671,0.000000,1
520.327979,297.757655,0.000000,1
520.061261,297.672756,0.000000,1
519.791436,297.604234,0.000000,1
519.518228,297.556349,0.000000,1
519.241624,297.531185,0.000000,1
518.962675,297.521979,0.000000,1
518.682705,297.519721,0.000000,1
518.403039,297.515398,0.000000,1
518.125000,297.500000,0.000000,1
517.847060,297.515342,0.000000,1
517.567704,297.520040,0.000000,1
517.288084,297.522750,0.000000,1
517.009350,297.532125,0.000000,1
516.732653,297.556819,0.000000,1
516.458965,297.603420,0.000000,1
516.188545,297.670332,0.000000,1
515.921476,297.753939,0.000000,1
515.657841,297.850625,0.000000,1
515.397724,297.956775,0.000000,1
515.141312,298.069742,0.000000,1
514.889114,298.189881,0.000000,1
514.641700,298.318125,0.000000,1
514.399640,298.455405,0.000000,1
514.163504,298.602650,0.000000,1
513.933771,298.760309,0.000000,1
513.710756,298.927957,0.000000,1
513.494756,299.105072,0.000000,1
513.286067,299.291133,0.000000,1
513.084996,299.485622,0.000000,1
512.892095,299.688186,0.000000,1
512.708215,299.898663,0.000000,1
512.534221,300.116905,0.000000,1
512.370979,300.342760,0.000000,1
512.219277,300.576053,0.000000,1
512.078801,300.816256,0.000000,1
511.948438,301.062580,0.000000,1
511.827054,301.314234,0.000000,1
511.713517,301.570425,0.000000,1
511.607123,301.830425,0.000000,1
511.510137,302.093953,0.000000,1
511.426079,302.360918,0.000000,1
511.358469,302.631231,0.000000,1
511.310832,302.904801,0.000000,1
511.284958,303.181385,0.000000,1
511.274571,303.460037,0.000000,1
511.271037,303.739605,0.000000,1
511.265724,304.018935,0.000000,1
511.250000,304.296875,0.000000,1
511.258074,305.095508,0.000000,1
511.256884,305.893981,0.000000,1
511.225639,306.691971,0.000000,1
511.198390,307.490182,0.000000,1
511.192207,308.288873,0.000000,1
511.178558,309.087221,0.000000,1
511.138394,309.884731,0.000000,1
511.092279,310.682147,0.000000,1
511.063436,311.480268,0.000000,1
511.044578,312.278726,0.000000,1
511.014640,313.076630,0.000000,1
510.964902,313.873643,0.000000,1
510.910334,314.670491,0.000000,1
510.867796,315.467977,0.000000,1
510.838181,316.266106,0.000000,1
510.807295,317.064118,0.000000,1
510.761294,317.861277,0.000000,1
510.701334,318.657670,0.000000,1
510.640665,319.454042,0.000000,1
510.592306,320.251127,0.000000,1
510.556712,321.048951,0.000000,1
510.522171,321.846858,0.000000,1
510.476829,322.644180,0.000000,1
510.420280,323.440870,0.000000,1
510.365748,324.237619,0.000000,1
510.326653,325.035133,0.000000,1
510.301682,325.833379,0.000000,1
510.274251,326.631566,0.000000,1
510.229772,327.428985,0.000000,1
510.177762,328.226003,0.000000,1
510.140313,329.023546,0.000000,1
510.125510,329.821997,0.000000,1
510.110405,330.620542,0.000000,1
510.074461,331.418414,0.000000,1
510.035713,332.216086,0.000000,1
510.022132,333.014376,0.000000,1
510.023590,333.813109,0.000000,1
510.013979,334.611673,0.000000,1
510.000000,335.410156,0.000000,1
510.005831,336.338723,0.000000,1
510.016482,337.267197,0.000000,1
510.046133,338.195282,0.000000,1
510.086709,339.123050,0.000000,1
510.131272,340.050564,0.000000,1
510.181043,340.977769,0.000000,1
510.237299,341.904625,0.000000,1
510.298879,342.831167,0.000000,1
510.364340,343.757440,0.000000,1
510.433382,344.683440,0.000000,1
510.506244,345.609141,0.000000,1
510.582915,346.534538,0.000000,1
510.662872,347.459663,0.000000,1
510.745547,348.384552,0.000000,1
510.830764,349.309207,0.000000,1
510.918749,350.233598,0.000000,1
511.009717,351.157696,0.000000,1
511.103315,352.081533,0.000000,1
511.198693,353.005194,0.000000,1
511.294974,353.928766,0.000000,1
511.390976,354.852364,0.000000,1
511.485196,355.776139,0.000000,1
511.576134,356.700236,0.000000,1
511.663276,357.624704,0.000000,1
511.747450,358.549457,0.000000,1
511.829552,359.474400,0.000000,1
511.909687,360.399510,0.000000,1
511.987013,361.324851,0.000000,1
512.060699,362.250484,0.000000,1
512.130633,363.176415,0.000000,1
512.197141,364.102615,0.000000,1
512.259915,365.029083,0.000000,1
512.317042,365.955885,0.000000,1
512.366868,366.883082,0.000000,1
512.411186,367.810606,0.000000,1
512.452264,368.738357,0.000000,1
512.483036,369.666407,0.000000,1
512.494177,370.594869,0.000000,1
512.500000,371.523438,0.000000,1
512.492212,372.036383,0.000000,1
512.487566,372.549435,0.000000,1
512.481740,373.062447,0.000000,1
512.470413,373.575273,0.000000,1
512.450531,374.087807,0.000000,1
512.423411,374.600085,0.000000,1
512.391306,375.112174,0.000000,1
512.356468,375.624140,0.000000,1
512.321062,376.136047,0.000000,1
512.285745,376.647905,0.000000,1
512.249943,377.159681,0.000000,1
512.213044,377.671340,0.000000,1
512.174436,378.182848,0.000000,1
512.133515,378.694172,0.000000,1
512.090055,379.205303,0.000000,1
512.044470,379.716271,0.000000,1
511.997231,380.227114,0.000000,1
511.948811,380.737867,0.000000,1
511.899682,381.248566,0.000000,1
511.850318,381.759247,0.000000,1
511.801189,382.269946,0.000000,1
511.752769,382.780699,0.000000,1
511.705530,383.291541,0.000000,1
511.659945,383.802510,0.000000,1
511.616485,384.313640,0.000000,1
511.575564,384.824964,0.000000,1
511.536956,385.336473,0.000000,1
511.500057,385.848132,0.000000,1
511.464255,386.359908,0.000000,1
511.428938,386.871765,0.000000,1
511.393532,387.383672,0.000000,1
511.358694,387.895638,0.000000,1
511.326589,388.407727,0.000000,1
511.299469,388.920006,0.000000,1
511.279587,389.432540,0.000000,1
511.268260,389.945365,0.000000,1
511.262434,390.458377,0.000000,1
511.257788,390.971429,0.000000,1
511.250000,391.484375,0.000000,1
511.261726,391.665375,0.000000,1
511.269894,391.846820,0.000000,1
511.275542,392.028581,0.000000,1
511.279707,392.210527,0.000000,1
511.283428,392.392530,0.000000,1
511.287742,392.574457,0.000000,1
511.293687,392.756181,0.000000,1
511.302300,392.937571,0.000000,1
511.314620,393.118496,0.000000,1
511.331684,393.298827,0.000000,1
511.354236,393.478466,0.000000,1
511.382046,393.657425,0.000000,1
511.414684,393.835735,0.000000,1
511.451717,394.013432,0.000000,1
511.492714,394.190546,0.000000,1
511.537244,394.367112,0.000000,1
511.584877,394.543163,0.000000,1
511.635180,394.718732,0.000000,1
511.687722,394.893852,0.000000,1
511.742077,395.068554,0.000000,1
511.798117,395.242757,0.000000,1
511.856252,395.416173,0.000000,1
511.916943,395.588499,0.000000,1
511.980655,395.759426,0.000000,1
512.047849,395.928650,0.000000,1
512.118988,396.095865,0.000000,1
512.194536,396.260763,0.000000,1
512.274955,396.423040,0.000000,1
512.360707,396.582389,0.000000,1
512.452195,396.738540,0.000000,1
512.548954,396.891733,0.000000,1
512.649880,397.042590,0.000000,1
512.753851,397.191738,0.000000,1
512.859748,397.339806,0.000000,1
512.966451,397.487421,0.000000,1
513.072838,397.635214,0.000000,1
513.177790,397.783812,0.000000,1
513.280186,397.933844,0.000000,1
513.378906,398.085938,0.000000,1
513.516350,398.240908,0.000000,1
513.648619,398.401528,0.000000,1
513.777265,398.566105,0.000000,1
513.903836,398.732948,0.000000,1
514.029882,398.900363,0.000000,1
514.156954,399.066658,0.000000,1
514.286602,399.230140,0.000000,1
514.420376,399.389118,0.000000,1
514.559825,399.541898,0.000000,1
514.706492,399.686798,0.000000,1
514.861142,399.822927,0.000000,1
515.023165,399.950814,0.000000,1
515.191804,400.071131,0.000000,1
515.366304,400.184552,0.000000,1
515.545911,400.291750,0.000000,1
515.729870,400.393398,0.000000,1
515.917424,400.490171,0.000000,1
516.107820,400.582740,0.000000,1
516.300303,400.671780,0.000000,1
516.494150,400.757896,0.000000,1
516.689083,400.840813,0.000000,1
516.885123,400.919649,0.000000,1
517.082300,400.993511,0.000000,1
517.280644,401.061506,0.000000,1
517.480184,401.122739,0.000000,1
517.680949,401.176316,0.000000,1
517.882969,401.221345,0.000000,1
518.086273,401.256931,0.000000,1
518.290890,401.282181,0.000000,1
518.496815,401.296576,0.000000,1
518.703861,401.301552,0.000000,1
518.911781,401.299172,0.000000,1
519.120331,401.291501,0.000000,1
519.329265,401.280604,0.000000,1
519.538337,401.268546,0.000000,1
519.747302,401.257392,0.000000,1
519.955913,401.249206,0.000000,1
520.163926,401.246054,0.000000,1
520.371094,401.250000,0.000000,1
536.406250,400.000000,0.000000,1
536.814532,399.936298,0.000000,1
537.223659,399.876917,0.000000,1
537.633401,399.820689,0.000000,1
538.043531,399.766441,0.000000,1
538.453818,399.713005,0.000000,1
538.864036,399.659209,0.000000,1
539.273955,399.603883,0.000000,1
539.683346,399.545857,0.000000,1
540.091981,399.483960,0.000000,1
540.499632,399.417023,0.000000,1
540.906076,399.343910,0.000000,1
541.311259,399.264322,0.000000,1
541.715292,399.178807,0.000000,1
542.118295,399.087948,0.000000,1
542.520389,398.992330,0.000000,1
542.921692,398.892535,0.000000,1
543.322325,398.789148,0.000000,1
543.722407,398.682752,0.000000,1
544.122059,398.573933,0.000000,1
544.521398,398.463273,0.000000,1
544.920539,398.351334,0.000000,1
545.319353,398.238001,0.000000,1
545.717439,398.122378,0.000000,1
546.114381,398.003527,0.000000,1
546.509760,397.880507,0.000000,1
546.903160,397.752380,0.000000,1
547.294163,397.618207,0.000000,1
547.682353,397.477048,0.000000,1
548.067313,397.327965,0.000000,1
548.448624,397.170018,0.000000,1
548.826083,397.002766,0.000000,1
549.200298,396.827693,0.000000,1
549.572078,396.646747,0.000000,1
549.942232,396.461877,0.000000,1
550.311566,396.275032,0.000000,1
550.680890,396.088160,0.000000,1
551.051011,395.903211,0.000000,1
551.422736,395.722133,0.000000,1
551.796875,395.546875,0.000000,1
552.844117,394.982243,0.000000,1
553.895404,394.424760,0.000000,1
554.939998,393.855447,0.000000,1
555.969064,393.258770,0.000000,1
556.983661,392.637055,0.000000,1
557.988047,391.998414,0.000000,1
558.985646,391.349504,0.000000,1
559.975447,390.689277,0.000000,1
560.954977,390.014147,0.000000,1
561.922234,389.321346,0.000000,1
562.876952,388.611137,0.000000,1
563.819262,387.884483,0.000000,1
564.748547,387.141345,0.000000,1
565.662788,386.379822,0.000000,1
566.559772,385.597819,0.000000,1
567.436715,384.793364,0.000000,1
568.290420,383.964582,0.000000,1
569.119220,383.110992,0.000000,1
569.926258,382.236469,0.000000,1
570.715145,381.345331,0.000000,1
571.483495,380.436718,0.000000,1
572.224798,379.506213,0.000000,1
572.934744,378.551370,0.000000,1
573.613062,377.573356,0.000000,1
574.258390,376.573019,0.000000,1
574.863460,375.548481,0.000000,1
575.421480,374.498097,0.000000,1
575.940544,373.427148,0.000000,1
576.434095,372.343479,0.000000,1
576.893589,371.245752,0.000000,1
577.295041,370.126185,0.000000,1
577.633338,368.984954,0.000000,1
577.923554,367.830712,0.000000,1
578.178736,366.668989,0.000000,1
578.407505,365.500291,0.000000,1
578.600230,364.324534,0.000000,1
578.712991,363.141246,0.000000,1
578.734156,361.951657,0.000000,1
578.750000,360.761719,0.000000,1
578.730440,360.229353,0.000000,1
578.723908,359.695766,0.000000,1
578.718174,359.162104,0.000000,1
578.701006,358.629514,0.000000,1
578.660310,358.099134,0.000000,1
578.590903,357.571570,0.000000,1
578.497574,357.046662,0.000000,1
578.385886,356.524193,0.000000,1
578.261405,356.003944,0.000000,1
578.129139,355.485785,0.000000,1
577.988909,354.970433,0.000000,1
577.837718,354.459058,0.000000,1
577.672540,353.952839,0.000000,1
577.490353,353.452950,0.000000,1
577.289575,352.960056,0.000000,1
577.072714,352.473365,0.000000,1
576.842993,351.991831,0.000000,1
576.603639,351.514407,0.000000,1
576.357800,351.040083,0.000000,1
576.106213,350.569036,0.000000,1
575.846730,350.102853,0.000000,1
575.577038,349.643209,0.000000,1
575.294821,349.191776,0.000000,1
574.997973,348.750085,0.000000,1
574.687129,348.317797,0.000000,1
574.364859,347.893258,0.000000,1
574.033771,347.474786,0.000000,1
573.696474,347.060699,0.000000,1
573.355365,346.649494,0.000000,1
573.010113,346.241988,0.000000,1
572.658485,345.840615,0.000000,1
572.298209,345.447839,0.000000,1
571.927016,345.066124,0.000000,1
571.542713,344.697851,0.000000,1
571.146106,344.342262,0.000000,1
570.741803,343.994609,0.000000,1
570.334656,343.649888,0.000000,1
569.929520,343.303093,0.000000,1
569.531250,342.949219,0.000000,1
569.111524,342.613844,0.000000,1
568.695341,342.273777,0.000000,1
568.279241,341.933601,0.000000,1
567.859763,341.597899,0.000000,1
567.433517,341.271158,0.000000,1
566.999384,340.954896,0.000000,1
566.558901,340.647141,0.000000,1
566.113760,340.345726,0.000000,1
565.665650,340.048481,0.000000,1
565.216014,339.753596,0.000000,1
564.764621,339.461669,0.000000,1
564.310547,339.174290,0.000000,1
563.852869,338.893056,0.000000,1
563.390663,338.619558,0.000000,1
562.923451,338.354639,0.000000,1
562.451958,338.097095,0.000000,1
561.977114,337.845385,0.000000,1
561.499846,337.597962,0.000000,1
561.021073,337.353304,0.000000,1
560.541111,337.111065,0.000000,1
560.059378,336.872656,0.000000,1
559.575216,336.639633,0.000000,1
559.087970,336.413551,0.000000,1
558.597006,336.195915,0.000000,1
558.102379,335.986609,0.000000,1
557.604948,335.783630,0.000000,1
557.105620,335.584866,0.000000,1
556.605300,335.388206,0.000000,1
556.104872,335.191593,0.000000,1
555.604466,334.994954,0.000000,1
555.103272,334.800676,0.000000,1
554.600422,334.611301,0.000000,1
554.095047,334.429371,0.000000,1
553.586284,334.257412,0.000000,1
553.073986,334.095850,0.000000,1
552.559383,333.941067,0.000000,1
552.043862,333.788979,0.000000,1
551.528814,333.635505,0.000000,1
551.015625,333.476563,0.000000,1
551.892386,332.993471,0.000000,1
552.771635,332.514854,0.000000,1
553.651735,332.037766,0.000000,1
554.531048,331.559264,0.000000,1
555.407937,331.076404,0.000000,1
556.280778,330.586266,0.000000,1
557.148631,330.087243,0.000000,1
558.011567,329.579652,0.000000,1
558.869736,329.063960,0.000000,1
559.723287,328.540638,0.000000,1
560.572369,328.010155,0.000000,1
561.417149,327.472980,0.000000,1
562.257886,326.929579,0.000000,1
563.094873,326.380418,0.000000,1
563.928403,325.825963,0.000000,1
564.758770,325.266680,0.000000,1
565.586200,324.702947,0.000000,1
566.410134,324.134095,0.000000,1
567.229492,323.558764,0.000000,1
568.043183,322.975581,0.000000,1
568.850119,322.383173,0.000000,1
569.649290,321.780285,0.000000,1
570.440587,321.166967,0.000000,1
571.224456,320.544083,0.000000,1
572.001353,319.912508,0.000000,1
572.771735,319.273116,0.000000,1
573.535995,318.626650,0.000000,1
574.294240,317.973227,0.000000,1
575.046493,317.312782,0.000000,1
575.792777,316.645251,0.000000,1
576.533056,315.970522,0.000000,1
577.265537,315.287076,0.000000,1
577.986395,314.591763,0.000000,1
578.691691,313.881343,0.000000,1
579.377494,313.152582,0.000000,1
580.043368,312.405375,0.000000,1
580.697785,311.647586,0.000000,1
581.350612,310.888329,0.000000,1
582.011719,310.136719,0.000000,1
582.086025,310.034498,0.000000,1
582.162200,309.933528,0.000000,1
582.239717,309.833457,0.000000,1
582.318049,309.733934,0.000000,1
582.396671,309.634604,0.000000,1
582.475056,309.535115,0.000000,1
582.552679,309.435116,0.000000,1
582.629013,309.334253,0.000000,1
582.703532,309.232174,0.000000,1
582.775710,309.128527,0.000000,1
582.845080,309.023002,0.000000,1
582.911573,308.915593,0.000000,1
582.975289,308.806419,0.000000,1
583.036329,308.695597,0.000000,1
583.094795,308.583249,0.000000,1
583.150785,308.469494,0.000000,1
583.204401,308.354450,0.000000,1
583.255744,308.238237,0.000000,1
583.304914,308.120975,0.000000,1
583.352012,308.002782,0.000000,1
583.397095,307.883766,0.000000,1
583.439998,307.763973,0.000000,1
583.480483,307.643429,0.000000,1
583.518315,307.522158,0.000000,1
583.553257,307.400186,0.000000,1
583.585072,307.277540,0.000000,1
583.613524,307.154245,0.000000,1
583.638376,307.030327,0.000000,1
583.659391,306.905811,0.000000,1
583.676342,306.780724,0.000000,1
583.689414,306.655123,0.000000,1
583.699372,306.529113,0.000000,1
583.707029,306.402800,0.000000,1
583.713193,306.276291,0.000000,1
583.718675,306.149691,0.000000,1
583.724287,306.023109,0.000000,1
583.730838,305.896651,0.000000,1
583.739139,305.770422,0.000000,1
583.750000,305.644531,0.000000,1
583.734341,305.372796,0.000000,1
583.729120,305.099657,0.000000,1
583.725593,304.826290,0.000000,1
583.715017,304.553872,0.000000,1
583.688648,304.283577,0.000000,1
583.640300,304.016370,0.000000,1
583.571865,303.752552,0.000000,1
583.486826,303.492289,0.000000,1
583.388667,303.235751,0.000000,1
583.280868,302.983105,0.000000,1
583.165901,302.734556,0.000000,1
583.043668,302.490406,0.000000,1
582.913670,302.250970,0.000000,1
582.775405,302.016563,0.000000,1
582.628378,301.787501,0.000000,1
582.472377,301.564074,0.000000,1
582.307793,301.346520,0.000000,1
582.135087,301.135072,0.000000,1
581.954722,300.929962,0.000000,1
581.767162,300.731421,0.000000,1
581.572800,300.539684,0.000000,1
581.371890,300.354986,0.000000,1
581.164663,300.177563,0.000000,1
580.951355,300.007650,0.000000,1
580.732197,299.845485,0.000000,1
580.507329,299.691417,0.000000,1
580.276713,299.546013,0.000000,1
580.040290,299.409862,0.000000,1
579.798003,299.283554,0.000000,1
579.549805,299.167707,0.000000,1
579.295969,299.063709,0.000000,1
579.037140,298.973841,0.000000,1
578.773980,298.900428,0.000000,1
578.507153,298.845798,0.000000,1
578.237348,298.811643,0.000000,1
577.965498,298.793307,0.000000,1
577.692678,298.782487,0.000000,1
577.419966,298.770834,0.000000,1
577.148438,298.750000,0.000000,1
NaN,NaN,NaN,NaN
762.031250,302.500000,0.000000,1
761.463963,302.247630,0.000000,1
760.899558,301.988028,0.000000,1
760.333176,301.733384,0.000000,1
759.760035,301.495699,0.000000,1
759.178542,301.278963,0.000000,1
758.591411,301.076349,0.000000,1
758.001660,300.880271,0.000000,1
757.412211,300.683393,0.000000,1
756.823886,300.483956,0.000000,1
756.235467,300.285602,0.000000,1
755.645653,300.092195,0.000000,1
755.053148,299.907583,0.000000,1
754.457323,299.733604,0.000000,1
753.858847,299.568180,0.000000,1
753.258539,299.408778,0.000000,1
752.657218,299.252867,0.000000,1
752.055667,299.098030,0.000000,1
751.454105,298.943681,0.000000,1
750.852291,298.790715,0.000000,1
750.249972,298.640068,0.000000,1
749.646895,298.492679,0.000000,1
749.042816,298.349445,0.000000,1
748.437706,298.210452,0.000000,1
747.831743,298.074991,0.000000,1
747.225112,297.942323,0.000000,1
746.618001,297.811706,0.000000,1
746.010594,297.682402,0.000000,1
745.403021,297.553928,0.000000,1
744.795207,297.426715,0.000000,1
744.187030,297.301395,0.000000,1
743.578372,297.178602,0.000000,1
742.969111,297.058966,0.000000,1
742.359127,296.943120,0.000000,1
741.748393,296.831208,0.000000,1
741.137116,296.722150,0.000000,1
740.525536,296.614676,0.000000,1
739.913897,296.507517,0.000000,1
739.302439,296.399402,0.000000,1
738.691406,296.289063,0.000000,1
738.081401,296.188974,0.000000,1
737.471413,296.088819,0.000000,1
736.861430,295.988639,0.000000,1
736.251443,295.888477,0.000000,1
735.641442,295.788374,0.000000,1
735.031415,295.688373,0.000000,1
734.421330,295.588684,0.000000,1
733.811100,295.489886,0.000000,1
733.200634,295.392603,0.000000,1
732.589840,295.297460,0.000000,1
731.978626,295.205084,0.000000,1
731.366906,295.116069,0.000000,1
730.754669,295.030574,0.000000,1
730.141963,294.948439,0.000000,1
729.528836,294.869497,0.000000,1
728.915337,294.793578,0.000000,1
728.301515,294.720510,0.000000,1
727.687430,294.649875,0.000000,1
727.073160,294.580860,0.000000,1
726.458787,294.512617,0.000000,1
725.844390,294.444298,0.000000,1
725.230050,294.375071,0.000000,1
724.615754,294.305154,0.000000,1
724.001342,294.236467,0.000000,1
723.386643,294.171083,0.000000,1
722.771483,294.111075,0.000000,1
722.155701,294.058378,0.000000,1
721.539317,294.012702,0.000000,1
720.922493,293.971983,0.000000,1
720.305396,293.934112,0.000000,1
719.688194,293.896979,0.000000,1
719.070990,293.859735,0.000000,1
718.453719,293.824881,0.000000,1
717.836287,293.795464,0.000000,1
717.218603,293.774532,0.000000,1
716.600612,293.763861,0.000000,1
715.982425,293.759710,0.000000,1
715.364200,293.756836,0.000000,1
714.746094,293.750000,0.000000,1
714.492136,293.760084,0.000000,1
714.237864,293.767296,0.000000,1
713.983354,293.772319,0.000000,1
713.728678,293.775833,0.000000,1
713.473913,293.778520,0.000000,1
713.219131,293.781062,0.000000,1
712.964408,293.784139,0.000000,1
712.709818,293.788434,0.000000,1
712.455435,293.794627,0.000000,1
712.201334,293.803401,0.000000,1
711.947590,293.815436,0.000000,1
711.694274,293.831403,0.000000,1
711.441395,293.851554,0.000000,1
711.188879,293.875612,0.000000,1
710.936648,293.903268,0.000000,1
710.684622,293.934210,0.000000,1
710.432722,293.968126,0.000000,1
710.180869,294.004708,0.000000,1
709.928985,294.043643,0.000000,1
709.676990,294.084621,0.000000,1
709.424805,294.127331,0.000000,1
709.172352,294.171462,0.000000,1
708.919646,294.216913,0.000000,1
708.667188,294.264633,0.000000,1
708.415626,294.315901,0.000000,1
708.165611,294.371997,0.000000,1
707.917792,294.434200,0.000000,1
707.672818,294.503789,0.000000,1
707.431341,294.582042,0.000000,1
707.194009,294.670239,0.000000,1
706.961473,294.769659,0.000000,1
706.734127,294.881028,0.000000,1
706.511124,295.002355,0.000000,1
706.291230,295.130814,0.000000,1
706.073216,295.263582,0.000000,1
705.855848,295.397834,0.000000,1
705.637896,295.530745,0.000000,1
705.418128,295.659492,0.000000,1
705.195312,295.781250,0.000000,1
704.966909,295.960579,0.000000,1
704.731784,296.132755,0.000000,1
704.497951,296.306307,0.000000,1
704.273426,296.489762,0.000000,1
704.064965,296.690282,0.000000,1
703.871536,296.906558,0.000000,1
703.689121,297.134042,0.000000,1
703.513701,297.368177,0.000000,1
703.341535,297.604662,0.000000,1
703.172750,297.842662,0.000000,1
703.010262,298.083848,0.000000,1
702.857049,298.329946,0.000000,1
702.716071,298.582669,0.000000,1
702.588193,298.842570,0.000000,1
702.470416,299.108051,0.000000,1
702.359322,299.377279,0.000000,1
702.251493,299.648424,0.000000,1
702.143902,299.919813,0.000000,1
702.037550,300.191396,0.000000,1
701.935791,300.464075,0.000000,1
701.842014,300.738766,0.000000,1
701.759605,301.016381,0.000000,1
701.691252,301.297655,0.000000,1
701.635122,301.582151,0.000000,1
701.587585,301.868967,0.000000,1
701.545003,302.157199,0.000000,1
701.503743,302.445945,0.000000,1
701.460415,302.734348,0.000000,1
701.415179,303.022216,0.000000,1
701.370836,303.309853,0.000000,1
701.330250,303.597576,0.000000,1
701.296286,303.885698,0.000000,1
701.271809,304.174537,0.000000,1
701.258707,304.464316,0.000000,1
701.254442,304.754835,0.000000,1
701.255227,305.045777,0.000000,1
701.257274,305.336825,0.000000,1
701.256794,305.627662,0.000000,1
701.250000,305.917969,0.000000,1
702.343750,327.675781,0.000000,1
702.419681,329.387384,0.000000,1
702.496944,331.098926,0.000000,1
702.574201,332.810468,0.000000,1
702.650113,334.522071,0.000000,1
702.723367,336.233795,0.000000,1
702.793178,337.945668,0.000000,1
702.859297,339.657688,0.000000,1
702.921496,341.369851,0.000000,1
702.979546,343.082155,0.000000,1
703.033358,344.794592,0.000000,1
703.083541,346.507140,0.000000,1
703.130923,348.219774,0.000000,1
703.176334,349.932466,0.000000,1
703.220601,351.645190,0.000000,1
703.264154,353.357930,0.000000,1
703.306612,355.070694,0.000000,1
703.347490,356.783492,0.000000,1
703.386305,358.496333,0.000000,1
703.422584,360.209228,0.000000,1
703.456268,361.922178,0.000000,1
703.487823,363.635171,0.000000,1
703.517745,365.348199,0.000000,1
703.546533,367.061250,0.000000,1
703.574664,368.774315,0.000000,1
703.602082,370.487390,0.000000,1
703.628168,372.200483,0.000000,1
703.652276,373.913599,0.000000,1
703.673760,375.626746,0.000000,1
703.691987,377.339929,0.000000,1
703.706762,379.053149,0.000000,1
703.718430,380.766399,0.000000,1
703.727366,382.479669,0.000000,1
703.733946,384.192951,0.000000,1
703.738546,385.906237,0.000000,1
703.741609,387.619522,0.000000,1
703.743702,389.332806,0.000000,1
703.745410,391.046089,0.000000,1
703.747315,392.759372,0.000000,1
703.750000,394.472656,0.000000,1
703.765501,394.748545,0.000000,1
703.770339,395.025860,0.000000,1
703.773517,395.303397,0.000000,1
703.784038,395.579951,0.000000,1
703.810902,395.854319,0.000000,1
703.860289,396.125528,0.000000,1
703.930146,396.393282,0.000000,1
704.016922,396.657408,0.000000,1
704.117066,396.917733,0.000000,1
704.227038,397.174084,0.000000,1
704.344667,397.426138,0.000000,1
704.470430,397.673286,0.000000,1
704.605107,397.914887,0.000000,1
704.749478,398.150298,0.000000,1
704.904293,398.378892,0.000000,1
705.069490,398.600467,0.000000,1
705.244074,398.815304,0.000000,1
705.427002,399.023712,0.000000,1
705.617231,399.225996,0.000000,1
705.813769,399.422408,0.000000,1
706.016398,399.612337,0.000000,1
706.225491,399.794516,0.000000,1
706.441437,399.967660,0.000000,1
706.664626,400.130485,0.000000,1
706.895365,400.281864,0.000000,1
707.133209,400.422146,0.000000,1
707.377299,400.552487,0.000000,1
707.626774,400.674049,0.000000,1
707.880772,400.787996,0.000000,1
708.138522,400.894945,0.000000,1
708.399779,400.992401,0.000000,1
708.664484,401.076766,0.000000,1
708.932577,401.144442,0.000000,1
709.203999,401.191830,0.000000,1
709.478521,401.217174,0.000000,1
709.755165,401.226926,0.000000,1
710.032742,401.229822,0.000000,1
710.310062,401.234601,0.000000,1
710.585937,401.250000,0.000000,1
710.863334,401.234984,0.000000,1
711.141935,401.230118,0.000000,1
711.420782,401.227330,0.000000,1
711.698918,401.218550,0.000000,1
711.975386,401.195706,0.000000,1
712.249309,401.152275,0.000000,1
712.520181,401.088983,0.000000,1
712.787607,401.008678,0.000000,1
713.051190,400.914206,0.000000,1
713.310534,400.808417,0.000000,1
713.565273,400.693683,0.000000,1
713.815158,400.570367,0.000000,1
714.059974,400.438299,0.000000,1
714.299506,400.297308,0.000000,1
714.533538,400.147225,0.000000,1
714.761771,399.987960,0.000000,1
714.983673,399.819642,0.000000,1
715.198673,399.642439,0.000000,1
715.406199,399.456519,0.000000,1
715.605682,399.262052,0.000000,1
715.796741,399.059356,0.000000,1
715.979361,398.849037,0.000000,1
716.153567,398.631735,0.000000,1
716.319385,398.408088,0.000000,1
716.476834,398.178726,0.000000,1
716.625815,397.943992,0.000000,1
716.766080,397.703887,0.000000,1
716.897374,397.458394,0.000000,1
717.019442,397.207494,0.000000,1
717.131889,396.951199,0.000000,1
717.232784,396.689850,0.000000,1
717.319242,396.423993,0.000000,1
717.388360,396.154175,0.000000,1
717.437237,395.880946,0.000000,1
717.464238,395.604908,0.000000,1
717.475287,395.326978,0.000000,1
717.479110,395.048191,0.000000,1
717.484438,394.769582,0.000000,1
717.500000,394.492188,0.000000,1
717.497870,392.763844,0.000000,1
717.498406,391.035488,0.000000,1
717.499621,389.307128,0.000000,1
717.499528,387.578774,0.000000,1
717.496141,385.850437,0.000000,1
717.487691,384.122126,0.000000,1
717.474361,382.393839,0.000000,1
717.457358,380.665571,0.000000,1
717.437901,378.937317,0.000000,1
717.417208,377.209071,0.000000,1
717.396440,375.480827,0.000000,1
717.375755,373.752590,0.000000,1
717.354468,372.024368,0.000000,1
717.331867,370.296170,0.000000,1
717.307241,368.568008,0.000000,1
717.279909,366.839889,0.000000,1
717.249863,365.111812,0.000000,1
717.217745,363.383765,0.000000,1
717.184223,361.655736,0.000000,1
717.149963,359.927713,0.000000,1
717.115571,358.199683,0.000000,1
717.080628,356.471664,0.000000,1
717.043889,354.743692,0.000000,1
717.004087,353.015804,0.000000,1
716.959954,351.288039,0.000000,1
716.910442,349.560426,0.000000,1
716.856311,347.832942,0.000000,1
716.799210,346.105535,0.000000,1
716.740795,344.378155,0.000000,1
716.682721,342.650750,0.000000,1
716.625814,340.923300,0.000000,1
716.568214,339.195882,0.000000,1
716.507514,337.468595,0.000000,1
716.441311,335.741539,0.000000,1
716.367321,334.014806,0.000000,1
716.286141,332.288371,0.000000,1
716.201287,330.562088,0.000000,1
716.116410,328.835807,0.000000,1
716.035156,327.109375,0.000000,1
715.332031,317.128906,0.000000,1
715.313593,316.882402,0.000000,1
715.293849,316.635969,0.000000,1
715.273154,316.389589,0.000000,1
715.251862,316.143241,0.000000,1
715.230329,315.896907,0.000000,1
715.208908,315.650566,0.000000,1
715.187956,315.404200,0.000000,1
715.167826,315.157789,0.000000,1
715.148873,314.911313,0.000000,1
715.131451,314.664752,0.000000,1
715.115901,314.418089,0.000000,1
715.102233,314.171321,0.000000,1
715.090150,313.924460,0.000000,1
715.079342,313.677519,0.000000,1
715.069497,313.430513,0.000000,1
715.060307,313.183455,0.000000,1
715.051460,312.936357,0.000000,1
715.042646,312.689234,0.000000,1
715.033556,312.442098,0.000000,1
715.023879,312.194963,0.000000,1
715.013316,311.947842,0.000000,1
715.001921,311.700741,0.000000,1
714.990151,311.453656,0.000000,1
714.978486,311.206582,0.000000,1
714.967405,310.959516,0.000000,1
714.957388,310.712454,0.000000,1
714.948915,310.465391,0.000000,1
714.942465,310.218323,0.000000,1
714.938519,309.971246,0.000000,1
714.937555,309.724157,0.000000,1
714.939853,309.477051,0.000000,1
714.944914,309.229932,0.000000,1
714.952051,308.982802,0.000000,1
714.960578,308.735666,0.000000,1
714.969806,308.488526,0.000000,1
714.979050,308.241386,0.000000,1
714.987622,307.994250,0.000000,1
714.994834,307.747120,0.000000,1
715.000000,307.500000,0.000000,1
716.118430,307.511656,0.000000,1
717.237090,307.514673,0.000000,1
718.355681,307.520286,0.000000,1
719.473902,307.539733,0.000000,1
720.591484,307.581791,0.000000,1
721.708279,307.645343,0.000000,1
722.824170,307.726778,0.000000,1
723.939039,307.822485,0.000000,1
725.052779,307.929172,0.000000,1
726.165343,308.045779,0.000000,1
727.276710,308.172204,0.000000,1
728.386860,308.308349,0.000000,1
729.495775,308.454111,0.000000,1
730.603462,308.609145,0.000000,1
731.709969,308.772762,0.000000,1
732.815347,308.944248,0.000000,1
733.919648,309.122889,0.000000,1
735.022908,309.308043,0.000000,1
736.125003,309.499944,0.000000,1
737.225700,309.699420,0.000000,1
738.324760,309.907306,0.000000,1
739.421949,310.124442,0.000000,1
740.517060,310.351532,0.000000,1
741.610270,310.587659,0.000000,1
742.702013,310.830812,0.000000,1
743.792728,311.078958,0.000000,1
744.882852,311.330065,0.000000,1
745.972817,311.582138,0.000000,1
747.062633,311.834904,0.000000,1
748.151717,312.090555,0.000000,1
749.239441,312.351467,0.000000,1
750.325176,312.620020,0.000000,1
751.408292,312.898591,0.000000,1
752.488295,313.189050,0.000000,1
753.565742,313.489262,0.000000,1
754.641687,313.795202,0.000000,1
755.717189,314.102835,0.000000,1
756.793305,314.408124,0.000000,1
757.871094,314.707031,0.000000,1
757.923807,314.717195,0.000000,1
757.976398,314.728235,0.000000,1
758.028881,314.740040,0.000000,1
758.081273,314.752498,0.000000,1
758.133589,314.765498,0.000000,1
758.185845,314.778930,0.000000,1
758.238056,314.792680,0.000000,1
758.290238,314.806638,0.000000,1
758.342406,314.820693,0.000000,1
758.394576,314.834733,0.000000,1
758.446764,314.848647,0.000000,1
758.498986,314.862323,0.000000,1
758.551256,314.875651,0.000000,1
758.603591,314.888518,0.000000,1
758.656005,314.900813,0.000000,1
758.708516,314.912426,0.000000,1
758.761138,314.923243,0.000000,1
758.813886,314.933155,0.000000,1
758.866778,314.942050,0.000000,1
758.919827,314.949817,0.000000,1
758.973041,314.956407,0.000000,1
759.026407,314.961916,0.000000,1
759.079908,314.966456,0.000000,1
759.133529,314.970142,0.000000,1
759.187254,314.973086,0.000000,1
759.241067,314.975402,0.000000,1
759.294952,314.977203,0.000000,1
759.348893,314.978604,0.000000,1
759.402874,314.979717,0.000000,1
759.456880,314.980656,0.000000,1
759.510894,314.981535,0.000000,1
759.564901,314.982466,0.000000,1
759.618885,314.983564,0.000000,1
759.672829,314.984942,0.000000,1
759.726718,314.986713,0.000000,1
759.780537,314.988991,0.000000,1
759.834268,314.991889,0.000000,1
759.887896,314.995521,0.000000,1
759.941406,315.000000,0.000000,1
760.077647,314.988244,0.000000,1
760.214543,314.980319,0.000000,1
760.351898,314.975082,0.000000,1
760.489517,314.971391,0.000000,1
760.627205,314.968105,0.000000,1
760.764768,314.964080,0.000000,1
760.902008,314.958175,0.000000,1
761.038733,314.949248,0.000000,1
761.174745,314.936157,0.000000,1
761.309851,314.917763,0.000000,1
761.443932,314.893436,0.000000,1
761.577020,314.863550,0.000000,1
761.709162,314.828597,0.000000,1
761.840410,314.789071,0.000000,1
761.970811,314.745465,0.000000,1
762.100416,314.698270,0.000000,1
762.229272,314.647979,0.000000,1
762.357430,314.595086,0.000000,1
762.484939,314.540083,0.000000,1
762.611835,314.483437,0.000000,1
762.737936,314.425159,0.000000,1
762.862874,314.364877,0.000000,1
762.986275,314.302204,0.000000,1
763.107766,314.236755,0.000000,1
763.226973,314.168144,0.000000,1
763.343522,314.095987,0.000000,1
763.457039,314.019896,0.000000,1
763.567151,313.939487,0.000000,1
763.673485,313.854374,0.000000,1
763.775779,313.764303,0.000000,1
763.874511,313.669876,0.000000,1
763.970454,313.572038,0.000000,1
764.064381,313.471734,0.000000,1
764.157064,313.369911,0.000000,1
764.249279,313.267513,0.000000,1
764.341797,313.165487,0.000000,1
764.435392,313.064778,0.000000,1
764.530837,312.966332,0.000000,1
764.628906,312.871094,0.000000,1
764.701038,312.769339,0.000000,1
764.775738,312.669117,0.000000,1
764.852240,312.569973,0.000000,1
764.929782,312.471450,0.000000,1
765.007600,312.373092,0.000000,1
765.084930,312.274442,0.000000,1
765.161008,312.175044,0.000000,1
765.235070,312.074442,0.000000,1
765.306353,311.972180,0.000000,1
765.374095,311.867802,0.000000,1
765.437872,311.761056,0.000000,1
765.497978,311.652120,0.000000,1
765.554796,311.541224,0.000000,1
765.608711,311.428601,0.000000,1
765.660105,311.314482,0.000000,1
765.709363,311.199097,0.000000,1
765.756868,311.082680,0.000000,1
765.803005,310.965460,0.000000,1
765.848157,310.847670,0.000000,1
765.892687,310.729535,0.000000,1
765.936512,310.611135,0.000000,1
765.979123,310.492413,0.000000,1
766.019993,310.373307,0.000000,1
766.058597,310.253756,0.000000,1
766.094407,310.133696,0.000000,1
766.126899,310.013066,0.000000,1
766.155545,309.891804,0.000000,1
766.179820,309.769847,0.000000,1
766.199198,309.647132,0.000000,1
766.213282,309.523617,0.000000,1
766.222653,309.399393,0.000000,1
766.228326,309.274613,0.000000,1
766.231319,309.149429,0.000000,1
766.232650,309.023996,0.000000,1
766.233336,308.898466,0.000000,1
766.234397,308.772991,0.000000,1
766.236849,308.647727,0.000000,1
766.241711,308.522824,0.000000,1
766.250000,308.398438,0.000000,1
766.242511,308.199877,0.000000,1
766.241221,308.000618,0.000000,1
766.240777,307.801264,0.000000,1
766.235825,307.602418,0.000000,1
766.221020,307.404682,0.000000,1
766.193078,307.208456,0.000000,1
766.153743,307.013654,0.000000,1
766.105510,306.820115,0.000000,1
766.050871,306.627679,0.000000,1
765.992254,306.436203,0.000000,1
765.930113,306.246109,0.000000,1
765.862658,306.058457,0.000000,1
765.787976,305.874340,0.000000,1
765.704154,305.694856,0.000000,1
765.609771,305.520826,0.000000,1
765.506320,305.351476,0.000000,1
765.396361,305.185443,0.000000,1
765.282456,305.021362,0.000000,1
765.167150,304.857883,0.000000,1
765.051396,304.694802,0.000000,1
764.933327,304.533959,0.000000,1
764.810786,304.377398,0.000000,1
764.681616,304.227166,0.000000,1
764.543807,304.085173,0.000000,1
764.397551,303.951292,0.000000,1
764.244721,303.823848,0.000000,1
764.087228,303.701121,0.000000,1
763.926989,303.581396,0.000000,1
763.765763,303.463129,0.000000,1
763.603683,303.346627,0.000000,1
763.439898,303.233312,0.000000,1
763.273546,303.124624,0.000000,1
763.103760,303.022001,0.000000,1
762.929722,302.926805,0.000000,1
762.751746,302.838456,0.000000,1
762.571343,302.754327,0.000000,1
762.390081,302.671692,0.000000,1
762.209527,302.587825,0.000000,1
762.031250,302.500000,0.000000,1
NaN,NaN,NaN,NaN
796.250000,385.000000,0.000000,1
797.038200,384.642676,0.000000,1
797.826000,384.284467,0.000000,1
798.614053,383.926818,0.000000,1
799.402998,383.571140,0.000000,1
800.192864,383.217497,0.000000,1
800.982850,382.864128,0.000000,1
801.772097,382.509140,0.000000,1
802.559950,382.151090,0.000000,1
803.346932,381.791107,0.000000,1
804.133980,381.431227,0.000000,1
804.921956,381.073329,0.000000,1
805.710302,380.716239,0.000000,1
806.497190,380.356051,0.000000,1
807.280783,379.988845,0.000000,1
808.060990,379.614414,0.000000,1
808.840136,379.237698,0.000000,1
809.620690,378.863939,0.000000,1
810.403458,378.494861,0.000000,1
811.186885,378.127183,0.000000,1
811.969303,377.757391,0.000000,1
812.750417,377.384846,0.000000,1
813.531214,377.011597,0.000000,1
814.312400,376.639129,0.000000,1
815.092571,376.264582,0.000000,1
815.869494,375.883409,0.000000,1
816.642084,375.493460,0.000000,1
817.411092,375.096444,0.000000,1
818.178162,374.695757,0.000000,1
818.948167,374.300744,0.000000,1
819.725142,373.919118,0.000000,1
820.499434,373.532662,0.000000,1
821.257563,373.115863,0.000000,1
822.009385,372.686949,0.000000,1
822.771994,372.277823,0.000000,1
823.534961,371.869473,0.000000,1
824.285344,371.438317,0.000000,1
825.027048,370.992214,0.000000,1
825.759238,370.530967,0.000000,1
826.484375,370.058594,0.000000,1
827.306986,369.500700,0.000000,1
828.132637,368.947141,0.000000,1
828.950891,368.383039,0.000000,1
829.754328,367.797962,0.000000,1
830.544348,367.194457,0.000000,1
831.323943,366.577413,0.000000,1
832.094629,365.949563,0.000000,1
832.855281,365.309774,0.000000,1
833.604498,364.656536,0.000000,1
834.340981,363.988853,0.000000,1
835.063514,363.306186,0.000000,1
835.771169,362.608242,0.000000,1
836.464532,361.895979,0.000000,1
837.144646,361.170733,0.000000,1
837.809855,360.431769,0.000000,1
838.454427,359.675216,0.000000,1
839.073648,358.897992,0.000000,1
839.671248,358.103540,0.000000,1
840.253973,357.297652,0.000000,1
840.821200,356.481059,0.000000,1
841.363582,355.648496,0.000000,1
841.875435,354.796849,0.000000,1
842.364353,353.930973,0.000000,1
842.838401,353.056262,0.000000,1
843.287603,352.169430,0.000000,1
843.693876,351.263242,0.000000,1
844.059668,350.339088,0.000000,1
844.408758,349.407331,0.000000,1
844.749405,348.472780,0.000000,1
845.056208,347.528059,0.000000,1
845.308492,346.567139,0.000000,1
845.520919,345.595327,0.000000,1
845.714572,344.619967,0.000000,1
845.890846,343.641932,0.000000,1
846.041391,342.659039,0.000000,1
846.154605,341.670970,0.000000,1
846.216165,340.679147,0.000000,1
846.232812,339.685265,0.000000,1
846.250000,338.691406,0.000000,1
846.215799,337.891333,0.000000,1
846.200049,337.089586,0.000000,1
846.186878,336.287605,0.000000,1
846.160414,335.486830,0.000000,1
846.104793,334.688699,0.000000,1
846.009511,333.894319,0.000000,1
845.878461,333.103909,0.000000,1
845.717931,332.317536,0.000000,1
845.534208,331.535272,0.000000,1
845.333560,330.757187,0.000000,1
845.119788,329.983517,0.000000,1
844.891892,329.214821,0.000000,1
844.648321,328.451692,0.000000,1
844.387524,327.694727,0.000000,1
844.107965,326.944516,0.000000,1
843.809073,326.201447,0.000000,1
843.491831,325.465577,0.000000,1
843.157362,324.736934,0.000000,1
842.806788,324.015545,0.000000,1
842.441219,323.301445,0.000000,1
842.061046,322.595068,0.000000,1
841.665592,321.897441,0.000000,1
841.254093,321.209642,0.000000,1
840.825785,320.532746,0.000000,1
840.379927,319.867807,0.000000,1
839.916688,319.215015,0.000000,1
839.437439,318.573418,0.000000,1
838.943628,317.941989,0.000000,1
838.436706,317.319703,0.000000,1
837.917978,316.705717,0.000000,1
837.385946,316.102803,0.000000,1
836.836586,315.516992,0.000000,1
836.265778,314.954432,0.000000,1
835.669405,314.421271,0.000000,1
835.044458,313.922238,0.000000,1
834.397571,313.449694,0.000000,1
833.740341,312.989638,0.000000,1
833.084407,312.528019,0.000000,1
832.441406,312.050781,0.000000,1
831.953386,311.747877,0.000000,1
831.471614,311.433356,0.000000,1
830.986688,311.124698,0.000000,1
830.489236,310.839331,0.000000,1
829.974231,310.586865,0.000000,1
829.445514,310.360974,0.000000,1
828.908003,310.153388,0.000000,1
828.366603,309.955867,0.000000,1
827.824372,309.763380,0.000000,1
827.280871,309.576984,0.000000,1
826.735269,309.398420,0.000000,1
826.186732,309.229427,0.000000,1
825.634629,309.071406,0.000000,1
825.079178,308.924312,0.000000,1
824.520822,308.787713,0.000000,1
823.960009,308.661175,0.000000,1
823.397180,308.544266,0.000000,1
822.832687,308.436445,0.000000,1
822.266737,308.337013,0.000000,1
821.699528,308.245260,0.000000,1
821.131255,308.160471,0.000000,1
820.562116,308.081937,0.000000,1
819.992256,308.009057,0.000000,1
819.421748,307.941399,0.000000,1
818.850655,307.878551,0.000000,1
818.279042,307.820098,0.000000,1
817.706972,307.765627,0.000000,1
817.134505,307.714886,0.000000,1
816.561671,307.668459,0.000000,1
815.988496,307.627186,0.000000,1
815.415001,307.591910,0.000000,1
814.841211,307.563473,0.000000,1
814.267150,307.542716,0.000000,1
813.692851,307.529736,0.000000,1
813.118383,307.522435,0.000000,1
812.543822,307.518313,0.000000,1
811.969240,307.514867,0.000000,1
811.394712,307.509596,0.000000,1
810.820312,307.500000,0.000000,1
810.431082,307.507732,0.000000,1
810.041791,307.512194,0.000000,1
809.652483,307.515704,0.000000,1
809.263200,307.520578,0.000000,1
808.873984,307.529132,0.000000,1
808.484883,307.543602,0.000000,1
808.096012,307.564986,0.000000,1
807.707543,307.593303,0.000000,1
807.319648,307.628543,0.000000,1
806.932500,307.670698,0.000000,1
806.546270,307.719754,0.000000,1
806.161010,307.775329,0.000000,1
805.776570,307.836420,0.000000,1
805.392785,307.901966,0.000000,1
805.009485,307.970906,0.000000,1
804.626505,308.042184,0.000000,1
804.243875,308.115575,0.000000,1
803.862023,308.192535,0.000000,1
803.481424,308.274722,0.000000,1
803.102554,308.363797,0.000000,1
802.725884,308.461398,0.000000,1
802.351588,308.567987,0.000000,1
801.979377,308.682206,0.000000,1
801.608923,308.802539,0.000000,1
801.239899,308.927469,0.000000,1
800.872007,309.055584,0.000000,1
800.505402,309.186998,0.000000,1
800.140590,309.322996,0.000000,1
799.778083,309.464894,0.000000,1
799.418394,309.614010,0.000000,1
799.062069,309.771530,0.000000,1
798.709787,309.938108,0.000000,1
798.362264,310.114257,0.000000,1
798.020218,310.300488,0.000000,1
797.684307,310.497230,0.000000,1
797.353644,310.702667,0.000000,1
797.025667,310.912545,0.000000,1
796.697731,311.122490,0.000000,1
796.367187,311.328125,0.000000,1
796.332667,311.350539,0.000000,1
796.298391,311.373354,0.000000,1
796.264329,311.396522,0.000000,1
796.230454,311.419995,0.000000,1
796.196737,311.443728,0.000000,1
796.163149,311.467672,0.000000,1
796.129661,311.491782,0.000000,1
796.096245,311.516010,0.000000,1
796.062873,311.540308,0.000000,1
796.029515,311.564631,0.000000,1
795.996143,311.588931,0.000000,1
795.962728,311.613160,0.000000,1
795.929242,311.637273,0.000000,1
795.895657,311.661221,0.000000,1
795.861942,311.684959,0.000000,1
795.828071,311.708438,0.000000,1
795.794014,311.731613,0.000000,1
795.759742,311.754435,0.000000,1
795.725227,311.776858,0.000000,1
795.690441,311.798836,0.000000,1
795.655354,311.820320,0.000000,1
795.619957,311.841295,0.000000,1
795.584276,311.861803,0.000000,1
795.548341,311.881895,0.000000,1
795.512185,311.901622,0.000000,1
795.475837,311.921036,0.000000,1
795.439329,311.940187,0.000000,1
795.402692,311.959125,0.000000,1
795.365956,311.977901,0.000000,1
795.329153,311.996567,0.000000,1
795.292313,312.015174,0.000000,1
795.255468,312.033771,0.000000,1
795.218649,312.052410,0.000000,1
795.181886,312.071141,0.000000,1
795.145210,312.090017,0.000000,1
795.108652,312.109086,0.000000,1
795.072244,312.128401,0.000000,1
795.036017,312.148011,0.000000,1
795.000000,312.167969,0.000000,1
796.250000,347.656250,0.000000,1
796.250000,385.000000,0.000000,1
NaN,NaN,NaN,NaN
840.195312,300.722656,0.000000,1
839.531561,300.302095,0.000000,1
838.876147,299.866570,0.000000,1
838.218707,299.434681,0.000000,1
837.548878,299.025029,0.000000,1
836.858405,298.652511,0.000000,1
836.149571,298.313536,0.000000,1
835.427939,297.998745,0.000000,1
834.699075,297.698779,0.000000,1
833.968124,297.405067,0.000000,1
833.235990,297.116926,0.000000,1
832.501138,296.838219,0.000000,1
831.762004,296.572863,0.000000,1
831.017032,296.324752,0.000000,1
830.265570,296.095669,0.000000,1
829.508577,295.883623,0.000000,1
828.747179,295.686237,0.000000,1
827.982499,295.501131,0.000000,1
827.215622,295.326020,0.000000,1
826.447027,295.160013,0.000000,1
825.676716,295.003299,0.000000,1
824.904683,294.856099,0.000000,1
824.130918,294.718631,0.000000,1
823.355422,294.591094,0.000000,1
822.578289,294.473397,0.000000,1
821.799681,294.365253,0.000000,1
821.019757,294.266373,0.000000,1
820.238680,294.176468,0.000000,1
819.456611,294.095254,0.000000,1
818.673687,294.022756,0.000000,1
817.890014,293.959409,0.000000,1
817.105699,293.905679,0.000000,1
816.320846,293.862030,0.000000,1
815.535559,293.828927,0.000000,1
814.749942,293.806495,0.000000,1
813.964095,293.792378,0.000000,1
813.178112,293.783126,0.000000,1
812.392090,293.775283,0.000000,1
811.606125,293.765393,0.000000,1
810.820312,293.750000,0.000000,1
810.534705,293.759733,0.000000,1
810.248920,293.766698,0.000000,1
809.963019,293.771832,0.000000,1
809.677060,293.776071,0.000000,1
809.391103,293.780351,0.000000,1
809.105210,293.785606,0.000000,1
808.819438,293.792774,0.000000,1
808.533848,293.802789,0.000000,1
808.248500,293.816588,0.000000,1
807.963438,293.834837,0.000000,1
807.678648,293.857273,0.000000,1
807.394107,293.883431,0.000000,1
807.109789,293.912846,0.000000,1
806.825671,293.945052,0.000000,1
806.541728,293.979585,0.000000,1
806.257934,294.015978,0.000000,1
805.974266,294.053767,0.000000,1
805.690699,294.092487,0.000000,1
805.407212,294.131706,0.000000,1
805.123831,294.171424,0.000000,1
804.840614,294.211942,0.000000,1
804.557623,294.253566,0.000000,1
804.274915,294.296604,0.000000,1
803.992550,294.341363,0.000000,1
803.710589,294.388150,0.000000,1
803.429090,294.437271,0.000000,1
803.148113,294.489033,0.000000,1
802.867717,294.543744,0.000000,1
802.587957,294.601685,0.000000,1
802.308799,294.662682,0.000000,1
802.030130,294.726166,0.000000,1
801.751836,294.791557,0.000000,1
801.473803,294.858274,0.000000,1
801.195917,294.925737,0.000000,1
800.918064,294.993364,0.000000,1
800.640128,295.060576,0.000000,1
800.361996,295.126790,0.000000,1
800.083554,295.191427,0.000000,1
799.804687,295.253906,0.000000,1
799.502145,295.335749,0.000000,1
799.198465,295.414117,0.000000,1
798.893931,295.489878,0.000000,1
798.588829,295.563900,0.000000,1
798.283441,295.637052,0.000000,1
797.978053,295.710203,0.000000,1
797.672948,295.784220,0.000000,1
797.368412,295.859972,0.000000,1
797.064728,295.938327,0.000000,1
796.762180,296.020154,0.000000,1
796.461053,296.106321,0.000000,1
796.161580,296.197549,0.000000,1
795.863667,296.293624,0.000000,1
795.567093,296.393968,0.000000,1
795.271635,296.498002,0.000000,1
794.977072,296.605147,0.000000,1
794.683183,296.714822,0.000000,1
794.389746,296.826450,0.000000,1
794.096538,296.939449,0.000000,1
793.803339,297.053242,0.000000,1
793.509927,297.167249,0.000000,1
793.216101,297.280933,0.000000,1
792.922117,297.394639,0.000000,1
792.628655,297.509542,0.000000,1
792.336413,297.626849,0.000000,1
792.046088,297.747767,0.000000,1
791.758380,297.873502,0.000000,1
791.473984,298.005263,0.000000,1
791.193600,298.144254,0.000000,1
790.917924,298.291684,0.000000,1
790.647639,298.448732,0.000000,1
790.382671,298.615245,0.000000,1
790.121856,298.789147,0.000000,1
789.863943,298.968218,0.000000,1
789.607685,299.150232,0.000000,1
789.351832,299.332969,0.000000,1
789.095136,299.514205,0.000000,1
788.836348,299.691716,0.000000,1
788.574219,299.863281,0.000000,1
787.910156,299.863281,0.000000,1
787.638292,299.878433,0.000000,1
787.364952,299.882758,0.000000,1
787.091355,299.885207,0.000000,1
786.818724,299.894736,0.000000,1
786.548280,299.920297,0.000000,1
786.281032,299.968384,0.000000,1
786.017269,300.037166,0.000000,1
785.757132,300.123047,0.000000,1
785.500759,300.222433,0.000000,1
785.248288,300.331735,0.000000,1
785.000024,300.448546,0.000000,1
784.756668,300.573318,0.000000,1
784.518980,300.706922,0.000000,1
784.287720,300.850229,0.000000,1
784.063638,301.004093,0.000000,1
783.846921,301.168528,0.000000,1
783.636954,301.342340,0.000000,1
783.433061,301.524241,0.000000,1
783.234563,301.712944,0.000000,1
783.040844,301.907208,0.000000,1
782.852682,302.106838,0.000000,1
782.672249,302.312688,0.000000,1
782.501781,302.525658,0.000000,1
782.343513,302.746650,0.000000,1
782.199471,302.976459,0.000000,1
782.068846,303.214480,0.000000,1
781.948778,303.459091,0.000000,1
781.836359,303.708648,0.000000,1
781.728685,303.961505,0.000000,1
781.623528,304.216209,0.000000,1
781.523779,304.472730,0.000000,1
781.434672,304.731692,0.000000,1
781.361451,304.993720,0.000000,1
781.309359,305.259442,0.000000,1
781.281670,305.529192,0.000000,1
781.271707,305.801834,0.000000,1
781.269652,306.075765,0.000000,1
781.265688,306.349386,0.000000,1
781.250000,306.621094,0.000000,1
781.264012,307.681824,0.000000,1
781.273629,308.742615,0.000000,1
781.272242,309.803532,0.000000,1
781.285839,310.864118,0.000000,1
781.324398,311.924244,0.000000,1
781.360169,312.984521,0.000000,1
781.375418,314.045297,0.000000,1
781.390600,315.105996,0.000000,1
781.428393,316.166009,0.000000,1
781.480422,317.225636,0.000000,1
781.524450,318.285581,0.000000,1
781.551224,319.346111,0.000000,1
781.575983,320.406667,0.000000,1
781.615860,321.466629,0.000000,1
781.671687,322.525993,0.000000,1
781.729198,323.585326,0.000000,1
781.774484,324.645178,0.000000,1
781.808329,325.705498,0.000000,1
781.843215,326.765760,0.000000,1
781.891361,327.825447,0.000000,1
781.952048,328.884590,0.000000,1
782.011927,329.943753,0.000000,1
782.057498,331.003504,0.000000,1
782.087804,332.063901,0.000000,1
782.117136,333.124372,0.000000,1
782.160068,334.184334,0.000000,1
782.215447,335.243799,0.000000,1
782.265685,336.303397,0.000000,1
782.295203,337.363696,0.000000,1
782.313154,338.424430,0.000000,1
782.341557,339.484897,0.000000,1
782.388079,340.544809,0.000000,1
782.428810,341.604786,0.000000,1
782.442469,342.665408,0.000000,1
782.448263,343.726302,0.000000,1
782.475348,344.786830,0.000000,1
782.506772,345.847186,0.000000,1
782.508089,346.907907,0.000000,1
782.500000,347.968750,0.000000,1
782.500000,393.886719,0.000000,1
782.530183,394.216489,0.000000,1
782.546289,394.549106,0.000000,1
782.564146,394.881369,0.000000,1
782.599584,395.210078,0.000000,1
782.666974,395.532276,0.000000,1
782.766858,395.847345,0.000000,1
782.892134,396.155953,0.000000,1
783.035618,396.458785,0.000000,1
783.190129,396.756522,0.000000,1
783.350412,397.049578,0.000000,1
783.516554,397.337619,0.000000,1
783.689562,397.620182,0.000000,1
783.870445,397.896804,0.000000,1
784.060209,398.167020,0.000000,1
784.259400,398.430642,0.000000,1
784.466916,398.688458,0.000000,1
784.681288,398.941473,0.000000,1
784.901050,399.190689,0.000000,1
785.124732,399.437113,0.000000,1
785.350935,399.681678,0.000000,1
785.579637,399.923855,0.000000,1
785.812112,400.161744,0.000000,1
786.049684,400.393392,0.000000,1
786.293675,400.616846,0.000000,1
786.545411,400.830151,0.000000,1
786.805803,401.032058,0.000000,1
787.074212,401.223967,0.000000,1
787.349629,401.407906,0.000000,1
787.631046,401.585906,0.000000,1
787.917456,401.759994,0.000000,1
788.208169,401.930671,0.000000,1
788.504076,402.090835,0.000000,1
788.806563,402.231020,0.000000,1
789.117013,402.341759,0.000000,1
789.436783,402.413721,0.000000,1
789.765234,402.447569,0.000000,1
790.098397,402.460628,0.000000,1
790.431987,402.471803,0.000000,1
790.761719,402.500000,0.000000,1
791.051388,402.462420,0.000000,1
791.340582,402.422134,0.000000,1
791.625945,402.360849,0.000000,1
791.906828,402.279282,0.000000,1
792.183376,402.183657,0.000000,1
792.456324,402.079452,0.000000,1
792.727362,401.970923,0.000000,1
792.998269,401.862210,0.000000,1
793.270573,401.756867,0.000000,1
793.544026,401.654255,0.000000,1
793.817608,401.551924,0.000000,1
794.090294,401.447415,0.000000,1
794.361081,401.338313,0.000000,1
794.629615,401.223779,0.000000,1
794.896372,401.104974,0.000000,1
795.161879,400.983189,0.000000,1
795.426664,400.859711,0.000000,1
795.691256,400.735830,0.000000,1
795.956061,400.612539,0.000000,1
796.221116,400.489900,0.000000,1
796.486381,400.367800,0.000000,1
796.751820,400.246121,0.000000,1
797.017394,400.124750,0.000000,1
797.283065,400.003570,0.000000,1
797.548787,399.882451,0.000000,1
797.814455,399.761173,0.000000,1
798.079940,399.639481,0.000000,1
798.345117,399.517120,0.000000,1
798.609857,399.393836,0.000000,1
798.874034,399.269372,0.000000,1
799.137520,399.143476,0.000000,1
799.400210,399.015933,0.000000,1
799.662194,398.886936,0.000000,1
799.923671,398.756894,0.000000,1
800.184843,398.626221,0.000000,1
800.445908,398.495329,0.000000,1
800.707067,398.364631,0.000000,1
800.968521,398.234540,0.000000,1
801.230469,398.105469,0.000000,1
801.526948,397.959731,0.000000,1
801.822573,397.812215,0.000000,1
802.117690,397.663640,0.000000,1
802.412643,397.514726,0.000000,1
802.707778,397.366190,0.000000,1
803.003441,397.218753,0.000000,1
803.299977,397.073133,0.000000,1
803.597729,396.930045,0.000000,1
803.896778,396.789654,0.000000,1
804.196710,396.651100,0.000000,1
804.497058,396.513406,0.000000,1
804.797356,396.375596,0.000000,1
805.097134,396.236695,0.000000,1
805.395927,396.095726,0.000000,1
805.693266,395.951715,0.000000,1
805.988969,395.804284,0.000000,1
806.283646,395.654721,0.000000,1
806.578043,395.504601,0.000000,1
806.872906,395.355499,0.000000,1
807.168982,395.208991,0.000000,1
807.467016,395.066650,0.000000,1
807.767536,394.929588,0.000000,1
808.069813,394.796234,0.000000,1
808.372670,394.664067,0.000000,1
808.674930,394.530564,0.000000,1
808.975414,394.393201,0.000000,1
809.273030,394.249638,0.000000,1
809.568315,394.101078,0.000000,1
809.863282,393.951932,0.000000,1
810.159998,393.806727,0.000000,1
810.460528,393.669986,0.000000,1
810.765572,393.543199,0.000000,1
811.071891,393.419094,0.000000,1
811.375540,393.288832,0.000000,1
811.673023,393.144610,0.000000,1
811.967580,392.994102,0.000000,1
812.267627,392.856894,0.000000,1
812.578243,392.744719,0.000000,1
812.890625,392.636719,0.000000,1
813.797361,392.307540,0.000000,1
814.707548,391.987389,0.000000,1
815.618396,391.668969,0.000000,1
816.527118,391.344985,0.000000,1
817.430924,391.008141,0.000000,1
818.327564,390.652637,0.000000,1
819.217112,390.279160,0.000000,1
820.100273,389.890156,0.000000,1
820.977752,389.488072,0.000000,1
821.850256,389.075351,0.000000,1
822.718406,388.654096,0.000000,1
823.582495,388.225007,0.000000,1
824.442729,387.788428,0.000000,1
825.299314,387.344704,0.000000,1
826.152458,386.894182,0.000000,1
827.002078,386.436779,0.000000,1
827.847210,385.971106,0.000000,1
828.686719,385.495520,0.000000,1
829.519469,385.008378,0.000000,1
830.344327,384.508044,0.000000,1
831.160638,383.993730,0.000000,1
831.968712,383.466385,0.000000,1
832.768982,382.927168,0.000000,1
833.561877,382.377236,0.000000,1
834.347832,381.817747,0.000000,1
835.127435,381.249758,0.000000,1
835.901468,380.674202,0.000000,1
836.670725,380.092003,0.000000,1
837.436003,379.504084,0.000000,1
838.197934,378.911204,0.000000,1
838.954808,378.311682,0.000000,1
839.703152,377.702014,0.000000,1
840.439453,377.078645,0.000000,1
841.160196,376.438024,0.000000,1
841.862814,375.777607,0.000000,1
842.551643,375.102188,0.000000,1
843.234075,374.419810,0.000000,1
843.917518,373.738530,0.000000,1
844.609375,373.066406,0.000000,1
845.285821,372.344066,0.000000,1
845.973494,371.631707,0.000000,1
846.664237,370.922077,0.000000,1
847.349895,370.207926,0.000000,1
848.022312,369.482004,0.000000,1
848.673869,368.737567,0.000000,1
849.303054,367.973631,0.000000,1
849.912223,367.192864,0.000000,1
850.503797,366.397990,0.000000,1
851.080194,365.591734,0.000000,1
851.643775,364.776763,0.000000,1
852.195456,363.954291,0.000000,1
852.734663,363.124037,0.000000,1
853.260753,362.285651,0.000000,1
853.773081,361.438780,0.000000,1
854.270983,360.583076,0.000000,1
854.753284,359.718213,0.000000,1
855.218321,358.843894,0.000000,1
855.664409,357.959820,0.000000,1
856.089861,357.065693,0.000000,1
856.493118,356.161283,0.000000,1
856.873966,355.247090,0.000000,1
857.233013,354.324063,0.000000,1
857.570882,353.393158,0.000000,1
857.888194,352.455331,0.000000,1
858.185601,351.511424,0.000000,1
858.463882,350.561794,0.000000,1
858.723850,349.606667,0.000000,1
858.966319,348.646267,0.000000,1
859.192063,347.680818,0.000000,1
859.399105,346.710567,0.000000,1
859.580968,345.735795,0.000000,1
859.730757,344.756786,0.000000,1
859.841580,343.773823,0.000000,1
859.907754,342.787243,0.000000,1
859.938144,341.798007,0.000000,1
859.951222,340.807487,0.000000,1
859.965627,339.817067,0.000000,1
860.000000,338.828125,0.000000,1
859.986267,337.682633,0.000000,1
859.977016,336.536904,0.000000,1
859.921115,335.393641,0.000000,1
859.810039,334.253454,0.000000,1
859.671435,333.115183,0.000000,1
859.522508,331.978692,0.000000,1
859.349087,330.846773,0.000000,1
859.133947,329.722348,0.000000,1
858.881599,328.604780,0.000000,1
858.608796,327.491430,0.000000,1
858.321835,326.382037,0.000000,1
858.008581,325.280512,0.000000,1
857.657670,324.190443,0.000000,1
857.273935,323.110834,0.000000,1
856.868230,322.038994,0.000000,1
856.444118,320.974666,0.000000,1
855.995664,319.920762,0.000000,1
855.517866,318.879769,0.000000,1
855.013797,317.850910,0.000000,1
854.489002,316.832409,0.000000,1
853.945524,315.823972,0.000000,1
853.381054,314.827146,0.000000,1
852.792988,313.843790,0.000000,1
852.178591,312.876766,0.000000,1
851.535248,311.929132,0.000000,1
850.865091,311.000177,0.000000,1
850.175695,310.084879,0.000000,1
849.471789,309.180541,0.000000,1
848.745991,308.294334,0.000000,1
847.988718,307.435207,0.000000,1
847.200921,306.603312,0.000000,1
846.391624,305.792055,0.000000,1
845.566886,304.997081,0.000000,1
844.725832,304.219314,0.000000,1
843.866220,303.461264,0.000000,1
842.982567,302.731820,0.000000,1
842.068352,302.042117,0.000000,1
841.130922,301.383614,0.000000,1
840.195312,300.722656,0.000000,1
NaN,NaN,NaN,NaN
395.781250,393.378906,0.000000,1
395.735594,393.174054,0.000000,1
395.687671,392.969639,0.000000,1
395.638384,392.765488,0.000000,1
395.588637,392.561425,0.000000,1
395.539334,392.357277,0.000000,1
395.491378,392.152869,0.000000,1
395.445673,391.948026,0.000000,1
395.403123,391.742573,0.000000,1
395.364437,391.536378,0.000000,1
395.329501,391.329480,0.000000,1
395.297983,391.121963,0.000000,1
395.269549,390.913913,0.000000,1
395.243866,390.705416,0.000000,1
395.220602,390.496556,0.000000,1
395.199425,390.287419,0.000000,1
395.180000,390.078091,0.000000,1
395.161995,389.868656,0.000000,1
395.145129,389.659187,0.000000,1
395.129345,389.449696,0.000000,1
395.114644,389.240181,0.000000,1
395.101031,389.030639,0.000000,1
395.088506,388.821068,0.000000,1
395.077074,388.611466,0.000000,1
395.066736,388.401829,0.000000,1
395.057496,388.192156,0.000000,1
395.049356,387.982443,0.000000,1
395.042319,387.772689,0.000000,1
395.036384,387.562890,0.000000,1
395.031467,387.353049,0.000000,1
395.027398,387.143173,0.000000,1
395.024000,386.933269,0.000000,1
395.021099,386.723344,0.000000,1
395.018520,386.513407,0.000000,1
395.016088,386.303463,0.000000,1
395.013628,386.093520,0.000000,1
395.010964,385.883586,0.000000,1
395.007921,385.673667,0.000000,1
395.004325,385.463772,0.000000,1
395.000000,385.253906,0.000000,1
395.000000,373.496094,0.000000,1
395.008102,372.485300,0.000000,1
395.006943,371.474633,0.000000,1
394.975597,370.464351,0.000000,1
394.948297,369.453893,0.000000,1
394.942513,368.443048,0.000000,1
394.929358,367.432474,0.000000,1
394.889087,366.422577,0.000000,1
394.842441,365.412764,0.000000,1
394.813355,364.402385,0.000000,1
394.794937,363.391718,0.000000,1
394.765714,362.381478,0.000000,1
394.716274,361.371955,0.000000,1
394.661519,360.362579,0.000000,1
394.618570,359.352706,0.000000,1
394.588890,358.342313,0.000000,1
394.558262,357.332000,0.000000,1
394.512623,356.322355,0.000000,1
394.452676,355.313333,0.000000,1
394.391768,354.304337,0.000000,1
394.343143,353.294778,0.000000,1
394.307624,352.284620,0.000000,1
394.273300,351.274392,0.000000,1
394.228013,350.264636,0.000000,1
394.171079,349.255399,0.000000,1
394.115921,348.246125,0.000000,1
394.076218,347.236241,0.000000,1
394.050803,346.225767,0.000000,1
394.023166,345.215329,0.000000,1
393.978880,344.205484,0.000000,1
393.927439,343.195943,0.000000,1
393.890427,342.185991,0.000000,1
393.875303,341.175343,0.000000,1
393.859627,340.164631,0.000000,1
393.823759,339.154433,0.000000,1
393.785632,338.144380,0.000000,1
393.772318,337.133847,0.000000,1
393.773561,336.122977,0.000000,1
393.763909,335.112238,0.000000,1
393.750000,334.101563,0.000000,1
393.764215,333.326602,0.000000,1
393.773798,332.551554,0.000000,1
393.772184,331.776334,0.000000,1
393.786062,331.001581,0.000000,1
393.825005,330.227456,0.000000,1
393.860822,329.453114,0.000000,1
393.876481,328.678102,0.000000,1
393.892417,327.903201,0.000000,1
393.930276,327.129204,0.000000,1
393.981325,326.355690,0.000000,1
394.024530,325.581754,0.000000,1
394.051991,324.807091,0.000000,1
394.078107,324.032423,0.000000,1
394.118561,323.258523,0.000000,1
394.173484,322.485363,0.000000,1
394.229646,321.712226,0.000000,1
394.274400,320.938427,0.000000,1
394.309128,320.164068,0.000000,1
394.345397,319.389818,0.000000,1
394.394344,318.616322,0.000000,1
394.454558,317.843498,0.000000,1
394.513388,317.070613,0.000000,1
394.558261,316.296939,0.000000,1
394.589189,315.522454,0.000000,1
394.619769,314.747901,0.000000,1
394.663503,313.974022,0.000000,1
394.718182,313.200747,0.000000,1
394.766923,312.427250,0.000000,1
394.795400,311.652820,0.000000,1
394.813611,310.877859,0.000000,1
394.842836,310.103288,0.000000,1
394.889420,309.329447,0.000000,1
394.929434,308.555486,0.000000,1
394.942525,307.780649,0.000000,1
394.948502,307.005466,0.000000,1
394.975826,306.230784,0.000000,1
395.006950,305.456325,0.000000,1
395.008045,304.681369,0.000000,1
395.000000,303.906250,0.000000,1
394.983624,303.649446,0.000000,1
394.975659,303.391611,0.000000,1
394.969319,303.133576,0.000000,1
394.957818,302.876174,0.000000,1
394.934370,302.620237,0.000000,1
394.893629,302.366513,0.000000,1
394.836243,302.115387,0.000000,1
394.764427,301.867155,0.000000,1
394.680393,301.622110,0.000000,1
394.586354,301.380547,0.000000,1
394.484019,301.142814,0.000000,1
394.373341,300.909447,0.000000,1
394.253890,300.681024,0.000000,1
394.125238,300.458124,0.000000,1
393.986958,300.241321,0.000000,1
393.839009,300.030927,0.000000,1
393.682207,299.826659,0.000000,1
393.517485,299.628155,0.000000,1
393.345777,299.435050,0.000000,1
393.168002,299.247001,0.000000,1
392.984463,299.064479,0.000000,1
392.794586,298.889120,0.000000,1
392.597730,298.722649,0.000000,1
392.393253,298.566788,0.000000,1
392.180572,298.423155,0.000000,1
391.960076,298.291538,0.000000,1
391.732977,298.170186,0.000000,1
391.500511,298.057298,0.000000,1
391.263915,297.951075,0.000000,1
391.024301,297.850212,0.000000,1
390.781887,297.756990,0.000000,1
390.536496,297.675272,0.000000,1
390.287948,297.608926,0.000000,1
390.036066,297.561822,0.000000,1
389.780880,297.536048,0.000000,1
389.523396,297.525479,0.000000,1
389.264898,297.521613,0.000000,1
389.006671,297.515954,0.000000,1
388.750000,297.500000,0.000000,1
388.494240,297.516349,0.000000,1
388.236679,297.521861,0.000000,1
387.978870,297.525875,0.000000,1
387.722363,297.537728,0.000000,1
387.468708,297.566748,0.000000,1
387.218932,297.618679,0.000000,1
386.972728,297.690193,0.000000,1
386.729585,297.776546,0.000000,1
386.488991,297.872997,0.000000,1
386.250446,297.974848,0.000000,1
386.014213,298.080110,0.000000,1
385.781707,298.190898,0.000000,1
385.554444,298.309673,0.000000,1
385.333935,298.438897,0.000000,1
385.121627,298.580904,0.000000,1
384.917685,298.735691,0.000000,1
384.721155,298.901212,0.000000,1
384.531047,299.075349,0.000000,1
384.346370,299.255984,0.000000,1
384.166264,299.441156,0.000000,1
383.991349,299.630627,0.000000,1
383.823168,299.825240,0.000000,1
383.663279,300.025857,0.000000,1
383.513242,300.233338,0.000000,1
383.374406,300.448393,0.000000,1
383.246531,300.670583,0.000000,1
383.128641,300.898940,0.000000,1
383.019757,301.132494,0.000000,1
382.918899,301.370272,0.000000,1
382.825516,301.611409,0.000000,1
382.741315,301.855589,0.000000,1
382.668750,302.102681,0.000000,1
382.610271,302.352553,0.000000,1
382.568331,302.605072,0.000000,1
382.543917,302.859983,0.000000,1
382.531780,303.116514,0.000000,1
382.525017,303.373754,0.000000,1
382.516725,303.630793,0.000000,1
382.500000,303.886719,0.000000,1
382.507989,304.659835,0.000000,1
382.507034,305.432793,0.000000,1
382.476230,306.205258,0.000000,1
382.448837,306.977938,0.000000,1
382.442319,307.751111,0.000000,1
382.428848,308.523944,0.000000,1
382.389072,309.295916,0.000000,1
382.342948,310.067774,0.000000,1
382.313726,310.840344,0.000000,1
382.294861,311.613282,0.000000,1
382.265615,312.385682,0.000000,1
382.216688,313.157169,0.000000,1
382.162421,313.928461,0.000000,1
382.119435,314.700374,0.000000,1
382.089371,315.472950,0.000000,1
382.058466,316.245428,0.000000,1
382.013010,317.017057,0.000000,1
381.953437,317.787884,0.000000,1
381.892742,318.558664,0.000000,1
381.843901,319.330154,0.000000,1
381.808054,320.102421,0.000000,1
381.773697,320.874797,0.000000,1
381.728973,321.646593,0.000000,1
381.672725,322.417719,0.000000,1
381.617867,323.188875,0.000000,1
381.577800,323.960789,0.000000,1
381.552130,324.733475,0.000000,1
381.524799,325.506138,0.000000,1
381.481209,326.278045,0.000000,1
381.429677,327.049522,0.000000,1
381.391610,327.821500,0.000000,1
381.375673,328.594397,0.000000,1
381.360204,329.367416,0.000000,1
381.324967,330.139778,0.000000,1
381.286619,330.911927,0.000000,1
381.272567,331.684685,0.000000,1
381.273637,332.457898,0.000000,1
381.264054,333.230945,0.000000,1
381.250000,334.003906,0.000000,1
381.250000,343.750000,0.000000,1
380.504772,343.728431,0.000000,1
379.759502,343.708880,0.000000,1
379.014241,343.688880,0.000000,1
378.269042,343.665962,0.000000,1
377.523966,343.637867,0.000000,1
376.779134,343.603495,0.000000,1
376.034683,343.562143,0.000000,1
375.290751,343.513108,0.000000,1
374.547465,343.455807,0.000000,1
373.804770,343.391257,0.000000,1
373.062483,343.321647,0.000000,1
372.320415,343.249192,0.000000,1
371.578380,343.176105,0.000000,1
370.836280,343.103682,0.000000,1
370.094273,343.030613,0.000000,1
369.352561,342.955130,0.000000,1
368.611349,342.875462,0.000000,1
367.870833,342.789870,0.000000,1
367.131050,342.698018,0.000000,1
366.391795,342.601582,0.000000,1
365.652847,342.502391,0.000000,1
364.913984,342.402276,0.000000,1
364.174989,342.303038,0.000000,1
363.435832,342.205070,0.000000,1
362.696745,342.106799,0.000000,1
361.957979,342.006508,0.000000,1
361.219787,341.902477,0.000000,1
360.482420,341.792990,0.000000,1
359.746022,341.677067,0.000000,1
359.010453,341.555682,0.000000,1
358.275528,341.430132,0.000000,1
357.541059,341.301713,0.000000,1
356.806861,341.171720,0.000000,1
356.072756,341.041388,0.000000,1
355.338668,340.911183,0.000000,1
354.604588,340.781059,0.000000,1
353.870512,340.650962,0.000000,1
353.136433,340.520835,0.000000,1
352.402344,340.390625,0.000000,1
323.750000,334.980469,0.000000,1
323.757751,334.119290,0.000000,1
323.757993,333.258228,0.000000,1
323.728807,332.397599,0.000000,1
323.700519,331.536828,0.000000,1
323.693640,330.675596,0.000000,1
323.682586,329.814603,0.000000,1
323.644605,328.954415,0.000000,1
323.597293,328.094421,0.000000,1
323.566176,327.233799,0.000000,1
323.548286,326.372740,0.000000,1
323.521459,325.512117,0.000000,1
323.472872,324.652414,0.000000,1
323.416708,323.792980,0.000000,1
323.371400,322.932991,0.000000,1
323.340697,322.072315,0.000000,1
323.309901,321.211696,0.000000,1
323.263899,320.351891,0.000000,1
323.202743,319.492875,0.000000,1
323.140568,318.633892,0.000000,1
323.091378,317.774196,0.000000,1
323.055396,316.913775,0.000000,1
323.019857,316.053309,0.000000,1
322.972137,315.193471,0.000000,1
322.913518,314.334221,0.000000,1
322.858595,313.474834,0.000000,1
322.821106,312.614624,0.000000,1
322.796366,311.753775,0.000000,1
322.766669,310.893088,0.000000,1
322.719418,310.033150,0.000000,1
322.668599,309.173436,0.000000,1
322.635858,308.313096,0.000000,1
322.622766,307.452007,0.000000,1
322.604996,306.590975,0.000000,1
322.567315,305.730549,0.000000,1
322.531736,304.870176,0.000000,1
322.521859,304.009220,0.000000,1
322.523357,303.147942,0.000000,1
322.513353,302.286833,0.000000,1
322.500000,301.425781,0.000000,1
322.483256,301.168743,0.000000,1
322.474674,300.910732,0.000000,1
322.467520,300.652551,0.000000,1
322.455057,300.395003,0.000000,1
322.430551,300.138889,0.000000,1
322.388918,299.884934,0.000000,1
322.330893,299.633580,0.000000,1
322.258497,299.385209,0.000000,1
322.173751,299.140203,0.000000,1
322.078673,298.898943,0.000000,1
321.974782,298.661813,0.000000,1
321.862235,298.429204,0.000000,1
321.740960,298.201508,0.000000,1
321.610886,297.979116,0.000000,1
321.471943,297.762418,0.000000,1
321.324339,297.551543,0.000000,1
321.168790,297.346145,0.000000,1
321.006065,297.145829,0.000000,1
320.836934,296.950196,0.000000,1
320.662147,296.758881,0.000000,1
320.481737,296.572607,0.000000,1
320.294824,296.393485,0.000000,1
320.100471,296.223713,0.000000,1
319.897740,296.065490,0.000000,1
319.685772,295.920873,0.000000,1
319.465030,295.789564,0.000000,1
319.237065,295.669313,0.000000,1
319.003465,295.557810,0.000000,1
318.765816,295.452747,0.000000,1
318.525545,295.352357,0.000000,1
318.282872,295.258930,0.000000,1
318.037475,295.176596,0.000000,1
317.789026,295.109492,0.000000,1
317.537199,295.061758,0.000000,1
317.281908,295.035713,0.000000,1
317.024183,295.025175,0.000000,1
316.765385,295.021485,0.000000,1
316.506871,295.015980,0.000000,1
316.250000,295.000000,0.000000,1
315.992613,295.015975,0.000000,1
315.733994,295.022444,0.000000,1
315.475166,295.027299,0.000000,1
315.217152,295.038430,0.000000,1
314.960972,295.063725,0.000000,1
314.707514,295.108942,0.000000,1
314.457206,295.172762,0.000000,1
314.210387,295.252399,0.000000,1
313.967392,295.345068,0.000000,1
313.728557,295.447988,0.000000,1
313.494245,295.559259,0.000000,1
313.264873,295.678939,0.000000,1
313.040867,295.807350,0.000000,1
312.822650,295.944816,0.000000,1
312.610645,296.091648,0.000000,1
312.405106,296.247758,0.000000,1
312.206080,296.412548,0.000000,1
312.013596,296.585385,0.000000,1
311.827686,296.765636,0.000000,1
311.648406,296.952686,0.000000,1
311.476252,297.146250,0.000000,1
311.312102,297.346324,0.000000,1
311.156848,297.552915,0.000000,1
311.011381,297.766029,0.000000,1
310.876489,297.985635,0.000000,1
310.751811,298.211259,0.000000,1
310.636270,298.442153,0.000000,1
310.528776,298.677566,0.000000,1
310.428239,298.916747,0.000000,1
310.333972,299.159014,0.000000,1
310.247887,299.404152,0.000000,1
310.172941,299.652130,0.000000,1
310.112091,299.902919,0.000000,1
310.068295,300.156489,0.000000,1
310.043025,300.412669,0.000000,1
310.030906,300.670644,0.000000,1
310.024592,300.929411,0.000000,1
310.016739,301.187968,0.000000,1
310.000000,301.445313,0.000000,1
310.014142,302.511544,0.000000,1
310.023743,303.577839,0.000000,1
310.022120,304.644260,0.000000,1
310.035792,305.710344,0.000000,1
310.074691,306.775967,0.000000,1
310.110625,307.841744,0.000000,1
310.125792,308.908023,0.000000,1
310.140793,309.974229,0.000000,1
310.178308,311.039759,0.000000,1
310.230068,312.104908,0.000000,1
310.274220,313.170359,0.000000,1
310.301690,314.236371,0.000000,1
310.327096,315.302414,0.000000,1
310.366826,316.367898,0.000000,1
310.421726,317.432818,0.000000,1
310.478330,318.497706,0.000000,1
310.523539,319.563073,0.000000,1
310.558167,320.628871,0.000000,1
310.593952,321.694605,0.000000,1
310.642364,322.759793,0.000000,1
310.702574,323.824471,0.000000,1
310.761852,324.889174,0.000000,1
310.807361,325.954443,0.000000,1
310.838408,327.020321,0.000000,1
310.868554,328.086271,0.000000,1
310.911543,329.151743,0.000000,1
310.966025,330.216757,0.000000,1
311.015274,331.281909,0.000000,1
311.044655,332.347728,0.000000,1
311.063321,333.413948,0.000000,1
311.092398,334.479902,0.000000,1
311.138846,335.545326,0.000000,1
311.179045,336.610828,0.000000,1
311.192304,337.676964,0.000000,1
311.198120,338.743357,0.000000,1
311.225447,339.809384,0.000000,1
311.256947,340.875242,0.000000,1
311.258149,341.941467,0.000000,1
311.250000,343.007813,0.000000,1
311.250000,364.863281,0.000000,1
311.264012,365.663764,0.000000,1
311.273598,366.464330,0.000000,1
311.272179,367.265062,0.000000,1
311.286001,368.065347,0.000000,1
311.324868,368.865020,0.000000,1
311.360716,369.664897,0.000000,1
311.375978,370.465437,0.000000,1
311.391125,371.265881,0.000000,1
311.428553,372.065436,0.000000,1
311.480020,372.864491,0.000000,1
311.523949,373.663944,0.000000,1
311.551374,374.464136,0.000000,1
311.576784,375.264364,0.000000,1
311.616469,376.063852,0.000000,1
311.671367,376.862586,0.000000,1
311.727963,377.661275,0.000000,1
311.773022,378.460612,0.000000,1
311.807154,379.260539,0.000000,1
311.842342,380.060386,0.000000,1
311.890408,380.859493,0.000000,1
311.950917,381.657885,0.000000,1
312.010795,382.456292,0.000000,1
312.056694,383.255460,0.000000,1
312.087179,384.055490,0.000000,1
312.116254,384.855641,0.000000,1
312.158442,385.655145,0.000000,1
312.213392,386.453977,0.000000,1
312.263911,387.252953,0.000000,1
312.294272,388.052831,0.000000,1
312.312487,388.853307,0.000000,1
312.340216,389.653468,0.000000,1
312.386228,390.452892,0.000000,1
312.427470,391.252368,0.000000,1
312.442090,392.052681,0.000000,1
312.447900,392.853380,0.000000,1
312.474506,393.653608,0.000000,1
312.506293,394.453590,0.000000,1
312.508099,395.254053,0.000000,1
312.500000,396.054688,0.000000,1
312.516298,396.312691,0.000000,1
312.523845,396.571839,0.000000,1
312.529572,396.831225,0.000000,1
312.540413,397.089942,0.000000,1
312.563299,397.347084,0.000000,1
312.603849,397.601856,0.000000,1
312.661293,397.854010,0.000000,1
312.732919,398.103466,0.000000,1
312.816016,398.350141,0.000000,1
312.907871,398.593954,0.000000,1
313.006385,398.834711,0.000000,1
313.112034,399.071742,0.000000,1
313.225966,399.304255,0.000000,1
313.349329,399.531458,0.000000,1
313.483270,399.752556,0.000000,1
313.628430,399.966894,0.000000,1
313.784156,400.174157,0.000000,1
313.949592,400.374089,0.000000,1
314.123880,400.566431,0.000000,1
314.306163,400.750929,0.000000,1
314.495677,400.927557,0.000000,1
314.691804,401.096657,0.000000,1
314.893939,401.258606,0.000000,1
315.101479,401.413780,0.000000,1
315.313841,401.562513,0.000000,1
315.530932,401.704262,0.000000,1
315.753114,401.837655,0.000000,1
315.980769,401.961289,0.000000,1
316.214278,402.073759,0.000000,1
316.453925,402.173699,0.000000,1
316.699137,402.260073,0.000000,1
316.948915,402.332012,0.000000,1
317.202253,402.388648,0.000000,1
317.458146,402.429112,0.000000,1
317.715650,402.453441,0.000000,1
317.974125,402.466397,0.000000,1
318.233034,402.474277,0.000000,1
318.491838,402.483379,0.000000,1
318.750000,402.500000,0.000000,1
319.007478,402.483985,0.000000,1
319.266646,402.478535,0.000000,1
319.526100,402.474877,0.000000,1
319.784438,402.464237,0.000000,1
320.040256,402.437845,0.000000,1
320.292513,402.389540,0.000000,1
320.541369,402.321801,0.000000,1
320.787229,402.238896,0.000000,1
321.030501,402.145091,0.000000,1
321.271587,402.044637,0.000000,1
321.510214,401.939732,0.000000,1
321.744719,401.828324,0.000000,1
321.973263,401.707837,0.000000,1
322.194011,401.575696,0.000000,1
322.405182,401.429414,0.000000,1
322.606530,401.268924,0.000000,1
322.799511,401.096837,0.000000,1
322.985667,400.915902,0.000000,1
323.166540,400.728870,0.000000,1
323.343522,400.538308,0.000000,1
323.516182,400.344597,0.000000,1
323.682893,400.146684,0.000000,1
323.842003,399.943487,0.000000,1
323.991865,399.733925,0.000000,1
324.131059,399.517102,0.000000,1
324.259718,399.293371,0.000000,1
324.378619,399.063599,0.000000,1
324.488540,398.828655,0.000000,1
324.590258,398.589407,0.000000,1
324.684031,398.346616,0.000000,1
324.768009,398.100595,0.000000,1
324.839810,397.851545,0.000000,1
324.897051,397.599667,0.000000,1
324.937349,397.345163,0.000000,1
324.960100,397.088364,0.000000,1
324.970857,396.830044,0.000000,1
324.976504,396.571076,0.000000,1
324.983924,396.312333,0.000000,1
325.000000,396.054688,0.000000,1
325.008091,395.245049,0.000000,1
325.006887,394.435569,0.000000,1
324.975579,393.626566,0.000000,1
324.948384,392.817342,0.000000,1
324.942268,392.007644,0.000000,1
324.928390,391.198296,0.000000,1
324.887827,390.389781,0.000000,1
324.841552,389.581351,0.000000,1
324.812942,388.772213,0.000000,1
324.794449,387.962736,0.000000,1
324.764838,387.153804,0.000000,1
324.715307,386.345752,0.000000,1
324.660806,385.537869,0.000000,1
324.618216,384.729362,0.000000,1
324.588666,383.920219,0.000000,1
324.558026,383.111181,0.000000,1
324.512398,382.302976,0.000000,1
324.452594,381.495539,0.000000,1
324.391854,380.688133,0.000000,1
324.343308,379.880032,0.000000,1
324.307819,379.071186,0.000000,1
324.273597,378.262249,0.000000,1
324.228573,377.453891,0.000000,1
324.171875,376.646182,0.000000,1
324.116766,375.838434,0.000000,1
324.076866,375.029941,0.000000,1
324.051361,374.220706,0.000000,1
324.023886,373.411505,0.000000,1
323.979870,372.603038,0.000000,1
323.928339,371.794965,0.000000,1
323.890959,370.986392,0.000000,1
323.875853,370.176938,0.000000,1
323.860503,369.367394,0.000000,1
323.824544,368.558507,0.000000,1
323.785777,367.749816,0.000000,1
323.772140,366.940518,0.000000,1
323.773580,366.130781,0.000000,1
323.763974,365.321209,0.000000,1
323.750000,364.511719,0.000000,1
323.750000,347.851562,0.000000,1
352.910156,353.046875,0.000000,1
353.659278,353.174989,0.000000,1
354.407950,353.305882,0.000000,1
355.156471,353.437713,0.000000,1
355.905139,353.568640,0.000000,1
356.654249,353.696821,0.000000,1
357.404096,353.820442,0.000000,1
358.154781,353.938878,0.000000,1
358.906137,354.053161,0.000000,1
359.657978,354.164442,0.000000,1
360.410118,354.273873,0.000000,1
361.162371,354.382607,0.000000,1
361.914590,354.491535,0.000000,1
362.666836,354.600162,0.000000,1
363.419236,354.707535,0.000000,1
364.171920,354.812699,0.000000,1
364.925017,354.914701,0.000000,1
365.678644,355.012662,0.000000,1
366.432805,355.106556,0.000000,1
367.187427,355.196900,0.000000,1
367.942438,355.284217,0.000000,1
368.697764,355.369032,0.000000,1
369.453341,355.451789,0.000000,1
370.209180,355.532052,0.000000,1
370.965345,355.608834,0.000000,1
371.721898,355.681138,0.000000,1
372.478902,355.747967,0.000000,1
373.236396,355.808697,0.000000,1
373.994294,355.864570,0.000000,1
374.752473,355.917412,0.000000,1
375.510808,355.969046,0.000000,1
376.269177,356.021233,0.000000,1
377.027571,356.073404,0.000000,1
377.786114,356.122076,0.000000,1
378.544943,356.163585,0.000000,1
379.304191,356.194267,0.000000,1
380.063904,356.212804,0.000000,1
380.823890,356.224217,0.000000,1
381.583917,356.234588,0.000000,1
382.343750,356.250000,0.000000,1
382.355121,356.988617,0.000000,1
382.366078,357.727239,0.000000,1
382.377342,358.465857,0.000000,1
382.389605,359.204465,0.000000,1
382.402630,359.943066,0.000000,1
382.415035,360.681672,0.000000,1
382.425371,361.420297,0.000000,1
382.432276,362.158955,0.000000,1
382.435897,362.897643,0.000000,1
382.437642,363.636351,0.000000,1
382.438957,364.375065,0.000000,1
382.441277,365.113774,0.000000,1
382.445272,365.852470,0.000000,1
382.450361,366.591157,0.000000,1
382.455847,367.329841,0.000000,1
382.461034,368.068526,0.000000,1
382.465278,368.807216,0.000000,1
382.468611,369.545912,0.000000,1
382.471518,370.284610,0.000000,1
382.474491,371.023310,0.000000,1
382.478024,371.762008,0.000000,1
382.482576,372.500701,0.000000,1
382.488014,373.239391,0.000000,1
382.493721,373.978078,0.000000,1
382.499067,374.716765,0.000000,1
382.503419,375.455453,0.000000,1
382.506146,376.194145,0.000000,1
382.506870,376.932842,0.000000,1
382.506009,377.671544,0.000000,1
382.504134,378.410248,0.000000,1
382.501817,379.148954,0.000000,1
382.499628,379.887661,0.000000,1
382.498139,380.626367,0.000000,1
382.497674,381.365072,0.000000,1
382.497976,382.103777,0.000000,1
382.498702,382.842481,0.000000,1
382.499510,383.581185,0.000000,1
382.500056,384.319889,0.000000,1
382.500000,385.058594,0.000000,1
382.508762,385.326522,0.000000,1
382.514868,385.594606,0.000000,1
382.519139,385.862796,0.000000,1
382.522396,386.131045,0.000000,1
382.525459,386.399305,0.000000,1
382.529151,386.667529,0.000000,1
382.534290,386.935668,0.000000,1
382.541699,387.203676,0.000000,1
382.552198,387.471503,0.000000,1
382.566591,387.739104,0.000000,1
382.585174,388.006453,0.000000,1
382.607668,388.273548,0.000000,1
382.633767,388.540390,0.000000,1
382.663161,388.806979,0.000000,1
382.695544,389.073316,0.000000,1
382.730605,389.339399,0.000000,1
382.768039,389.605230,0.000000,1
382.807536,389.870809,0.000000,1
382.848788,390.136136,0.000000,1
382.891529,390.401207,0.000000,1
382.935800,390.665983,0.000000,1
382.981791,390.930409,0.000000,1
383.029688,391.194430,0.000000,1
383.079682,391.457992,0.000000,1
383.131959,391.721040,0.000000,1
383.186708,391.983519,0.000000,1
383.244118,392.245375,0.000000,1
383.304376,392.506553,0.000000,1
383.367672,392.766997,0.000000,1
383.434083,393.026682,0.000000,1
383.503174,393.285711,0.000000,1
383.574360,393.544229,0.000000,1
383.647052,393.802378,0.000000,1
383.720666,394.060303,0.000000,1
383.794615,394.318145,0.000000,1
383.868312,394.576049,0.000000,1
383.941172,394.834158,0.000000,1
384.012607,395.092614,0.000000,1
384.082031,395.351563,0.000000,1
384.159050,395.595329,0.000000,1
384.230622,395.841186,0.000000,1
384.299485,396.088082,0.000000,1
384.368380,396.334966,0.000000,1
384.440046,396.580787,0.000000,1
384.517222,396.824493,0.000000,1
384.602617,397.065045,0.000000,1
384.697136,397.302117,0.000000,1
384.798927,397.536470,0.000000,1
384.905903,397.768960,0.000000,1
385.015979,398.000441,0.000000,1
385.127070,398.231768,0.000000,1
385.237092,398.463793,0.000000,1
385.345148,398.696775,0.000000,1
385.453212,398.929531,0.000000,1
385.563692,399.160661,0.000000,1
385.678993,399.388766,0.000000,1
385.801521,399.612446,0.000000,1
385.933474,399.830429,0.000000,1
386.074678,400.042894,0.000000,1
386.223459,400.250938,0.000000,1
386.378114,400.455674,0.000000,1
386.536944,400.658215,0.000000,1
386.698629,400.859246,0.000000,1
386.864629,401.056335,0.000000,1
387.037629,401.245677,0.000000,1
387.220318,401.423460,0.000000,1
387.415317,401.585971,0.000000,1
387.622821,401.732934,0.000000,1
387.840047,401.868293,0.000000,1
388.064031,401.996249,0.000000,1
388.291887,402.120754,0.000000,1
388.522894,402.239105,0.000000,1
388.758669,402.341375,0.000000,1
389.000950,402.417276,0.000000,1
389.251152,402.458114,0.000000,1
389.507168,402.472576,0.000000,1
389.764729,402.480029,0.000000,1
390.019531,402.500000,0.000000,1
390.274507,402.481849,0.000000,1
390.530508,402.472061,0.000000,1
390.786554,402.462629,0.000000,1
391.041660,402.445543,0.000000,1
391.294848,402.412909,0.000000,1
391.545293,402.361134,0.000000,1
391.792367,402.292135,0.000000,1
392.035455,402.208191,0.000000,1
392.273944,402.111579,0.000000,1
392.507284,402.004458,0.000000,1
392.735465,401.888021,0.000000,1
392.958740,401.762993,0.000000,1
393.177364,401.630092,0.000000,1
393.391590,401.490038,0.000000,1
393.601521,401.343386,0.000000,1
393.806704,401.190090,0.000000,1
394.006553,401.029961,0.000000,1
394.200486,400.862811,0.000000,1
394.387919,400.688453,0.000000,1
394.568386,400.506846,0.000000,1
394.741749,400.318356,0.000000,1
394.907928,400.123421,0.000000,1
395.066842,399.922478,0.000000,1
395.218410,399.715965,0.000000,1
395.362403,399.504194,0.000000,1
395.498204,399.287150,0.000000,1
395.625129,399.064764,0.000000,1
395.742496,398.836966,0.000000,1
395.849624,398.603687,0.000000,1
395.945626,398.365075,0.000000,1
396.029132,398.121793,0.000000,1
396.098700,397.874578,0.000000,1
396.152890,397.624169,0.000000,1
396.190262,397.371305,0.000000,1
396.211244,397.116700,0.000000,1
396.221343,396.861004,0.000000,1
396.226925,396.604854,0.000000,1
396.234355,396.348890,0.000000,1
396.250000,396.093750,0.000000,1
396.242698,396.023347,0.000000,1
396.236512,395.952756,0.000000,1
396.231283,395.882004,0.000000,1
396.226852,395.811118,0.000000,1
396.223061,395.740125,0.000000,1
396.219751,395.669051,0.000000,1
396.216762,395.597924,0.000000,1
396.213937,395.526768,0.000000,1
396.211116,395.455612,0.000000,1
396.208141,395.384482,0.000000,1
396.204853,395.313405,0.000000,1
396.201092,395.242406,0.000000,1
396.196701,395.171514,0.000000,1
396.191520,395.100754,0.000000,1
396.185391,395.030154,0.000000,1
396.178155,394.959739,0.000000,1
396.169652,394.889537,0.000000,1
396.159725,394.819575,0.000000,1
396.148220,394.749877,0.000000,1
396.135122,394.680447,0.000000,1
396.120574,394.611260,0.000000,1
396.104725,394.542292,0.000000,1
396.087725,394.473517,0.000000,1
396.069723,394.404910,0.000000,1
396.050869,394.336446,0.000000,1
396.031313,394.268101,0.000000,1
396.011204,394.199848,0.000000,1
395.990693,394.131662,0.000000,1
395.969927,394.063520,0.000000,1
395.949058,393.995394,0.000000,1
395.928235,393.927262,0.000000,1
395.907607,393.859096,0.000000,1
395.887324,393.790872,0.000000,1
395.867536,393.722565,0.000000,1
395.848391,393.654150,0.000000,1
395.830041,393.585602,0.000000,1
395.812635,393.516895,0.000000,1
395.796321,393.448005,0.000000,1
395.781250,393.378906,0.000000,1
NaN,NaN,NaN,NaN
485.625000,297.500000,0.000000,1
485.096738,297.551502,0.000000,1
484.561713,297.579122,0.000000,1
484.040502,297.655527,0.000000,1
483.549320,297.835686,0.000000,1
483.086618,298.102414,0.000000,1
482.646318,298.420138,0.000000,1
482.222887,298.755762,0.000000,1
481.816186,299.100691,0.000000,1
481.429151,299.460319,0.000000,1
481.064758,299.840203,0.000000,1
480.724550,300.243814,0.000000,1
480.405054,300.667302,0.000000,1
480.101699,301.105212,0.000000,1
479.809910,301.552090,0.000000,1
479.525519,302.002916,0.000000,1
479.247942,302.456539,0.000000,1
478.978481,302.913843,0.000000,1
478.718453,303.375725,0.000000,1
478.469176,303.843087,0.000000,1
478.231776,304.316708,0.000000,1
478.005563,304.796225,0.000000,1
477.788834,305.280635,0.000000,1
477.579872,305.768932,0.000000,1
477.376964,306.260106,0.000000,1
477.178392,306.753150,0.000000,1
476.982762,307.247214,0.000000,1
476.790370,307.742309,0.000000,1
476.602078,308.238725,0.000000,1
476.418746,308.736754,0.000000,1
476.241238,309.236689,0.000000,1
476.070413,309.738823,0.000000,1
475.907126,310.243445,0.000000,1
475.751333,310.750544,0.000000,1
475.601192,311.259514,0.000000,1
475.454645,311.769672,0.000000,1
475.309636,312.280339,0.000000,1
475.164110,312.790836,0.000000,1
475.016011,313.300480,0.000000,1
474.863281,313.808594,0.000000,1
474.710679,314.342441,0.000000,1
474.556975,314.875973,0.000000,1
474.404698,315.409914,0.000000,1
474.256218,315.944935,0.000000,1
474.112379,316.481237,0.000000,1
473.973190,317.018765,0.000000,1
473.838654,317.557459,0.000000,1
473.708452,318.097199,0.000000,1
473.581391,318.637692,0.000000,1
473.456133,319.178621,0.000000,1
473.331338,319.719666,0.000000,1
473.206069,320.260601,0.000000,1
473.080867,320.801544,0.000000,1
472.956616,321.342694,0.000000,1
472.834196,321.884247,0.000000,1
472.714474,322.426397,0.000000,1
472.597753,322.969210,0.000000,1
472.483635,323.512590,0.000000,1
472.371676,324.056433,0.000000,1
472.261432,324.600633,0.000000,1
472.152460,325.145086,0.000000,1
472.044419,325.689713,0.000000,1
471.937151,326.234485,0.000000,1
471.830514,326.779376,0.000000,1
471.724367,327.324360,0.000000,1
471.618569,327.869413,0.000000,1
471.512989,328.414509,0.000000,1
471.407620,328.959649,0.000000,1
471.302540,329.504846,0.000000,1
471.197831,330.050114,0.000000,1
471.093573,330.595469,0.000000,1
470.989846,331.140925,0.000000,1
470.886726,331.686495,0.000000,1
470.784164,332.232171,0.000000,1
470.681984,332.777917,0.000000,1
470.580003,333.323702,0.000000,1
470.478040,333.869489,0.000000,1
470.375912,334.415246,0.000000,1
470.273437,334.960938,0.000000,1
469.836923,334.890929,0.000000,1
469.400062,334.822908,0.000000,1
468.962984,334.756129,0.000000,1
468.525820,334.689850,0.000000,1
468.088698,334.623325,0.000000,1
467.651749,334.555812,0.000000,1
467.215102,334.486565,0.000000,1
466.778885,334.414842,0.000000,1
466.343222,334.339948,0.000000,1
465.908124,334.261816,0.000000,1
465.473532,334.180810,0.000000,1
465.039382,334.097301,0.000000,1
464.605614,334.011663,0.000000,1
464.172164,333.924266,0.000000,1
463.738972,333.835482,0.000000,1
463.305975,333.745684,0.000000,1
462.873110,333.655243,0.000000,1
462.440318,333.564522,0.000000,1
462.007577,333.473660,0.000000,1
461.574903,333.382571,0.000000,1
461.142316,333.291158,0.000000,1
460.709835,333.199323,0.000000,1
460.277478,333.106971,0.000000,1
459.845264,333.014003,0.000000,1
459.413212,332.920324,0.000000,1
458.981342,332.825836,0.000000,1
458.549671,332.730443,0.000000,1
458.118219,332.634047,0.000000,1
457.686991,332.536622,0.000000,1
457.255953,332.438314,0.000000,1
456.825068,332.339301,0.000000,1
456.394298,332.239760,0.000000,1
455.963604,332.139865,0.000000,1
455.532949,332.039794,0.000000,1
455.102293,331.939723,0.000000,1
454.671599,331.839829,0.000000,1
454.240829,331.740288,0.000000,1
453.809944,331.641275,0.000000,1
453.378906,331.542969,0.000000,1
436.562500,327.792969,0.000000,1
436.291926,327.128567,0.000000,1
436.022946,326.463503,0.000000,1
435.752805,325.798921,0.000000,1
435.478795,325.135949,0.000000,1
435.199825,324.475043,0.000000,1
434.916850,323.815815,0.000000,1
434.630951,323.157821,0.000000,1
434.343159,322.500640,0.000000,1
434.053556,321.844266,0.000000,1
433.761390,321.189054,0.000000,1
433.465879,320.535373,0.000000,1
433.166252,319.883589,0.000000,1
432.862611,319.233656,0.000000,1
432.556612,318.584806,0.000000,1
432.250071,317.936196,0.000000,1
431.944803,317.286982,0.000000,1
431.642481,316.636389,0.000000,1
431.342795,315.984566,0.000000,1
431.043977,315.332348,0.000000,1
430.744225,314.680584,0.000000,1
430.441738,314.030126,0.000000,1
430.134794,313.381783,0.000000,1
429.823257,312.735618,0.000000,1
429.508424,312.091012,0.000000,1
429.191642,311.447326,0.000000,1
428.874259,310.803917,0.000000,1
428.557622,310.160145,0.000000,1
428.242669,309.515564,0.000000,1
427.928924,308.870408,0.000000,1
427.615609,308.225056,0.000000,1
427.301942,307.579885,0.000000,1
426.987145,306.935276,0.000000,1
426.670440,306.291605,0.000000,1
426.351440,305.649060,0.000000,1
426.030745,305.007346,0.000000,1
425.709109,304.366093,0.000000,1
425.387286,303.724932,0.000000,1
425.066030,303.083493,0.000000,1
424.746094,302.441406,0.000000,1
424.644176,302.290434,0.000000,1
424.546612,302.135882,0.000000,1
424.452221,301.978722,0.000000,1
424.359822,301.819925,0.000000,1
424.268232,301.660463,0.000000,1
424.176271,301.501306,0.000000,1
424.082755,301.343426,0.000000,1
423.986504,301.187795,0.000000,1
423.886337,301.035384,0.000000,1
423.781070,300.887165,0.000000,1
423.669574,300.744068,0.000000,1
423.551583,300.606343,0.000000,1
423.427565,300.473663,0.000000,1
423.298008,300.345681,0.000000,1
423.163401,300.222053,0.000000,1
423.024234,300.102433,0.000000,1
422.880996,299.986475,0.000000,1
422.734177,299.873836,0.000000,1
422.584264,299.764168,0.000000,1
422.431748,299.657127,0.000000,1
422.277088,299.552440,0.000000,1
422.120406,299.450656,0.000000,1
421.961608,299.352844,0.000000,1
421.800598,299.260082,0.000000,1
421.637281,299.173448,0.000000,1
421.471560,299.094021,0.000000,1
421.303339,299.022879,0.000000,1
421.132521,298.961098,0.000000,1
420.959011,298.909758,0.000000,1
420.782713,298.869930,0.000000,1
420.603731,298.841626,0.000000,1
420.422576,298.822699,0.000000,1
420.239806,298.810735,0.000000,1
420.055982,298.803319,0.000000,1
419.871662,298.798039,0.000000,1
419.687407,298.792481,0.000000,1
419.503776,298.784230,0.000000,1
419.321329,298.770875,0.000000,1
419.140625,298.750000,0.000000,1
418.871436,298.766635,0.000000,1
418.600374,298.771702,0.000000,1
418.329189,298.775998,0.000000,1
418.059625,298.790321,0.000000,1
417.793417,298.825364,0.000000,1
417.531499,298.885759,0.000000,1
417.273592,298.966962,0.000000,1
417.019317,299.063662,0.000000,1
416.768295,299.170547,0.000000,1
416.520196,299.282626,0.000000,1
416.275276,299.398819,0.000000,1
416.034185,299.520672,0.000000,1
415.797581,299.649781,0.000000,1
415.566124,299.787741,0.000000,1
415.340456,299.935905,0.000000,1
415.121140,300.094234,0.000000,1
414.908708,300.262190,0.000000,1
414.703694,300.439237,0.000000,1
414.506628,300.624838,0.000000,1
414.317885,300.818421,0.000000,1
414.137088,301.019257,0.000000,1
413.963645,301.226572,0.000000,1
413.796965,301.439590,0.000000,1
413.636455,301.657538,0.000000,1
413.481865,301.879843,0.000000,1
413.334410,302.106809,0.000000,1
413.195698,302.338972,0.000000,1
413.067336,302.576867,0.000000,1
412.950928,302.821032,0.000000,1
412.847919,303.071715,0.000000,1
412.759138,303.328107,0.000000,1
412.685274,303.589148,0.000000,1
412.627016,303.853782,0.000000,1
412.585052,304.120951,0.000000,1
412.558834,304.389691,0.000000,1
412.543303,304.659382,0.000000,1
412.532376,304.929484,0.000000,1
412.519970,305.199454,0.000000,1
412.500000,305.468750,0.000000,1
412.553682,306.137868,0.000000,1
412.716440,306.790704,0.000000,1
412.893401,307.438586,0.000000,1
413.060611,308.089634,0.000000,1
413.280223,308.723889,0.000000,1
413.518760,309.352530,0.000000,1
413.726965,309.991580,0.000000,1
413.946306,310.626212,0.000000,1
414.199381,311.248632,0.000000,1
414.455769,311.870079,0.000000,1
414.696343,312.497506,0.000000,1
414.934774,313.125624,0.000000,1
415.185243,313.749000,0.000000,1
415.444274,314.369042,0.000000,1
415.702905,314.989283,0.000000,1
415.957723,315.611035,0.000000,1
416.213156,316.232476,0.000000,1
416.473975,316.851650,0.000000,1
416.740941,317.468248,0.000000,1
417.011604,318.083281,0.000000,1
417.283464,318.697782,0.000000,1
417.554758,319.312500,0.000000,1
417.824363,319.927943,0.000000,1
418.091191,320.544603,0.000000,1
418.355560,321.162346,0.000000,1
418.620143,321.779991,0.000000,1
418.887839,322.396257,0.000000,1
419.161120,323.010049,0.000000,1
419.439408,323.621620,0.000000,1
419.720781,324.231817,0.000000,1
420.003314,324.841487,0.000000,1
420.285479,325.451304,0.000000,1
420.567019,326.061391,0.000000,1
420.847926,326.671759,0.000000,1
421.128193,327.282421,0.000000,1
421.407879,327.893356,0.000000,1
421.687236,328.504448,0.000000,1
421.966546,329.115561,0.000000,1
422.246094,329.726563,0.000000,1
422.193522,329.820592,0.000000,1
422.139192,329.913722,0.000000,1
422.083648,330.006233,0.000000,1
422.027439,330.098404,0.000000,1
421.971111,330.190514,0.000000,1
421.915210,330.282843,0.000000,1
421.860284,330.375669,0.000000,1
421.806878,330.469272,0.000000,1
421.755541,330.563932,0.000000,1
421.706803,330.659918,0.000000,1
421.660860,330.757307,0.000000,1
421.617585,330.855991,0.000000,1
421.576836,330.955851,0.000000,1
421.538471,331.056769,0.000000,1
421.502350,331.158628,0.000000,1
421.468331,331.261310,0.000000,1
421.436273,331.364697,0.000000,1
421.406033,331.468673,0.000000,1
421.377472,331.573118,0.000000,1
421.350470,331.677928,0.000000,1
421.325043,331.783064,0.000000,1
421.301254,331.888510,0.000000,1
421.279166,331.994252,0.000000,1
421.258841,332.100275,0.000000,1
421.240342,332.206565,0.000000,1
421.223732,332.313106,0.000000,1
421.209074,332.419884,0.000000,1
421.196431,332.526883,0.000000,1
421.185864,332.634090,0.000000,1
421.177353,332.741486,0.000000,1
421.170578,332.849038,0.000000,1
421.165156,332.956712,0.000000,1
421.160703,333.064473,0.000000,1
421.156834,333.172288,0.000000,1
421.153165,333.280120,0.000000,1
421.149313,333.387936,0.000000,1
421.144893,333.495701,0.000000,1
421.139521,333.603379,0.000000,1
421.132812,333.710938,0.000000,1
421.146293,333.974417,0.000000,1
421.152929,334.238261,0.000000,1
421.158700,334.502151,0.000000,1
421.169587,334.765769,0.000000,1
421.191562,335.028794,0.000000,1
421.228788,335.290658,0.000000,1
421.281416,335.550241,0.000000,1
421.349058,335.806349,0.000000,1
421.431323,336.057788,0.000000,1
421.527770,336.303423,0.000000,1
421.636979,336.543273,0.000000,1
421.756642,336.778390,0.000000,1
421.884421,337.009868,0.000000,1
422.017978,337.238796,0.000000,1
422.155960,337.465502,0.000000,1
422.300214,337.687821,0.000000,1
422.453240,337.903083,0.000000,1
422.617536,338.108619,0.000000,1
422.795411,338.301931,0.000000,1
422.986306,338.483171,0.000000,1
423.187419,338.654552,0.000000,1
423.395889,338.818345,0.000000,1
423.608857,338.976818,0.000000,1
423.824024,339.131674,0.000000,1
424.041587,339.282102,0.000000,1
424.262425,339.426600,0.000000,1
424.487422,339.563665,0.000000,1
424.717461,339.691795,0.000000,1
424.953093,339.809920,0.000000,1
425.193742,339.918456,0.000000,1
425.438590,340.018134,0.000000,1
425.686820,340.109688,0.000000,1
425.937615,340.193851,0.000000,1
426.190173,340.271426,0.000000,1
426.443898,340.343988,0.000000,1
426.698312,340.413578,0.000000,1
426.952939,340.482244,0.000000,1
427.207306,340.552035,0.000000,1
427.460937,340.625000,0.000000,1
427.907303,341.465333,0.000000,1
428.352462,342.306311,0.000000,1
428.797753,343.147219,0.000000,1
429.244512,343.987341,0.000000,1
429.693985,344.826013,0.000000,1
430.146474,345.663066,0.000000,1
430.601734,346.498624,0.000000,1
431.059512,347.332812,0.000000,1
431.519557,348.165756,0.000000,1
431.981765,348.997500,0.000000,1
432.446296,349.827944,0.000000,1
432.913335,350.656972,0.000000,1
433.383068,351.484468,0.000000,1
433.855622,352.310352,0.000000,1
434.330476,353.134919,0.000000,1
434.806704,353.958700,0.000000,1
435.283374,354.782229,0.000000,1
435.759553,355.606041,0.000000,1
436.234519,356.430550,0.000000,1
436.708698,357.255510,0.000000,1
437.182909,358.080451,0.000000,1
437.657971,358.904901,0.000000,1
438.134704,359.728389,0.000000,1
438.613825,360.550498,0.000000,1
439.095554,361.371088,0.000000,1
439.579958,362.190104,0.000000,1
440.067103,363.007488,0.000000,1
440.557057,363.823184,0.000000,1
441.049823,364.637175,0.000000,1
441.544920,365.449750,0.000000,1
442.041638,366.261339,0.000000,1
442.539265,367.072376,0.000000,1
443.037090,367.883292,0.000000,1
443.534415,368.694512,0.000000,1
444.030999,369.506183,0.000000,1
444.527113,370.318140,0.000000,1
445.023055,371.130201,0.000000,1
445.519126,371.942184,0.000000,1
446.015625,372.753906,0.000000,1
446.450661,373.442441,0.000000,1
446.883416,374.132440,0.000000,1
447.316410,374.822286,0.000000,1
447.752166,375.510358,0.000000,1
448.192861,376.195257,0.000000,1
448.637531,376.877608,0.000000,1
449.083516,377.559125,0.000000,1
449.528140,378.241533,0.000000,1
449.968986,378.926390,0.000000,1
450.406973,379.613092,0.000000,1
450.845341,380.299529,0.000000,1
451.287380,380.983560,0.000000,1
451.735962,381.663312,0.000000,1
452.190939,382.338853,0.000000,1
452.650825,383.011113,0.000000,1
453.114125,383.681025,0.000000,1
453.579390,384.349530,0.000000,1
454.045251,385.017591,0.000000,1
454.510354,385.686171,0.000000,1
454.973888,386.355853,0.000000,1
455.437812,387.025273,0.000000,1
455.904955,387.692458,0.000000,1
456.377964,388.355540,0.000000,1
456.858363,389.013288,0.000000,1
457.347259,389.664708,0.000000,1
457.844725,390.309609,0.000000,1
458.347462,390.950418,0.000000,1
458.851640,391.589987,0.000000,1
459.356550,392.228974,0.000000,1
459.864391,392.865981,0.000000,1
460.380754,393.496194,0.000000,1
460.917636,394.108271,0.000000,1
461.475972,394.701136,0.000000,1
462.032817,395.295990,0.000000,1
462.599730,395.880658,0.000000,1
463.219613,396.410156,0.000000,1
463.874270,396.889659,0.000000,1
464.559678,397.344496,0.000000,1
465.351562,397.500000,0.000000,1
465.632785,397.482228,0.000000,1
465.915280,397.474426,0.000000,1
466.197715,397.466152,0.000000,1
466.478756,397.446960,0.000000,1
466.757108,397.406977,0.000000,1
467.031942,397.344093,0.000000,1
467.302772,397.261806,0.000000,1
467.569118,397.163737,0.000000,1
467.830501,397.053495,0.000000,1
468.086522,396.933356,0.000000,1
468.336921,396.803271,0.000000,1
468.581451,396.662951,0.000000,1
468.819867,396.512109,0.000000,1
469.051739,396.350503,0.000000,1
469.275924,396.178059,0.000000,1
469.491109,395.994745,0.000000,1
469.695977,395.800531,0.000000,1
469.889318,395.595446,0.000000,1
470.071644,395.380571,0.000000,1
470.244896,395.157852,0.000000,1
470.411055,394.929262,0.000000,1
470.572103,394.696774,0.000000,1
470.729694,394.462084,0.000000,1
470.883508,394.225241,0.000000,1
471.032496,393.985682,0.000000,1
471.175606,393.742841,0.000000,1
471.311787,393.496155,0.000000,1
471.440073,393.245127,0.000000,1
471.560291,392.989882,0.000000,1
471.672699,392.730891,0.000000,1
471.777562,392.468622,0.000000,1
471.875142,392.203548,0.000000,1
471.965701,391.936140,0.000000,1
472.049841,391.666885,0.000000,1
472.129333,391.396337,0.000000,1
472.206208,391.125059,0.000000,1
472.282492,390.853617,0.000000,1
472.360216,390.582576,0.000000,1
472.441406,390.312500,0.000000,1
476.679687,368.203125,0.000000,1
486.718750,322.441406,0.000000,1
490.546875,311.699219,0.000000,1
490.609627,311.514076,0.000000,1
490.674088,311.329419,0.000000,1
490.739901,311.145145,0.000000,1
490.806705,310.961153,0.000000,1
490.874143,310.777341,0.000000,1
490.941855,310.593607,0.000000,1
491.009482,310.409848,0.000000,1
491.076665,310.225964,0.000000,1
491.143046,310.041852,0.000000,1
491.208265,309.857410,0.000000,1
491.271964,309.672536,0.000000,1
491.333783,309.487128,0.000000,1
491.393366,309.301086,0.000000,1
491.450602,309.114370,0.000000,1
491.505863,308.927068,0.000000,1
491.559578,308.739282,0.000000,1
491.612174,308.551113,0.000000,1
491.664081,308.362662,0.000000,1
491.715726,308.174032,0.000000,1
491.767538,307.985323,0.000000,1
491.819946,307.796637,0.000000,1
491.873378,307.608075,0.000000,1
491.928261,307.419740,0.000000,1
491.985021,307.231731,0.000000,1
492.043531,307.044046,0.000000,1
492.102577,306.856475,0.000000,1
492.160815,306.668786,0.000000,1
492.216904,306.480745,0.000000,1
492.269499,306.292119,0.000000,1
492.317259,306.102676,0.000000,1
492.358841,305.912181,0.000000,1
492.392902,305.720403,0.000000,1
492.418372,305.527154,0.000000,1
492.436479,305.332644,0.000000,1
492.449601,305.137281,0.000000,1
492.460128,304.941473,0.000000,1
492.470444,304.745629,0.000000,1
492.482939,304.550158,0.000000,1
492.500000,304.355469,0.000000,1
492.480389,304.078754,0.000000,1
492.470618,303.800665,0.000000,1
492.462608,303.522331,0.000000,1
492.448278,303.244879,0.000000,1
492.419548,302.969437,0.000000,1
492.370296,302.696975,0.000000,1
492.301697,302.427872,0.000000,1
492.216621,302.162372,0.000000,1
492.117941,301.900716,0.000000,1
492.008526,301.643146,0.000000,1
491.890470,301.390019,0.000000,1
491.763543,301.142025,0.000000,1
491.627083,300.899916,0.000000,1
491.480430,300.664446,0.000000,1
491.322927,300.436365,0.000000,1
491.154435,300.216083,0.000000,1
490.976036,300.003210,0.000000,1
490.788983,299.797243,0.000000,1
490.594528,299.597677,0.000000,1
490.393923,299.404013,0.000000,1
490.187942,299.216218,0.000000,1
489.976407,299.035198,0.000000,1
489.759026,298.861972,0.000000,1
489.535508,298.697558,0.000000,1
489.305564,298.542966,0.000000,1
489.069218,298.398520,0.000000,1
488.827036,298.263339,0.000000,1
488.579639,298.136422,0.000000,1
488.327650,298.016770,0.000000,1
488.071679,297.903475,0.000000,1
487.812031,297.798089,0.000000,1
487.548687,297.704770,0.000000,1
487.281615,297.627804,0.000000,1
487.010782,297.571476,0.000000,1
486.736243,297.539205,0.000000,1
486.458944,297.525889,0.000000,1
486.180333,297.521582,0.000000,1
485.901867,297.516285,0.000000,1
485.625000,297.500000,0.000000,1
NaN,NaN,NaN,NaN
444.921875,343.867188,0.000000,1
445.491141,344.010256,0.000000,1
446.059788,344.155945,0.000000,1
446.628878,344.299758,0.000000,1
447.199450,344.437291,0.000000,1
447.771741,344.567569,0.000000,1
448.344957,344.693998,0.000000,1
448.918238,344.820276,0.000000,1
449.490766,344.949918,0.000000,1
450.062490,345.083059,0.000000,1
450.634046,345.216823,0.000000,1
451.206091,345.348228,0.000000,1
451.779280,345.474313,0.000000,1
452.353899,345.593801,0.000000,1
452.929581,345.708375,0.000000,1
453.505895,345.820021,0.000000,1
454.082411,345.930723,0.000000,1
454.658716,346.042378,0.000000,1
455.234662,346.155687,0.000000,1
455.810298,346.270464,0.000000,1
456.385673,346.386505,0.000000,1
456.960840,346.503607,0.000000,1
457.535853,346.621547,0.000000,1
458.110819,346.739786,0.000000,1
458.685893,346.857494,0.000000,1
459.261232,346.973830,0.000000,1
459.836994,347.087955,0.000000,1
460.413335,347.199028,0.000000,1
460.990346,347.306556,0.000000,1
461.567894,347.411251,0.000000,1
462.145796,347.514085,0.000000,1
462.723869,347.616030,0.000000,1
463.301929,347.718059,0.000000,1
463.879795,347.821143,0.000000,1
464.457356,347.925864,0.000000,1
465.034686,348.031823,0.000000,1
465.611887,348.138471,0.000000,1
466.189064,348.245255,0.000000,1
466.766317,348.351625,0.000000,1
467.343750,348.457031,0.000000,1
461.875000,373.671875,0.000000,1
444.921875,343.867188,0.000000,1
NaN,NaN,NaN,NaN
577.148438,298.750000,0.000000,1
577.015996,298.762934,0.000000,1
576.882889,298.772081,0.000000,1
576.749336,298.778687,0.000000,1
576.615555,298.783998,0.000000,1
576.481765,298.789260,0.000000,1
576.348186,298.795719,0.000000,1
576.215036,298.804620,0.000000,1
576.082534,298.817209,0.000000,1
575.950899,298.834732,0.000000,1
575.820322,298.858230,0.000000,1
575.690832,298.887592,0.000000,1
575.562406,298.922309,0.000000,1
575.435017,298.961869,0.000000,1
575.308640,299.005763,0.000000,1
575.183250,299.053480,0.000000,1
575.058821,299.104508,0.000000,1
574.935329,299.158338,0.000000,1
574.812748,299.214459,0.000000,1
574.691057,299.272372,0.000000,1
574.570327,299.331899,0.000000,1
574.450738,299.393224,0.000000,1
574.332473,299.456548,0.000000,1
574.215717,299.522070,0.000000,1
574.100653,299.589991,0.000000,1
573.987466,299.660513,0.000000,1
573.876339,299.733837,0.000000,1
573.767456,299.810163,0.000000,1
573.661001,299.889691,0.000000,1
573.557147,299.972611,0.000000,1
573.455771,300.058740,0.000000,1
573.356419,300.147492,0.000000,1
573.258622,300.238258,0.000000,1
573.161911,300.330429,0.000000,1
573.065814,300.423398,0.000000,1
572.969864,300.516556,0.000000,1
572.873589,300.609294,0.000000,1
572.776521,300.701004,0.000000,1
572.678190,300.791078,0.000000,1
572.578125,300.878906,0.000000,1
571.540887,301.893863,0.000000,1
570.513201,302.918892,0.000000,1
569.487694,303.946220,0.000000,1
568.456994,304.968072,0.000000,1
567.413730,305.976673,0.000000,1
566.351504,306.965230,0.000000,1
565.270152,307.933239,0.000000,1
564.171967,308.882669,0.000000,1
563.059245,309.815498,0.000000,1
561.934282,310.733702,0.000000,1
560.799181,311.639062,0.000000,1
559.654447,312.531783,0.000000,1
558.499811,313.411303,0.000000,1
557.335000,314.277055,0.000000,1
556.159739,315.128472,0.000000,1
554.973797,315.965026,0.000000,1
553.777227,316.786467,0.000000,1
552.570212,317.592668,0.000000,1
551.352933,318.383502,0.000000,1
550.125573,319.158840,0.000000,1
548.888254,319.918401,0.000000,1
547.640812,320.661163,0.000000,1
546.382997,321.385887,0.000000,1
545.114560,322.091331,0.000000,1
543.835255,322.776258,0.000000,1
542.545183,323.440304,0.000000,1
541.245362,324.085376,0.000000,1
539.936952,324.713745,0.000000,1
538.621117,325.327680,0.000000,1
537.298982,325.929349,0.000000,1
535.970327,326.517021,0.000000,1
534.633210,327.083976,0.000000,1
533.285575,327.623171,0.000000,1
531.925367,328.127558,0.000000,1
530.550967,328.591422,0.000000,1
529.165403,329.023088,0.000000,1
527.774486,329.439317,0.000000,1
526.384068,329.856986,0.000000,1
525.000000,330.292969,0.000000,1
525.000000,304.316406,0.000000,1
524.984241,304.038224,0.000000,1
524.978238,303.758871,0.000000,1
524.973887,303.479319,0.000000,1
524.963083,303.200542,0.000000,1
524.937721,302.923512,0.000000,1
524.891814,302.649093,0.000000,1
524.826523,302.377775,0.000000,1
524.744519,302.109968,0.000000,1
524.648474,301.846083,0.000000,1
524.541054,301.586532,0.000000,1
524.424145,301.331764,0.000000,1
524.297736,301.082323,0.000000,1
524.161536,300.838766,0.000000,1
524.015254,300.601649,0.000000,1
523.858609,300.371520,0.000000,1
523.691860,300.148493,0.000000,1
523.516038,299.932056,0.000000,1
523.332237,299.721648,0.000000,1
523.141550,299.516706,0.000000,1
522.945016,299.316746,0.000000,1
522.742667,299.122668,0.000000,1
522.533668,298.936573,0.000000,1
522.317155,298.760600,0.000000,1
522.092262,298.596892,0.000000,1
521.858273,298.447308,0.000000,1
521.615888,298.311053,0.000000,1
521.366588,298.185861,0.000000,1
521.111861,298.069452,0.000000,1
520.853196,297.959547,0.000000,1
520.591866,297.854671,0.000000,1
520.327979,297.757655,0.000000,1
520.061261,297.672756,0.000000,1
519.791436,297.604234,0.000000,1
519.518228,297.556349,0.000000,1
519.241624,297.531185,0.000000,1
518.962675,297.521979,0.000000,1
518.682705,297.519721,0.000000,1
518.403039,297.515398,0.000000,1
518.125000,297.500000,0.000000,1
517.847060,297.515342,0.000000,1
517.567704,297.520040,0.000000,1
517.288084,297.522750,0.000000,1
517.009350,297.532125,0.000000,1
516.732653,297.556819,0.000000,1
516.458965,297.603420,0.000000,1
516.188545,297.670332,0.000000,1
515.921476,297.753939,0.000000,1
515.657841,297.850625,0.000000,1
515.397724,297.956775,0.000000,1
515.141312,298.069742,0.000000,1
514.889114,298.189881,0.000000,1
514.641700,298.318125,0.000000,1
514.399640,298.455405,0.000000,1
514.163504,298.602650,0.000000,1
513.933771,298.760309,0.000000,1
513.710756,298.927957,0.000000,1
513.494756,299.105072,0.000000,1
513.286067,299.291133,0.000000,1
513.084996,299.485622,0.000000,1
512.892095,299.688186,0.000000,1
512.708215,299.898663,0.000000,1
512.534221,300.116905,0.000000,1
512.370979,300.342760,0.000000,1
512.219277,300.576053,0.000000,1
512.078801,300.816256,0.000000,1
511.948438,301.062580,0.000000,1
511.827054,301.314234,0.000000,1
511.713517,301.570425,0.000000,1
511.607123,301.830425,0.000000,1
511.510137,302.093953,0.000000,1
511.426079,302.360918,0.000000,1
511.358469,302.631231,0.000000,1
511.310832,302.904801,0.000000,1
511.284958,303.181385,0.000000,1
511.274571,303.460037,0.000000,1
511.271037,303.739605,0.000000,1
511.265724,304.018935,0.000000,1
511.250000,304.296875,0.000000,1
511.258074,305.095508,0.000000,1
511.256884,305.893981,0.000000,1
511.225639,306.691971,0.000000,1
511.198390,307.490182,0.000000,1
511.192207,308.288873,0.000000,1
511.178558,309.087221,0.000000,1
511.138394,309.884731,0.000000,1
511.092279,310.682147,0.000000,1
511.063436,311.480268,0.000000,1
511.044578,312.278726,0.000000,1
511.014640,313.076630,0.000000,1
510.964902,313.873643,0.000000,1
510.910334,314.670491,0.000000,1
510.867796,315.467977,0.000000,1
510.838181,316.266106,0.000000,1
510.807295,317.064118,0.000000,1
510.761294,317.861277,0.000000,1
510.701334,318.657670,0.000000,1
510.640665,319.454042,0.000000,1
510.592306,320.251127,0.000000,1
510.556712,321.048951,0.000000,1
510.522171,321.846858,0.000000,1
510.476829,322.644180,0.000000,1
510.420280,323.440870,0.000000,1
510.365748,324.237619,0.000000,1
510.326653,325.035133,0.000000,1
510.301682,325.833379,0.000000,1
510.274251,326.631566,0.000000,1
510.229772,327.428985,0.000000,1
510.177762,328.226003,0.000000,1
510.140313,329.023546,0.000000,1
510.125510,329.821997,0.000000,1
510.110405,330.620542,0.000000,1
510.074461,331.418414,0.000000,1
510.035713,332.216086,0.000000,1
510.022132,333.014376,0.000000,1
510.023590,333.813109,0.000000,1
510.013979,334.611673,0.000000,1
510.000000,335.410156,0.000000,1
510.005831,336.338723,0.000000,1
510.016482,337.267197,0.000000,1
510.046133,338.195282,0.000000,1
510.086709,339.123050,0.000000,1
510.131272,340.050564,0.000000,1
510.181043,340.977769,0.000000,1
510.237299,341.904625,0.000000,1
510.298879,342.831167,0.000000,1
510.364340,343.757440,0.000000,1
510.433382,344.683440,0.000000,1
510.506244,345.609141,0.000000,1
510.582915,346.534538,0.000000,1
510.662872,347.459663,0.000000,1
510.745547,348.384552,0.000000,1
510.830764,349.309207,0.000000,1
510.918749,350.233598,0.000000,1
511.009717,351.157696,0.000000,1
511.103315,352.081533,0.000000,1
511.198693,353.005194,0.000000,1
511.294974,353.928766,0.000000,1
511.390976,354.852364,0.000000,1
511.485196,355.776139,0.000000,1
511.576134,356.700236,0.000000,1
511.663276,357.624704,0.000000,1
511.747450,358.549457,0.000000,1
511.829552,359.474400,0.000000,1
511.909687,360.399510,0.000000,1
511.987013,361.324851,0.000000,1
512.060699,362.250484,0.000000,1
512.130633,363.176415,0.000000,1
512.197141,364.102615,0.000000,1
512.259915,365.029083,0.000000,1
512.317042,365.955885,0.000000,1
512.366868,366.883082,0.000000,1
512.411186,367.810606,0.000000,1
512.452264,368.738357,0.000000,1
512.483036,369.666407,0.000000,1
512.494177,370.594869,0.000000,1
512.500000,371.523438,0.000000,1
512.492212,372.036383,0.000000,1
512.487566,372.549435,0.000000,1
512.481740,373.062447,0.000000,1
512.470413,373.575273,0.000000,1
512.450531,374.087807,0.000000,1
512.423411,374.600085,0.000000,1
512.391306,375.112174,0.000000,1
512.356468,375.624140,0.000000,1
512.321062,376.136047,0.000000,1
512.285745,376.647905,0.000000,1
512.249943,377.159681,0.000000,1
512.213044,377.671340,0.000000,1
512.174436,378.182848,0.000000,1
512.133515,378.694172,0.000000,1
512.090055,379.205303,0.000000,1
512.044470,379.716271,0.000000,1
511.997231,380.227114,0.000000,1
511.948811,380.737867,0.000000,1
511.899682,381.248566,0.000000,1
511.850318,381.759247,0.000000,1
511.801189,382.269946,0.000000,1
511.752769,382.780699,0.000000,1
511.705530,383.291541,0.000000,1
511.659945,383.802510,0.000000,1
511.616485,384.313640,0.000000,1
511.575564,384.824964,0.000000,1
511.536956,385.336473,0.000000,1
511.500057,385.848132,0.000000,1
511.464255,386.359908,0.000000,1
511.428938,386.871765,0.000000,1
511.393532,387.383672,0.000000,1
511.358694,387.895638,0.000000,1
511.326589,388.407727,0.000000,1
511.299469,388.920006,0.000000,1
511.279587,389.432540,0.000000,1
511.268260,389.945365,0.000000,1
511.262434,390.458377,0.000000,1
511.257788,390.971429,0.000000,1
511.250000,391.484375,0.000000,1
511.261726,391.665375,0.000000,1
511.269894,391.846820,0.000000,1
511.275542,392.028581,0.000000,1
511.279707,392.210527,0.000000,1
511.283428,392.392530,0.000000,1
511.287742,392.574457,0.000000,1
511.293687,392.756181,0.000000,1
511.302300,392.937571,0.000000,1
511.314620,393.118496,0.000000,1
511.331684,393.298827,0.000000,1
511.354236,393.478466,0.000000,1
511.382046,393.657425,0.000000,1
511.414684,393.835735,0.000000,1
511.451717,394.013432,0.000000,1
511.492714,394.190546,0.000000,1
511.537244,394.367112,0.000000,1
511.584877,394.543163,0.000000,1
511.635180,394.718732,0.000000,1
511.687722,394.893852,0.000000,1
511.742077,395.068554,0.000000,1
511.798117,395.242757,0.000000,1
511.856252,395.416173,0.000000,1
511.916943,395.588499,0.000000,1
511.980655,395.759426,0.000000,1
512.047849,395.928650,0.000000,1
512.118988,396.095865,0.000000,1
512.194536,396.260763,0.000000,1
512.274955,396.423040,0.000000,1
512.360707,396.582389,0.000000,1
512.452195,396.738540,0.000000,1
512.548954,396.891733,0.000000,1
512.649880,397.042590,0.000000,1
512.753851,397.191738,0.000000,1
512.859748,397.339806,0.000000,1
512.966451,397.487421,0.000000,1
513.072838,397.635214,0.000000,1
513.177790,397.783812,0.000000,1
513.280186,397.933844,0.000000,1
513.378906,398.085938,0.000000,1
513.516350,398.240908,0.000000,1
513.648619,398.401528,0.000000,1
513.777265,398.566105,0.000000,1
513.903836,398.732948,0.000000,1
514.029882,398.900363,0.000000,1
514.156954,399.066658,0.000000,1
514.286602,399.230140,0.000000,1
514.420376,399.389118,0.000000,1
514.559825,399.541898,0.000000,1
514.706492,399.686798,0.000000,1
514.861142,399.822927,0.000000,1
515.023165,399.950814,0.000000,1
515.191804,400.071131,0.000000,1
515.366304,400.184552,0.000000,1
515.545911,400.291750,0.000000,1
515.729870,400.393398,0.000000,1
515.917424,400.490171,0.000000,1
516.107820,400.582740,0.000000,1
516.300303,400.671780,0.000000,1
516.494150,400.757896,0.000000,1
516.689083,400.840813,0.000000,1
516.885123,400.919649,0.000000,1
517.082300,400.993511,0.000000,1
517.280644,401.061506,0.000000,1
517.480184,401.122739,0.000000,1
517.680949,401.176316,0.000000,1
517.882969,401.221345,0.000000,1
518.086273,401.256931,0.000000,1
518.290890,401.282181,0.000000,1
518.496815,401.296576,0.000000,1
518.703861,401.301552,0.000000,1
518.911781,401.299172,0.000000,1
519.120331,401.291501,0.000000,1
519.329265,401.280604,0.000000,1
519.538337,401.268546,0.000000,1
519.747302,401.257392,0.000000,1
519.955913,401.249206,0.000000,1
520.163926,401.246054,0.000000,1
520.371094,401.250000,0.000000,1
536.406250,400.000000,0.000000,1
536.814532,399.936298,0.000000,1
537.223659,399.876917,0.000000,1
537.633401,399.820689,0.000000,1
538.043531,399.766441,0.000000,1
538.453818,399.713005,0.000000,1
538.864036,399.659209,0.000000,1
539.273955,399.603883,0.000000,1
539.683346,399.545857,0.000000,1
540.091981,399.483960,0.000000,1
540.499632,399.417023,0.000000,1
540.906076,399.343910,0.000000,1
541.311259,399.264322,0.000000,1
541.715292,399.178807,0.000000,1
542.118295,399.087948,0.000000,1
542.520389,398.992330,0.000000,1
542.921692,398.892535,0.000000,1
543.322325,398.789148,0.000000,1
543.722407,398.682752,0.000000,1
544.122059,398.573933,0.000000,1
544.521398,398.463273,0.000000,1
544.920539,398.351334,0.000000,1
545.319353,398.238001,0.000000,1
545.717439,398.122378,0.000000,1
546.114381,398.003527,0.000000,1
546.509760,397.880507,0.000000,1
546.903160,397.752380,0.000000,1
547.294163,397.618207,0.000000,1
547.682353,397.477048,0.000000,1
548.067313,397.327965,0.000000,1
548.448624,397.170018,0.000000,1
548.826083,397.002766,0.000000,1
549.200298,396.827693,0.000000,1
549.572078,396.646747,0.000000,1
549.942232,396.461877,0.000000,1
550.311566,396.275032,0.000000,1
550.680890,396.088160,0.000000,1
551.051011,395.903211,0.000000,1
551.422736,395.722133,0.000000,1
551.796875,395.546875,0.000000,1
552.844117,394.982243,0.000000,1
553.895404,394.424760,0.000000,1
554.939998,393.855447,0.000000,1
555.969064,393.258770,0.000000,1
556.983661,392.637055,0.000000,1
557.988047,391.998414,0.000000,1
558.985646,391.349504,0.000000,1
559.975447,390.689277,0.000000,1
560.954977,390.014147,0.000000,1
561.922234,389.321346,0.000000,1
562.876952,388.611137,0.000000,1
563.819262,387.884483,0.000000,1
564.748547,387.141345,0.000000,1
565.662788,386.379822,0.000000,1
566.559772,385.597819,0.000000,1
567.436715,384.793364,0.000000,1
568.290420,383.964582,0.000000,1
569.119220,383.110992,0.000000,1
569.926258,382.236469,0.000000,1
570.715145,381.345331,0.000000,1
571.483495,380.436718,0.000000,1
572.224798,379.506213,0.000000,1
572.934744,378.551370,0.000000,1
573.613062,377.573356,0.000000,1
574.258390,376.573019,0.000000,1
574.863460,375.548481,0.000000,1
575.421480,374.498097,0.000000,1
575.940544,373.427148,0.000000,1
576.434095,372.343479,0.000000,1
576.893589,371.245752,0.000000,1
577.295041,370.126185,0.000000,1
577.633338,368.984954,0.000000,1
577.923554,367.830712,0.000000,1
578.178736,366.668989,0.000000,1
578.407505,365.500291,0.000000,1
578.600230,364.324534,0.000000,1
578.712991,363.141246,0.000000,1
578.734156,361.951657,0.000000,1
578.750000,360.761719,0.000000,1
578.730440,360.229353,0.000000,1
578.723908,359.695766,0.000000,1
578.718174,359.162104,0.000000,1
578.701006,358.629514,0.000000,1
578.660310,358.099134,0.000000,1
578.590903,357.571570,0.000000,1
578.497574,357.046662,0.000000,1
578.385886,356.524193,0.000000,1
578.261405,356.003944,0.000000,1
578.129139,355.485785,0.000000,1
577.988909,354.970433,0.000000,1
577.837718,354.459058,0.000000,1
577.672540,353.952839,0.000000,1
577.490353,353.452950,0.000000,1
577.289575,352.960056,0.000000,1
577.072714,352.473365,0.000000,1
576.842993,351.991831,0.000000,1
576.603639,351.514407,0.000000,1
576.357800,351.040083,0.000000,1
576.106213,350.569036,0.000000,1
575.846730,350.102853,0.000000,1
575.577038,349.643209,0.000000,1
575.294821,349.191776,0.000000,1
574.997973,348.750085,0.000000,1
574.687129,348.317797,0.000000,1
574.364859,347.893258,0.000000,1
574.033771,347.474786,0.000000,1
573.696474,347.060699,0.000000,1
573.355365,346.649494,0.000000,1
573.010113,346.241988,0.000000,1
572.658485,345.840615,0.000000,1
572.298209,345.447839,0.000000,1
571.927016,345.066124,0.000000,1
571.542713,344.697851,0.000000,1
571.146106,344.342262,0.000000,1
570.741803,343.994609,0.000000,1
570.334656,343.649888,0.000000,1
569.929520,343.303093,0.000000,1
569.531250,342.949219,0.000000,1
569.111524,342.613844,0.000000,1
568.695341,342.273777,0.000000,1
568.279241,341.933601,0.000000,1
567.859763,341.597899,0.000000,1
567.433517,341.271158,0.000000,1
566.999384,340.954896,0.000000,1
566.558901,340.647141,0.000000,1
566.113760,340.345726,0.000000,1
565.665650,340.048481,0.000000,1
565.216014,339.753596,0.000000,1
564.764621,339.461669,0.000000,1
564.310547,339.174290,0.000000,1
563.852869,338.893056,0.000000,1
563.390663,338.619558,0.000000,1
562.923451,338.354639,0.000000,1
562.451958,338.097095,0.000000,1
561.977114,337.845385,0.000000,1
561.499846,337.597962,0.000000,1
561.021073,337.353304,0.000000,1
560.541111,337.111065,0.000000,1
560.059378,336.872656,0.000000,1
559.575216,336.639633,0.000000,1
559.087970,336.413551,0.000000,1
558.597006,336.195915,0.000000,1
558.102379,335.986609,0.000000,1
557.604948,335.783630,0.000000,1
557.105620,335.584866,0.000000,1
556.605300,335.388206,0.000000,1
556.104872,335.191593,0.000000,1
555.604466,334.994954,0.000000,1
555.103272,334.800676,0.000000,1
554.600422,334.611301,0.000000,1
554.095047,334.429371,0.000000,1
553.586284,334.257412,0.000000,1
553.073986,334.095850,0.000000,1
552.559383,333.941067,0.000000,1
552.043862,333.788979,0.000000,1
551.528814,333.635505,0.000000,1
551.015625,333.476563,0.000000,1
551.892386,332.993471,0.000000,1
552.771635,332.514854,0.000000,1
553.651735,332.037766,0.000000,1
554.531048,331.559264,0.000000,1
555.407937,331.076404,0.000000,1
556.280778,330.586266,0.000000,1
557.148631,330.087243,0.000000,1
558.011567,329.579652,0.000000,1
558.869736,329.063960,0.000000,1
559.723287,328.540638,0.000000,1
560.572369,328.010155,0.000000,1
561.417149,327.472980,0.000000,1
562.257886,326.929579,0.000000,1
563.094873,326.380418,0.000000,1
563.928403,325.825963,0.000000,1
564.758770,325.266680,0.000000,1
565.586200,324.702947,0.000000,1
566.410134,324.134095,0.000000,1
567.229492,323.558764,0.000000,1
568.043183,322.975581,0.000000,1
568.850119,322.383173,0.000000,1
569.649290,321.780285,0.000000,1
570.440587,321.166967,0.000000,1
571.224456,320.544083,0.000000,1
572.001353,319.912508,0.000000,1
572.771735,319.273116,0.000000,1
573.535995,318.626650,0.000000,1
574.294240,317.973227,0.000000,1
575.046493,317.312782,0.000000,1
575.792777,316.645251,0.000000,1
576.533056,315.970522,0.000000,1
577.265537,315.287076,0.000000,1
577.986395,314.591763,0.000000,1
578.691691,313.881343,0.000000,1
579.377494,313.152582,0.000000,1
580.043368,312.405375,0.000000,1
580.697785,311.647586,0.000000,1
581.350612,310.888329,0.000000,1
582.011719,310.136719,0.000000,1
582.086025,310.034498,0.000000,1
582.162200,309.933528,0.000000,1
582.239717,309.833457,0.000000,1
582.318049,309.733934,0.000000,1
582.396671,309.634604,0.000000,1
582.475056,309.535115,0.000000,1
582.552679,309.435116,0.000000,1
582.629013,309.334253,0.000000,1
582.703532,309.232174,0.000000,1
582.775710,309.128527,0.000000,1
582.845080,309.023002,0.000000,1
582.911573,308.915593,0.000000,1
582.975289,308.806419,0.000000,1
583.036329,308.695597,0.000000,1
583.094795,308.583249,0.000000,1
583.150785,308.469494,0.000000,1
583.204401,308.354450,0.000000,1
583.255744,308.238237,0.000000,1
583.304914,308.120975,0.000000,1
583.352012,308.002782,0.000000,1
583.397095,307.883766,0.000000,1
583.439998,307.763973,0.000000,1
583.480483,307.643429,0.000000,1
583.518315,307.522158,0.000000,1
583.553257,307.400186,0.000000,1
583.585072,307.277540,0.000000,1
583.613524,307.154245,0.000000,1
583.638376,307.030327,0.000000,1
583.659391,306.905811,0.000000,1
583.676342,306.780724,0.000000,1
583.689414,306.655123,0.000000,1
583.699372,306.529113,0.000000,1
583.707029,306.402800,0.000000,1
583.713193,306.276291,0.000000,1
583.718675,306.149691,0.000000,1
583.724287,306.023109,0.000000,1
583.730838,305.896651,0.000000,1
583.739139,305.770422,0.000000,1
583.750000,305.644531,0.000000,1
583.734341,305.372796,0.000000,1
583.729120,305.099657,0.000000,1
583.725593,304.826290,0.000000,1
583.715017,304.553872,0.000000,1
583.688648,304.283577,0.000000,1
583.640300,304.016370,0.000000,1
583.571865,303.752552,0.000000,1
583.486826,303.492289,0.000000,1
583.388667,303.235751,0.000000,1
583.280868,302.983105,0.000000,1
583.165901,302.734556,0.000000,1
583.043668,302.490406,0.000000,1
582.913670,302.250970,0.000000,1
582.775405,302.016563,0.000000,1
582.628378,301.787501,0.000000,1
582.472377,301.564074,0.000000,1
582.307793,301.346520,0.000000,1
582.135087,301.135072,0.000000,1
581.954722,300.929962,0.000000,1
581.767162,300.731421,0.000000,1
581.572800,300.539684,0.000000,1
581.371890,300.354986,0.000000,1
581.164663,300.177563,0.000000,1
580.951355,300.007650,0.000000,1
580.732197,299.845485,0.000000,1
580.507329,299.691417,0.000000,1
580.276713,299.546013,0.000000,1
580.040290,299.409862,0.000000,1
579.798003,299.283554,0.000000,1
579.549805,299.167707,0.000000,1
579.295969,299.063709,0.000000,1
579.037140,298.973841,0.000000,1
578.773980,298.900428,0.000000,1
578.507153,298.845798,0.000000,1
578.237348,298.811643,0.000000,1
577.965498,298.793307,0.000000,1
577.692678,298.782487,0.000000,1
577.419966,298.770834,0.000000,1
577.148438,298.750000,0.000000,1
NaN,NaN,NaN,NaN
525.000000,387.500000,0.000000,1
525.742188,379.492188,0.000000,1
525.761460,379.287230,0.000000,1
525.780221,379.082236,0.000000,1
525.798600,378.877214,0.000000,1
525.816726,378.672175,0.000000,1
525.834730,378.467127,0.000000,1
525.852739,378.262079,0.000000,1
525.870884,378.057041,0.000000,1
525.889294,377.852021,0.000000,1
525.908097,377.647030,0.000000,1
525.927423,377.442076,0.000000,1
525.947402,377.237169,0.000000,1
525.968103,377.032314,0.000000,1
525.989320,376.827496,0.000000,1
526.010768,376.622696,0.000000,1
526.032162,376.417895,0.000000,1
526.053216,376.213074,0.000000,1
526.073643,376.008212,0.000000,1
526.093159,375.803290,0.000000,1
526.111479,375.598288,0.000000,1
526.128315,375.393188,0.000000,1
526.143384,375.187969,0.000000,1
526.156422,374.982614,0.000000,1
526.167469,374.777127,0.000000,1
526.176773,374.571526,0.000000,1
526.184585,374.365831,0.000000,1
526.191160,374.160062,0.000000,1
526.196749,373.954236,0.000000,1
526.201605,373.748374,0.000000,1
526.205980,373.542494,0.000000,1
526.210127,373.336617,0.000000,1
526.214294,373.130760,0.000000,1
526.218601,372.924932,0.000000,1
526.223022,372.719126,0.000000,1
526.227523,372.513335,0.000000,1
526.232067,372.307552,0.000000,1
526.236622,372.101772,0.000000,1
526.241152,371.895987,0.000000,1
526.245623,371.690190,0.000000,1
526.250000,371.484375,0.000000,1
526.248206,371.146076,0.000000,1
526.248200,370.807738,0.000000,1
526.249343,370.469375,0.000000,1
526.250997,370.131001,0.000000,1
526.252522,369.792630,0.000000,1
526.253278,369.454275,0.000000,1
526.252627,369.115951,0.000000,1
526.249929,368.777672,0.000000,1
526.244556,368.439449,0.000000,1
526.236329,368.101288,0.000000,1
526.225696,367.763177,0.000000,1
526.213147,367.425103,0.000000,1
526.199175,367.087054,0.000000,1
526.184271,366.749018,0.000000,1
526.168927,366.410982,0.000000,1
526.153636,366.072935,0.000000,1
526.138888,365.734864,0.000000,1
526.125176,365.396757,0.000000,1
526.112798,365.058607,0.000000,1
526.101505,364.720425,0.000000,1
526.090950,364.382225,0.000000,1
526.080787,364.044020,0.000000,1
526.070671,363.705824,0.000000,1
526.060256,363.367650,0.000000,1
526.049196,363.029513,0.000000,1
526.037144,362.691425,0.000000,1
526.023754,362.353401,0.000000,1
526.008682,362.015454,0.000000,1
525.991660,361.677594,0.000000,1
525.972876,361.339812,0.000000,1
525.952673,361.002093,0.000000,1
525.931395,360.664423,0.000000,1
525.909386,360.326784,0.000000,1
525.886990,359.989164,0.000000,1
525.864552,359.651545,0.000000,1
525.842414,359.313912,0.000000,1
525.820922,358.976251,0.000000,1
525.800419,358.638546,0.000000,1
525.781250,358.300781,0.000000,1
525.000000,345.136719,0.000000,1
525.143760,345.134437,0.000000,1
525.287542,345.132874,0.000000,1
525.431338,345.131784,0.000000,1
525.575141,345.130921,0.000000,1
525.718944,345.130039,0.000000,1
525.862738,345.128894,0.000000,1
526.006517,345.127240,0.000000,1
526.150273,345.124830,0.000000,1
526.293998,345.121420,0.000000,1
526.437687,345.116819,0.000000,1
526.581343,345.111140,0.000000,1
526.724973,345.104600,0.000000,1
526.868584,345.097415,0.000000,1
527.012183,345.089802,0.000000,1
527.155776,345.081977,0.000000,1
527.299371,345.074157,0.000000,1
527.442974,345.066558,0.000000,1
527.586593,345.059397,0.000000,1
527.730233,345.052891,0.000000,1
527.873902,345.047241,0.000000,1
528.017600,345.042462,0.000000,1
528.161323,345.038446,0.000000,1
528.305068,345.035082,0.000000,1
528.448829,345.032262,0.000000,1
528.592604,345.029874,0.000000,1
528.736389,345.027808,0.000000,1
528.880180,345.025955,0.000000,1
529.023973,345.024204,0.000000,1
529.167765,345.022445,0.000000,1
529.311551,345.020570,0.000000,1
529.455329,345.018521,0.000000,1
529.599102,345.016329,0.000000,1
529.742870,345.014029,0.000000,1
529.886635,345.011658,0.000000,1
530.030399,345.009252,0.000000,1
530.174162,345.006847,0.000000,1
530.317928,345.004479,0.000000,1
530.461696,345.002185,0.000000,1
530.605469,345.000000,0.000000,1
531.247462,345.010224,0.000000,1
531.889536,345.017238,0.000000,1
532.531642,345.022947,0.000000,1
533.173733,345.029255,0.000000,1
533.815762,345.038069,0.000000,1
534.457681,345.051295,0.000000,1
535.099447,345.070476,0.000000,1
535.741031,345.095682,0.000000,1
536.382411,345.126607,0.000000,1
537.023561,345.162946,0.000000,1
537.664459,345.204393,0.000000,1
538.305081,345.250644,0.000000,1
538.945356,345.301744,0.000000,1
539.585123,345.358425,0.000000,1
540.224210,345.421504,0.000000,1
540.862447,345.491796,0.000000,1
541.499660,345.570116,0.000000,1
542.135709,345.657086,0.000000,1
542.770643,345.752153,0.000000,1
543.404579,345.854317,0.000000,1
544.037638,345.962580,0.000000,1
544.669938,346.075942,0.000000,1
545.301531,346.193687,0.000000,1
545.932029,346.316905,0.000000,1
546.560875,346.447396,0.000000,1
547.187510,346.586961,0.000000,1
547.811377,346.737399,0.000000,1
548.432211,346.899579,0.000000,1
549.050423,347.072246,0.000000,1
549.666514,347.253845,0.000000,1
550.280989,347.442824,0.000000,1
550.893934,347.638505,0.000000,1
551.502918,347.845510,0.000000,1
552.104565,348.070452,0.000000,1
552.695498,348.319943,0.000000,1
553.273322,348.598513,0.000000,1
553.842198,348.896786,0.000000,1
554.408964,349.199703,0.000000,1
554.980469,349.492188,0.000000,1
555.166818,349.608867,0.000000,1
555.354671,349.723346,0.000000,1
555.543560,349.836306,0.000000,1
555.733021,349.948429,0.000000,1
555.922588,350.060397,0.000000,1
556.111794,350.172893,0.000000,1
556.300174,350.286598,0.000000,1
556.487263,350.402195,0.000000,1
556.672595,350.520366,0.000000,1
556.855716,350.641774,0.000000,1
557.036513,350.766586,0.000000,1
557.215234,350.894443,0.000000,1
557.392143,351.024958,0.000000,1
557.567506,351.157743,0.000000,1
557.741588,351.292412,0.000000,1
557.914654,351.428579,0.000000,1
558.086971,351.565856,0.000000,1
558.258802,351.703857,0.000000,1
558.430414,351.842196,0.000000,1
558.602014,351.980556,0.000000,1
558.773444,352.119080,0.000000,1
558.944400,352.258091,0.000000,1
559.114576,352.397914,0.000000,1
559.283668,352.538873,0.000000,1
559.451372,352.681290,0.000000,1
559.617383,352.825491,0.000000,1
559.781396,352.971800,0.000000,1
559.943107,353.120539,0.000000,1
560.102210,353.272034,0.000000,1
560.258540,353.426462,0.000000,1
560.412480,353.583417,0.000000,1
560.564558,353.742341,0.000000,1
560.715298,353.902680,0.000000,1
560.865226,354.063878,0.000000,1
561.014869,354.225377,0.000000,1
561.164751,354.386623,0.000000,1
561.315399,354.547060,0.000000,1
561.467338,354.706131,0.000000,1
561.621094,354.863281,0.000000,1
561.741547,355.006393,0.000000,1
561.864954,355.147470,0.000000,1
561.990627,355.286984,0.000000,1
562.117878,355.425412,0.000000,1
562.246017,355.563226,0.000000,1
562.374357,355.700903,0.000000,1
562.502210,355.838915,0.000000,1
562.628886,355.977738,0.000000,1
562.753698,356.117846,0.000000,1
562.875957,356.259713,0.000000,1
562.994975,356.403815,0.000000,1
563.110067,356.550622,0.000000,1
563.220931,356.700370,0.000000,1
563.328010,356.852828,0.000000,1
563.431835,357.007714,0.000000,1
563.532935,357.164743,0.000000,1
563.631839,357.323633,0.000000,1
563.729077,357.484100,0.000000,1
563.825180,357.645861,0.000000,1
563.920676,357.808632,0.000000,1
564.016095,357.972131,0.000000,1
564.111967,358.136075,0.000000,1
564.208660,358.300229,0.000000,1
564.305199,358.464784,0.000000,1
564.399955,358.630133,0.000000,1
564.491291,358.796672,0.000000,1
564.577572,358.964797,0.000000,1
564.657162,359.134904,0.000000,1
564.728424,359.307390,0.000000,1
564.789724,359.482649,0.000000,1
564.839425,359.661079,0.000000,1
564.876339,359.842959,0.000000,1
564.902294,360.027785,0.000000,1
564.920361,360.214732,0.000000,1
564.933615,360.402973,0.000000,1
564.945131,360.591682,0.000000,1
564.957984,360.780031,0.000000,1
564.975249,360.967194,0.000000,1
565.000000,361.152344,0.000000,1
564.976052,361.685238,0.000000,1
564.966285,362.219463,0.000000,1
564.955156,362.753561,0.000000,1
564.927124,363.286072,0.000000,1
564.867815,363.815587,0.000000,1
564.775095,364.341199,0.000000,1
564.654126,364.862302,0.000000,1
564.510171,365.378294,0.000000,1
564.348465,365.888580,0.000000,1
564.172756,366.393058,0.000000,1
563.984552,366.892356,0.000000,1
563.785179,367.387169,0.000000,1
563.575958,367.878187,0.000000,1
563.357784,368.365797,0.000000,1
563.129359,368.848829,0.000000,1
562.888687,369.325615,0.000000,1
562.633770,369.794488,0.000000,1
562.362635,370.253795,0.000000,1
562.074943,370.702948,0.000000,1
561.773047,371.143115,0.000000,1
561.459556,371.575626,0.000000,1
561.137075,372.001812,0.000000,1
560.808161,372.422975,0.000000,1
560.473902,372.839535,0.000000,1
560.133699,373.250898,0.000000,1
559.786858,373.656419,0.000000,1
559.432689,374.055449,0.000000,1
559.070502,374.447342,0.000000,1
558.699928,374.831600,0.000000,1
558.321161,375.207984,0.000000,1
557.934452,375.576283,0.000000,1
557.540053,375.936285,0.000000,1
557.138217,376.287778,0.000000,1
556.729342,376.630770,0.000000,1
556.315053,376.967101,0.000000,1
555.897582,377.299516,0.000000,1
555.479165,377.630766,0.000000,1
555.062038,377.963604,0.000000,1
554.648437,378.300781,0.000000,1
554.194964,378.633265,0.000000,1
553.744364,378.969708,0.000000,1
553.294444,379.307085,0.000000,1
552.843008,379.642375,0.000000,1
552.387860,379.972554,0.000000,1
551.927032,380.294879,0.000000,1
551.460168,380.608589,0.000000,1
550.987602,380.913780,0.000000,1
550.509674,381.210548,0.000000,1
550.026724,381.498992,0.000000,1
549.539101,381.779254,0.000000,1
549.047267,382.051924,0.000000,1
548.551749,382.317854,0.000000,1
548.053072,382.577898,0.000000,1
547.551764,382.832910,0.000000,1
547.048297,383.083637,0.000000,1
546.542620,383.329799,0.000000,1
546.034387,383.570545,0.000000,1
545.523252,383.805020,0.000000,1
545.008869,384.032365,0.000000,1
544.490938,384.251777,0.000000,1
543.969457,384.462776,0.000000,1
543.444537,384.665007,0.000000,1
542.916291,384.858116,0.000000,1
542.384830,385.041749,0.000000,1
541.850317,385.215869,0.000000,1
541.313074,385.381471,0.000000,1
540.773454,385.539758,0.000000,1
540.231812,385.691937,0.000000,1
539.688498,385.839176,0.000000,1
539.143567,385.980860,0.000000,1
538.596646,386.113753,0.000000,1
538.047328,386.234407,0.000000,1
537.495204,386.339377,0.000000,1
536.939952,386.425772,0.000000,1
536.382224,386.497172,0.000000,1
535.823300,386.561332,0.000000,1
535.264472,386.626073,0.000000,1
534.707031,386.699219,0.000000,1
525.000000,387.500000,0.000000,1
NaN,NaN,NaN,NaN
762.031250,302.500000,0.000000,1
761.463963,302.247630,0.000000,1
760.899558,301.988028,0.000000,1
760.333176,301.733384,0.000000,1
759.760035,301.495699,0.000000,1
759.178542,301.278963,0.000000,1
758.591411,301.076349,0.000000,1
758.001660,300.880271,0.000000,1
757.412211,300.683393,0.000000,1
756.823886,300.483956,0.000000,1
756.235467,300.285602,0.000000,1
755.645653,300.092195,0.000000,1
755.053148,299.907583,0.000000,1
754.457323,299.733604,0.000000,1
753.858847,299.568180,0.000000,1
753.258539,299.408778,0.000000,1
752.657218,299.252867,0.000000,1
752.055667,299.098030,0.000000,1
751.454105,298.943681,0.000000,1
750.852291,298.790715,0.000000,1
750.249972,298.640068,0.000000,1
749.646895,298.492679,0.000000,1
749.042816,298.349445,0.000000,1
748.437706,298.210452,0.000000,1
747.831743,298.074991,0.000000,1
747.225112,297.942323,0.000000,1
746.618001,297.811706,0.000000,1
746.010594,297.682402,0.000000,1
745.403021,297.553928,0.000000,1
744.795207,297.426715,0.000000,1
744.187030,297.301395,0.000000,1
743.578372,297.178602,0.000000,1
742.969111,297.058966,0.000000,1
742.359127,296.943120,0.000000,1
741.748393,296.831208,0.000000,1
741.137116,296.722150,0.000000,1
740.525536,296.614676,0.000000,1
739.913897,296.507517,0.000000,1
739.302439,296.399402,0.000000,1
738.691406,296.289063,0.000000,1
738.081401,296.188974,0.000000,1
737.471413,296.088819,0.000000,1
736.861430,295.988639,0.000000,1
736.251443,295.888477,0.000000,1
735.641442,295.788374,0.000000,1
735.031415,295.688373,0.000000,1
734.421330,295.588684,0.000000,1
733.811100,295.489886,0.000000,1
733.200634,295.392603,0.000000,1
732.589840,295.297460,0.000000,1
731.978626,295.205084,0.000000,1
731.366906,295.116069,0.000000,1
730.754669,295.030574,0.000000,1
730.141963,294.948439,0.000000,1
729.528836,294.869497,0.000000,1
728.915337,294.793578,0.000000,1
728.301515,294.720510,0.000000,1
727.687430,294.649875,0.000000,1
727.073160,294.580860,0.000000,1
726.458787,294.512617,0.000000,1
725.844390,294.444298,0.000000,1
725.230050,294.375071,0.000000,1
724.615754,294.305154,0.000000,1
724.001342,294.236467,0.000000,1
723.386643,294.171083,0.000000,1
722.771483,294.111075,0.000000,1
722.155701,294.058378,0.000000,1
721.539317,294.012702,0.000000,1
720.922493,293.971983,0.000000,1
720.305396,293.934112,0.000000,1
719.688194,293.896979,0.000000,1
719.070990,293.859735,0.000000,1
718.453719,293.824881,0.000000,1
717.836287,293.795464,0.000000,1
717.218603,293.774532,0.000000,1
716.600612,293.763861,0.000000,1
715.982425,293.759710,0.000000,1
715.364200,293.756836,0.000000,1
714.746094,293.750000,0.000000,1
714.492136,293.760084,0.000000,1
714.237864,293.767296,0.000000,1
713.983354,293.772319,0.000000,1
713.728678,293.775833,0.000000,1
713.473913,293.778520,0.000000,1
713.219131,293.781062,0.000000,1
712.964408,293.784139,0.000000,1
712.709818,293.788434,0.000000,1
712.455435,293.794627,0.000000,1
712.201334,293.803401,0.000000,1
711.947590,293.815436,0.000000,1
711.694274,293.831403,0.000000,1
711.441395,293.851554,0.000000,1
711.188879,293.875612,0.000000,1
710.936648,293.903268,0.000000,1
710.684622,293.934210,0.000000,1
710.432722,293.968126,0.000000,1
710.180869,294.004708,0.000000,1
709.928985,294.043643,0.000000,1
709.676990,294.084621,0.000000,1
709.424805,294.127331,0.000000,1
709.172352,294.171462,0.000000,1
708.919646,294.216913,0.000000,1
708.667188,294.264633,0.000000,1
708.415626,294.315901,0.000000,1
708.165611,294.371997,0.000000,1
707.917792,294.434200,0.000000,1
707.672818,294.503789,0.000000,1
707.431341,294.582042,0.000000,1
707.194009,294.670239,0.000000,1
706.961473,294.769659,0.000000,1
706.734127,294.881028,0.000000,1
706.511124,295.002355,0.000000,1
706.291230,295.130814,0.000000,1
706.073216,295.263582,0.000000,1
705.855848,295.397834,0.000000,1
705.637896,295.530745,0.000000,1
705.418128,295.659492,0.000000,1
705.195312,295.781250,0.000000,1
704.966909,295.960579,0.000000,1
704.731784,296.132755,0.000000,1
704.497951,296.306307,0.000000,1
704.273426,296.489762,0.000000,1
704.064965,296.690282,0.000000,1
703.871536,296.906558,0.000000,1
703.689121,297.134042,0.000000,1
703.513701,297.368177,0.000000,1
703.341535,297.604662,0.000000,1
703.172750,297.842662,0.000000,1
703.010262,298.083848,0.000000,1
702.857049,298.329946,0.000000,1
702.716071,298.582669,0.000000,1
702.588193,298.842570,0.000000,1
702.470416,299.108051,0.000000,1
702.359322,299.377279,0.000000,1
702.251493,299.648424,0.000000,1
702.143902,299.919813,0.000000,1
702.037550,300.191396,0.000000,1
701.935791,300.464075,0.000000,1
701.842014,300.738766,0.000000,1
701.759605,301.016381,0.000000,1
701.691252,301.297655,0.000000,1
701.635122,301.582151,0.000000,1
701.587585,301.868967,0.000000,1
701.545003,302.157199,0.000000,1
701.503743,302.445945,0.000000,1
701.460415,302.734348,0.000000,1
701.415179,303.022216,0.000000,1
701.370836,303.309853,0.000000,1
701.330250,303.597576,0.000000,1
701.296286,303.885698,0.000000,1
701.271809,304.174537,0.000000,1
701.258707,304.464316,0.000000,1
701.254442,304.754835,0.000000,1
701.255227,305.045777,0.000000,1
701.257274,305.336825,0.000000,1
701.256794,305.627662,0.000000,1
701.250000,305.917969,0.000000,1
702.343750,327.675781,0.000000,1
702.419681,329.387384,0.000000,1
702.496944,331.098926,0.000000,1
702.574201,332.810468,0.000000,1
702.650113,334.522071,0.000000,1
702.723367,336.233795,0.000000,1
702.793178,337.945668,0.000000,1
702.859297,339.657688,0.000000,1
702.921496,341.369851,0.000000,1
702.979546,343.082155,0.000000,1
703.033358,344.794592,0.000000,1
703.083541,346.507140,0.000000,1
703.130923,348.219774,0.000000,1
703.176334,349.932466,0.000000,1
703.220601,351.645190,0.000000,1
703.264154,353.357930,0.000000,1
703.306612,355.070694,0.000000,1
703.347490,356.783492,0.000000,1
703.386305,358.496333,0.000000,1
703.422584,360.209228,0.000000,1
703.456268,361.922178,0.000000,1
703.487823,363.635171,0.000000,1
703.517745,365.348199,0.000000,1
703.546533,367.061250,0.000000,1
703.574664,368.774315,0.000000,1
703.602082,370.487390,0.000000,1
703.628168,372.200483,0.000000,1
703.652276,373.913599,0.000000,1
703.673760,375.626746,0.000000,1
703.691987,377.339929,0.000000,1
703.706762,379.053149,0.000000,1
703.718430,380.766399,0.000000,1
703.727366,382.479669,0.000000,1
703.733946,384.192951,0.000000,1
703.738546,385.906237,0.000000,1
703.741609,387.619522,0.000000,1
703.743702,389.332806,0.000000,1
703.745410,391.046089,0.000000,1
703.747315,392.759372,0.000000,1
703.750000,394.472656,0.000000,1
703.765501,394.748545,0.000000,1
703.770339,395.025860,0.000000,1
703.773517,395.303397,0.000000,1
703.784038,395.579951,0.000000,1
703.810902,395.854319,0.000000,1
703.860289,396.125528,0.000000,1
703.930146,396.393282,0.000000,1
704.016922,396.657408,0.000000,1
704.117066,396.917733,0.000000,1
704.227038,397.174084,0.000000,1
704.344667,397.426138,0.000000,1
704.470430,397.673286,0.000000,1
704.605107,397.914887,0.000000,1
704.749478,398.150298,0.000000,1
704.904293,398.378892,0.000000,1
705.069490,398.600467,0.000000,1
705.244074,398.815304,0.000000,1
705.427002,399.023712,0.000000,1
705.617231,399.225996,0.000000,1
705.813769,399.422408,0.000000,1
706.016398,399.612337,0.000000,1
706.225491,399.794516,0.000000,1
706.441437,399.967660,0.000000,1
706.664626,400.130485,0.000000,1
706.895365,400.281864,0.000000,1
707.133209,400.422146,0.000000,1
707.377299,400.552487,0.000000,1
707.626774,400.674049,0.000000,1
707.880772,400.787996,0.000000,1
708.138522,400.894945,0.000000,1
708.399779,400.992401,0.000000,1
708.664484,401.076766,0.000000,1
708.932577,401.144442,0.000000,1
709.203999,401.191830,0.000000,1
709.478521,401.217174,0.000000,1
709.755165,401.226926,0.000000,1
710.032742,401.229822,0.000000,1
710.310062,401.234601,0.000000,1
710.585937,401.250000,0.000000,1
710.863334,401.234984,0.000000,1
711.141935,401.230118,0.000000,1
711.420782,401.227330,0.000000,1
711.698918,401.218550,0.000000,1
711.975386,401.195706,0.000000,1
712.249309,401.152275,0.000000,1
712.520181,401.088983,0.000000,1
712.787607,401.008678,0.000000,1
713.051190,400.914206,0.000000,1
713.310534,400.808417,0.000000,1
713.565273,400.693683,0.000000,1
713.815158,400.570367,0.000000,1
714.059974,400.438299,0.000000,1
714.299506,400.297308,0.000000,1
714.533538,400.147225,0.000000,1
714.761771,399.987960,0.000000,1
714.983673,399.819642,0.000000,1
715.198673,399.642439,0.000000,1
715.406199,399.456519,0.000000,1
715.605682,399.262052,0.000000,1
715.796741,399.059356,0.000000,1
715.979361,398.849037,0.000000,1
716.153567,398.631735,0.000000,1
716.319385,398.408088,0.000000,1
716.476834,398.178726,0.000000,1
716.625815,397.943992,0.000000,1
716.766080,397.703887,0.000000,1
716.897374,397.458394,0.000000,1
717.019442,397.207494,0.000000,1
717.131889,396.951199,0.000000,1
717.232784,396.689850,0.000000,1
717.319242,396.423993,0.000000,1
717.388360,396.154175,0.000000,1
717.437237,395.880946,0.000000,1
717.464238,395.604908,0.000000,1
717.475287,395.326978,0.000000,1
717.479110,395.048191,0.000000,1
717.484438,394.769582,0.000000,1
717.500000,394.492188,0.000000,1
717.497870,392.763844,0.000000,1
717.498406,391.035488,0.000000,1
717.499621,389.307128,0.000000,1
717.499528,387.578774,0.000000,1
717.496141,385.850437,0.000000,1
717.487691,384.122126,0.000000,1
717.474361,382.393839,0.000000,1
717.457358,380.665571,0.000000,1
717.437901,378.937317,0.000000,1
717.417208,377.209071,0.000000,1
717.396440,375.480827,0.000000,1
717.375755,373.752590,0.000000,1
717.354468,372.024368,0.000000,1
717.331867,370.296170,0.000000,1
717.307241,368.568008,0.000000,1
717.279909,366.839889,0.000000,1
717.249863,365.111812,0.000000,1
717.217745,363.383765,0.000000,1
717.184223,361.655736,0.000000,1
717.149963,359.927713,0.000000,1
717.115571,358.199683,0.000000,1
717.080628,356.471664,0.000000,1
717.043889,354.743692,0.000000,1
717.004087,353.015804,0.000000,1
716.959954,351.288039,0.000000,1
716.910442,349.560426,0.000000,1
716.856311,347.832942,0.000000,1
716.799210,346.105535,0.000000,1
716.740795,344.378155,0.000000,1
716.682721,342.650750,0.000000,1
716.625814,340.923300,0.000000,1
716.568214,339.195882,0.000000,1
716.507514,337.468595,0.000000,1
716.441311,335.741539,0.000000,1
716.367321,334.014806,0.000000,1
716.286141,332.288371,0.000000,1
716.201287,330.562088,0.000000,1
716.116410,328.835807,0.000000,1
716.035156,327.109375,0.000000,1
715.332031,317.128906,0.000000,1
715.313593,316.882402,0.000000,1
715.293849,316.635969,0.000000,1
715.273154,316.389589,0.000000,1
715.251862,316.143241,0.000000,1
715.230329,315.896907,0.000000,1
715.208908,315.650566,0.000000,1
715.187956,315.404200,0.000000,1
715.167826,315.157789,0.000000,1
715.148873,314.911313,0.000000,1
715.131451,314.664752,0.000000,1
715.115901,314.418089,0.000000,1
715.102233,314.171321,0.000000,1
715.090150,313.924460,0.000000,1
715.079342,313.677519,0.000000,1
715.069497,313.430513,0.000000,1
715.060307,313.183455,0.000000,1
715.051460,312.936357,0.000000,1
715.042646,312.689234,0.000000,1
715.033556,312.442098,0.000000,1
715.023879,312.194963,0.000000,1
715.013316,311.947842,0.000000,1
715.001921,311.700741,0.000000,1
714.990151,311.453656,0.000000,1
714.978486,311.206582,0.000000,1
714.967405,310.959516,0.000000,1
714.957388,310.712454,0.000000,1
714.948915,310.465391,0.000000,1
714.942465,310.218323,0.000000,1
714.938519,309.971246,0.000000,1
714.937555,309.724157,0.000000,1
714.939853,309.477051,0.000000,1
714.944914,309.229932,0.000000,1
714.952051,308.982802,0.000000,1
714.960578,308.735666,0.000000,1
714.969806,308.488526,0.000000,1
714.979050,308.241386,0.000000,1
714.987622,307.994250,0.000000,1
714.994834,307.747120,0.000000,1
715.000000,307.500000,0.000000,1
716.118430,307.511656,0.000000,1
717.237090,307.514673,0.000000,1
718.355681,307.520286,0.000000,1
719.473902,307.539733,0.000000,1
720.591484,307.581791,0.000000,1
721.708279,307.645343,0.000000,1
722.824170,307.726778,0.000000,1
723.939039,307.822485,0.000000,1
725.052779,307.929172,0.000000,1
726.165343,308.045779,0.000000,1
727.276710,308.172204,0.000000,1
728.386860,308.308349,0.000000,1
729.495775,308.454111,0.000000,1
730.603462,308.609145,0.000000,1
731.709969,308.772762,0.000000,1
732.815347,308.944248,0.000000,1
733.919648,309.122889,0.000000,1
735.022908,309.308043,0.000000,1
736.125003,309.499944,0.000000,1
737.225700,309.699420,0.000000,1
738.324760,309.907306,0.000000,1
739.421949,310.124442,0.000000,1
740.517060,310.351532,0.000000,1
741.610270,310.587659,0.000000,1
742.702013,310.830812,0.000000,1
743.792728,311.078958,0.000000,1
744.882852,311.330065,0.000000,1
745.972817,311.582138,0.000000,1
747.062633,311.834904,0.000000,1
748.151717,312.090555,0.000000,1
749.239441,312.351467,0.000000,1
750.325176,312.620020,0.000000,1
751.408292,312.898591,0.000000,1
752.488295,313.189050,0.000000,1
753.565742,313.489262,0.000000,1
754.641687,313.795202,0.000000,1
755.717189,314.102835,0.000000,1
756.793305,314.408124,0.000000,1
757.871094,314.707031,0.000000,1
757.923807,314.717195,0.000000,1
757.976398,314.728235,0.000000,1
758.028881,314.740040,0.000000,1
758.081273,314.752498,0.000000,1
758.133589,314.765498,0.000000,1
758.185845,314.778930,0.000000,1
758.238056,314.792680,0.000000,1
758.290238,314.806638,0.000000,1
758.342406,314.820693,0.000000,1
758.394576,314.834733,0.000000,1
758.446764,314.848647,0.000000,1
758.498986,314.862323,0.000000,1
758.551256,314.875651,0.000000,1
758.603591,314.888518,0.000000,1
758.656005,314.900813,0.000000,1
758.708516,314.912426,0.000000,1
758.761138,314.923243,0.000000,1
758.813886,314.933155,0.000000,1
758.866778,314.942050,0.000000,1
758.919827,314.949817,0.000000,1
758.973041,314.956407,0.000000,1
759.026407,314.961916,0.000000,1
759.079908,314.966456,0.000000,1
759.133529,314.970142,0.000000,1
759.187254,314.973086,0.000000,1
759.241067,314.975402,0.000000,1
759.294952,314.977203,0.000000,1
759.348893,314.978604,0.000000,1
759.402874,314.979717,0.000000,1
759.456880,314.980656,0.000000,1
759.510894,314.981535,0.000000,1
759.564901,314.982466,0.000000,1
759.618885,314.983564,0.000000,1
759.672829,314.984942,0.000000,1
759.726718,314.986713,0.000000,1
759.780537,314.988991,0.000000,1
759.834268,314.991889,0.000000,1
759.887896,314.995521,0.000000,1
759.941406,315.000000,0.000000,1
760.077647,314.988244,0.000000,1
760.214543,314.980319,0.000000,1
760.351898,314.975082,0.000000,1
760.489517,314.971391,0.000000,1
760.627205,314.968105,0.000000,1
760.764768,314.964080,0.000000,1
760.902008,314.958175,0.000000,1
761.038733,314.949248,0.000000,1
761.174745,314.936157,0.000000,1
761.309851,314.917763,0.000000,1
761.443932,314.893436,0.000000,1
761.577020,314.863550,0.000000,1
761.709162,314.828597,0.000000,1
761.840410,314.789071,0.000000,1
761.970811,314.745465,0.000000,1
762.100416,314.698270,0.000000,1
762.229272,314.647979,0.000000,1
762.357430,314.595086,0.000000,1
762.484939,314.540083,0.000000,1
762.611835,314.483437,0.000000,1
762.737936,314.425159,0.000000,1
762.862874,314.364877,0.000000,1
762.986275,314.302204,0.000000,1
763.107766,314.236755,0.000000,1
763.226973,314.168144,0.000000,1
763.343522,314.095987,0.000000,1
763.457039,314.019896,0.000000,1
763.567151,313.939487,0.000000,1
763.673485,313.854374,0.000000,1
763.775779,313.764303,0.000000,1
763.874511,313.669876,0.000000,1
763.970454,313.572038,0.000000,1
764.064381,313.471734,0.000000,1
764.157064,313.369911,0.000000,1
764.249279,313.267513,0.000000,1
764.341797,313.165487,0.000000,1
764.435392,313.064778,0.000000,1
764.530837,312.966332,0.000000,1
764.628906,312.871094,0.000000,1
764.701038,312.769339,0.000000,1
764.775738,312.669117,0.000000,1
764.852240,312.569973,0.000000,1
764.929782,312.471450,0.000000,1
765.007600,312.373092,0.000000,1
765.084930,312.274442,0.000000,1
765.161008,312.175044,0.000000,1
765.235070,312.074442,0.000000,1
765.306353,311.972180,0.000000,1
765.374095,311.867802,0.000000,1
765.437872,311.761056,0.000000,1
765.497978,311.652120,0.000000,1
765.554796,311.541224,0.000000,1
765.608711,311.428601,0.000000,1
765.660105,311.314482,0.000000,1
765.709363,311.199097,0.000000,1
765.756868,311.082680,0.000000,1
765.803005,310.965460,0.000000,1
765.848157,310.847670,0.000000,1
765.892687,310.729535,0.000000,1
765.936512,310.611135,0.000000,1
765.979123,310.492413,0.000000,1
766.019993,310.373307,0.000000,1
766.058597,310.253756,0.000000,1
766.094407,310.133696,0.000000,1
766.126899,310.013066,0.000000,1
766.155545,309.891804,0.000000,1
766.179820,309.769847,0.000000,1
766.199198,309.647132,0.000000,1
766.213282,309.523617,0.000000,1
766.222653,309.399393,0.000000,1
766.228326,309.274613,0.000000,1
766.231319,309.149429,0.000000,1
766.232650,309.023996,0.000000,1
766.233336,308.898466,0.000000,1
766.234397,308.772991,0.000000,1
766.236849,308.647727,0.000000,1
766.241711,308.522824,0.000000,1
766.250000,308.398438,0.000000,1
766.242511,308.199877,0.000000,1
766.241221,308.000618,0.000000,1
766.240777,307.801264,0.000000,1
766.235825,307.602418,0.000000,1
766.221020,307.404682,0.000000,1
766.193078,307.208456,0.000000,1
766.153743,307.013654,0.000000,1
766.105510,306.820115,0.000000,1
766.050871,306.627679,0.000000,1
765.992254,306.436203,0.000000,1
765.930113,306.246109,0.000000,1
765.862658,306.058457,0.000000,1
765.787976,305.874340,0.000000,1
765.704154,305.694856,0.000000,1
765.609771,305.520826,0.000000,1
765.506320,305.351476,0.000000,1
765.396361,305.185443,0.000000,1
765.282456,305.021362,0.000000,1
765.167150,304.857883,0.000000,1
765.051396,304.694802,0.000000,1
764.933327,304.533959,0.000000,1
764.810786,304.377398,0.000000,1
764.681616,304.227166,0.000000,1
764.543807,304.085173,0.000000,1
764.397551,303.951292,0.000000,1
764.244721,303.823848,0.000000,1
764.087228,303.701121,0.000000,1
763.926989,303.581396,0.000000,1
763.765763,303.463129,0.000000,1
763.603683,303.346627,0.000000,1
763.439898,303.233312,0.000000,1
763.273546,303.124624,0.000000,1
763.103760,303.022001,0.000000,1
762.929722,302.926805,0.000000,1
762.751746,302.838456,0.000000,1
762.571343,302.754327,0.000000,1
762.390081,302.671692,0.000000,1
762.209527,302.587825,0.000000,1
762.031250,302.500000,0.000000,1
NaN,NaN,NaN,NaN
840.195312,300.722656,0.000000,1
839.531561,300.302095,0.000000,1
838.876147,299.866570,0.000000,1
838.218707,299.434681,0.000000,1
837.548878,299.025029,0.000000,1
836.858405,298.652511,0.000000,1
836.149571,298.313536,0.000000,1
835.427939,297.998745,0.000000,1
834.699075,297.698779,0.000000,1
833.968124,297.405067,0.000000,1
833.235990,297.116926,0.000000,1
832.501138,296.838219,0.000000,1
831.762004,296.572863,0.000000,1
831.017032,296.324752,0.000000,1
830.265570,296.095669,0.000000,1
829.508577,295.883623,0.000000,1
828.747179,295.686237,0.000000,1
827.982499,295.501131,0.000000,1
827.215622,295.326020,0.000000,1
826.447027,295.160013,0.000000,1
825.676716,295.003299,0.000000,1
824.904683,294.856099,0.000000,1
824.130918,294.718631,0.000000,1
823.355422,294.591094,0.000000,1
822.578289,294.473397,0.000000,1
821.799681,294.365253,0.000000,1
821.019757,294.266373,0.000000,1
820.238680,294.176468,0.000000,1
819.456611,294.095254,0.000000,1
818.673687,294.022756,0.000000,1
817.890014,293.959409,0.000000,1
817.105699,293.905679,0.000000,1
816.320846,293.862030,0.000000,1
815.535559,293.828927,0.000000,1
814.749942,293.806495,0.000000,1
813.964095,293.792378,0.000000,1
813.178112,293.783126,0.000000,1
812.392090,293.775283,0.000000,1
811.606125,293.765393,0.000000,1
810.820312,293.750000,0.000000,1
810.534705,293.759733,0.000000,1
810.248920,293.766698,0.000000,1
809.963019,293.771832,0.000000,1
809.677060,293.776071,0.000000,1
809.391103,293.780351,0.000000,1
809.105210,293.785606,0.000000,1
808.819438,293.792774,0.000000,1
808.533848,293.802789,0.000000,1
808.248500,293.816588,0.000000,1
807.963438,293.834837,0.000000,1
807.678648,293.857273,0.000000,1
807.394107,293.883431,0.000000,1
807.109789,293.912846,0.000000,1
806.825671,293.945052,0.000000,1
806.541728,293.979585,0.000000,1
806.257934,294.015978,0.000000,1
805.974266,294.053767,0.000000,1
805.690699,294.092487,0.000000,1
805.407212,294.131706,0.000000,1
805.123831,294.171424,0.000000,1
804.840614,294.211942,0.000000,1
804.557623,294.253566,0.000000,1
804.274915,294.296604,0.000000,1
803.992550,294.341363,0.000000,1
803.710589,294.388150,0.000000,1
803.429090,294.437271,0.000000,1
803.148113,294.489033,0.000000,1
802.867717,294.543744,0.000000,1
802.587957,294.601685,0.000000,1
802.308799,294.662682,0.000000,1
802.030130,294.726166,0.000000,1
801.751836,294.791557,0.000000,1
801.473803,294.858274,0.000000,1
801.195917,294.925737,0.000000,1
800.918064,294.993364,0.000000,1
800.640128,295.060576,0.000000,1
800.361996,295.126790,0.000000,1
800.083554,295.191427,0.000000,1
799.804687,295.253906,0.000000,1
799.502145,295.335749,0.000000,1
799.198465,295.414117,0.000000,1
798.893931,295.489878,0.000000,1
798.588829,295.563900,0.000000,1
798.283441,295.637052,0.000000,1
797.978053,295.710203,0.000000,1
797.672948,295.784220,0.000000,1
797.368412,295.859972,0.000000,1
797.064728,295.938327,0.000000,1
796.762180,296.020154,0.000000,1
796.461053,296.106321,0.000000,1
796.161580,296.197549,0.000000,1
795.863667,296.293624,0.000000,1
795.567093,296.393968,0.000000,1
795.271635,296.498002,0.000000,1
794.977072,296.605147,0.000000,1
794.683183,296.714822,0.000000,1
794.389746,296.826450,0.000000,1
794.096538,296.939449,0.000000,1
793.803339,297.053242,0.000000,1
793.509927,297.167249,0.000000,1
793.216101,297.280933,0.000000,1
792.922117,297.394639,0.000000,1
792.628655,297.509542,0.000000,1
792.336413,297.626849,0.000000,1
792.046088,297.747767,0.000000,1
791.758380,297.873502,0.000000,1
791.473984,298.005263,0.000000,1
791.193600,298.144254,0.000000,1
790.917924,298.291684,0.000000,1
790.647639,298.448732,0.000000,1
790.382671,298.615245,0.000000,1
790.121856,298.789147,0.000000,1
789.863943,298.968218,0.000000,1
789.607685,299.150232,0.000000,1
789.351832,299.332969,0.000000,1
789.095136,299.514205,0.000000,1
788.836348,299.691716,0.000000,1
788.574219,299.863281,0.000000,1
787.910156,299.863281,0.000000,1
787.638292,299.878433,0.000000,1
787.364952,299.882758,0.000000,1
787.091355,299.885207,0.000000,1
786.818724,299.894736,0.000000,1
786.548280,299.920297,0.000000,1
786.281032,299.968384,0.000000,1
786.017269,300.037166,0.000000,1
785.757132,300.123047,0.000000,1
785.500759,300.222433,0.000000,1
785.248288,300.331735,0.000000,1
785.000024,300.448546,0.000000,1
784.756668,300.573318,0.000000,1
784.518980,300.706922,0.000000,1
784.287720,300.850229,0.000000,1
784.063638,301.004093,0.000000,1
783.846921,301.168528,0.000000,1
783.636954,301.342340,0.000000,1
783.433061,301.524241,0.000000,1
783.234563,301.712944,0.000000,1
783.040844,301.907208,0.000000,1
782.852682,302.106838,0.000000,1
782.672249,302.312688,0.000000,1
782.501781,302.525658,0.000000,1
782.343513,302.746650,0.000000,1
782.199471,302.976459,0.000000,1
782.068846,303.214480,0.000000,1
781.948778,303.459091,0.000000,1
781.836359,303.708648,0.000000,1
781.728685,303.961505,0.000000,1
781.623528,304.216209,0.000000,1
781.523779,304.472730,0.000000,1
781.434672,304.731692,0.000000,1
781.361451,304.993720,0.000000,1
781.309359,305.259442,0.000000,1
781.281670,305.529192,0.000000,1
781.271707,305.801834,0.000000,1
781.269652,306.075765,0.000000,1
781.265688,306.349386,0.000000,1
781.250000,306.621094,0.000000,1
781.264012,307.681824,0.000000,1
781.273629,308.742615,0.000000,1
781.272242,309.803532,0.000000,1
781.285839,310.864118,0.000000,1
781.324398,311.924244,0.000000,1
781.360169,312.984521,0.000000,1
781.375418,314.045297,0.000000,1
781.390600,315.105996,0.000000,1
781.428393,316.166009,0.000000,1
781.480422,317.225636,0.000000,1
781.524450,318.285581,0.000000,1
781.551224,319.346111,0.000000,1
781.575983,320.406667,0.000000,1
781.615860,321.466629,0.000000,1
781.671687,322.525993,0.000000,1
781.729198,323.585326,0.000000,1
781.774484,324.645178,0.000000,1
781.808329,325.705498,0.000000,1
781.843215,326.765760,0.000000,1
781.891361,327.825447,0.000000,1
781.952048,328.884590,0.000000,1
782.011927,329.943753,0.000000,1
782.057498,331.003504,0.000000,1
782.087804,332.063901,0.000000,1
782.117136,333.124372,0.000000,1
782.160068,334.184334,0.000000,1
782.215447,335.243799,0.000000,1
782.265685,336.303397,0.000000,1
782.295203,337.363696,0.000000,1
782.313154,338.424430,0.000000,1
782.341557,339.484897,0.000000,1
782.388079,340.544809,0.000000,1
782.428810,341.604786,0.000000,1
782.442469,342.665408,0.000000,1
782.448263,343.726302,0.000000,1
782.475348,344.786830,0.000000,1
782.506772,345.847186,0.000000,1
782.508089,346.907907,0.000000,1
782.500000,347.968750,0.000000,1
782.500000,393.886719,0.000000,1
782.530183,394.216489,0.000000,1
782.546289,394.549106,0.000000,1
782.564146,394.881369,0.000000,1
782.599584,395.210078,0.000000,1
782.666974,395.532276,0.000000,1
782.766858,395.847345,0.000000,1
782.892134,396.155953,0.000000,1
783.035618,396.458785,0.000000,1
783.190129,396.756522,0.000000,1
783.350412,397.049578,0.000000,1
783.516554,397.337619,0.000000,1
783.689562,397.620182,0.000000,1
783.870445,397.896804,0.000000,1
784.060209,398.167020,0.000000,1
784.259400,398.430642,0.000000,1
784.466916,398.688458,0.000000,1
784.681288,398.941473,0.000000,1
784.901050,399.190689,0.000000,1
785.124732,399.437113,0.000000,1
785.350935,399.681678,0.000000,1
785.579637,399.923855,0.000000,1
785.812112,400.161744,0.000000,1
786.049684,400.393392,0.000000,1
786.293675,400.616846,0.000000,1
786.545411,400.830151,0.000000,1
786.805803,401.032058,0.000000,1
787.074212,401.223967,0.000000,1
787.349629,401.407906,0.000000,1
787.631046,401.585906,0.000000,1
787.917456,401.759994,0.000000,1
788.208169,401.930671,0.000000,1
788.504076,402.090835,0.000000,1
788.806563,402.231020,0.000000,1
789.117013,402.341759,0.000000,1
789.436783,402.413721,0.000000,1
789.765234,402.447569,0.000000,1
790.098397,402.460628,0.000000,1
790.431987,402.471803,0.000000,1
790.761719,402.500000,0.000000,1
791.051388,402.462420,0.000000,1
791.340582,402.422134,0.000000,1
791.625945,402.360849,0.000000,1
791.906828,402.279282,0.000000,1
792.183376,402.183657,0.000000,1
792.456324,402.079452,0.000000,1
792.727362,401.970923,0.000000,1
792.998269,401.862210,0.000000,1
793.270573,401.756867,0.000000,1
793.544026,401.654255,0.000000,1
793.817608,401.551924,0.000000,1
794.090294,401.447415,0.000000,1
794.361081,401.338313,0.000000,1
794.629615,401.223779,0.000000,1
794.896372,401.104974,0.000000,1
795.161879,400.983189,0.000000,1
795.426664,400.859711,0.000000,1
795.691256,400.735830,0.000000,1
795.956061,400.612539,0.000000,1
796.221116,400.489900,0.000000,1
796.486381,400.367800,0.000000,1
796.751820,400.246121,0.000000,1
797.017394,400.124750,0.000000,1
797.283065,400.003570,0.000000,1
797.548787,399.882451,0.000000,1
797.814455,399.761173,0.000000,1
798.079940,399.639481,0.000000,1
798.345117,399.517120,0.000000,1
798.609857,399.393836,0.000000,1
798.874034,399.269372,0.000000,1
799.137520,399.143476,0.000000,1
799.400210,399.015933,0.000000,1
799.662194,398.886936,0.000000,1
799.923671,398.756894,0.000000,1
800.184843,398.626221,0.000000,1
800.445908,398.495329,0.000000,1
800.707067,398.364631,0.000000,1
800.968521,398.234540,0.000000,1
801.230469,398.105469,0.000000,1
801.526948,397.959731,0.000000,1
801.822573,397.812215,0.000000,1
802.117690,397.663640,0.000000,1
802.412643,397.514726,0.000000,1
802.707778,397.366190,0.000000,1
803.003441,397.218753,0.000000,1
803.299977,397.073133,0.000000,1
803.597729,396.930045,0.000000,1
803.896778,396.789654,0.000000,1
804.196710,396.651100,0.000000,1
804.497058,396.513406,0.000000,1
804.797356,396.375596,0.000000,1
805.097134,396.236695,0.000000,1
805.395927,396.095726,0.000000,1
805.693266,395.951715,0.000000,1
805.988969,395.804284,0.000000,1
806.283646,395.654721,0.000000,1
806.578043,395.504601,0.000000,1
806.872906,395.355499,0.000000,1
807.168982,395.208991,0.000000,1
807.467016,395.066650,0.000000,1
807.767536,394.929588,0.000000,1
808.069813,394.796234,0.000000,1
808.372670,394.664067,0.000000,1
808.674930,394.530564,0.000000,1
808.975414,394.393201,0.000000,1
809.273030,394.249638,0.000000,1
809.568315,394.101078,0.000000,1
809.863282,393.951932,0.000000,1
810.159998,393.806727,0.000000,1
810.460528,393.669986,0.000000,1
810.765572,393.543199,0.000000,1
811.071891,393.419094,0.000000,1
811.375540,393.288832,0.000000,1
811.673023,393.144610,0.000000,1
811.967580,392.994102,0.000000,1
812.267627,392.856894,0.000000,1
812.578243,392.744719,0.000000,1
812.890625,392.636719,0.000000,1
813.797361,392.307540,0.000000,1
814.707548,391.987389,0.000000,1
815.618396,391.668969,0.000000,1
816.527118,391.344985,0.000000,1
817.430924,391.008141,0.000000,1
818.327564,390.652637,0.000000,1
819.217112,390.279160,0.000000,1
820.100273,389.890156,0.000000,1
820.977752,389.488072,0.000000,1
821.850256,389.075351,0.000000,1
822.718406,388.654096,0.000000,1
823.582495,388.225007,0.000000,1
824.442729,387.788428,0.000000,1
825.299314,387.344704,0.000000,1
826.152458,386.894182,0.000000,1
827.002078,386.436779,0.000000,1
827.847210,385.971106,0.000000,1
828.686719,385.495520,0.000000,1
829.519469,385.008378,0.000000,1
830.344327,384.508044,0.000000,1
831.160638,383.993730,0.000000,1
831.968712,383.466385,0.000000,1
832.768982,382.927168,0.000000,1
833.561877,382.377236,0.000000,1
834.347832,381.817747,0.000000,1
835.127435,381.249758,0.000000,1
835.901468,380.674202,0.000000,1
836.670725,380.092003,0.000000,1
837.436003,379.504084,0.000000,1
838.197934,378.911204,0.000000,1
838.954808,378.311682,0.000000,1
839.703152,377.702014,0.000000,1
840.439453,377.078645,0.000000,1
841.160196,376.438024,0.000000,1
841.862814,375.777607,0.000000,1
842.551643,375.102188,0.000000,1
843.234075,374.419810,0.000000,1
843.917518,373.738530,0.000000,1
844.609375,373.066406,0.000000,1
845.285821,372.344066,0.000000,1
845.973494,371.631707,0.000000,1
846.664237,370.922077,0.000000,1
847.349895,370.207926,0.000000,1
848.022312,369.482004,0.000000,1
848.673869,368.737567,0.000000,1
849.303054,367.973631,0.000000,1
849.912223,367.192864,0.000000,1
850.503797,366.397990,0.000000,1
851.080194,365.591734,0.000000,1
851.643775,364.776763,0.000000,1
852.195456,363.954291,0.000000,1
852.734663,363.124037,0.000000,1
853.260753,362.285651,0.000000,1
853.773081,361.438780,0.000000,1
854.270983,360.583076,0.000000,1
854.753284,359.718213,0.000000,1
855.218321,358.843894,0.000000,1
855.664409,357.959820,0.000000,1
856.089861,357.065693,0.000000,1
856.493118,356.161283,0.000000,1
856.873966,355.247090,0.000000,1
857.233013,354.324063,0.000000,1
857.570882,353.393158,0.000000,1
857.888194,352.455331,0.000000,1
858.185601,351.511424,0.000000,1
858.463882,350.561794,0.000000,1
858.723850,349.606667,0.000000,1
858.966319,348.646267,0.000000,1
859.192063,347.680818,0.000000,1
859.399105,346.710567,0.000000,1
859.580968,345.735795,0.000000,1
859.730757,344.756786,0.000000,1
859.841580,343.773823,0.000000,1
859.907754,342.787243,0.000000,1
859.938144,341.798007,0.000000,1
859.951222,340.807487,0.000000,1
859.965627,339.817067,0.000000,1
860.000000,338.828125,0.000000,1
859.986267,337.682633,0.000000,1
859.977016,336.536904,0.000000,1
859.921115,335.393641,0.000000,1
859.810039,334.253454,0.000000,1
859.671435,333.115183,0.000000,1
859.522508,331.978692,0.000000,1
859.349087,330.846773,0.000000,1
859.133947,329.722348,0.000000,1
858.881599,328.604780,0.000000,1
858.608796,327.491430,0.000000,1
858.321835,326.382037,0.000000,1
858.008581,325.280512,0.000000,1
857.657670,324.190443,0.000000,1
857.273935,323.110834,0.000000,1
856.868230,322.038994,0.000000,1
856.444118,320.974666,0.000000,1
855.995664,319.920762,0.000000,1
855.517866,318.879769,0.000000,1
855.013797,317.850910,0.000000,1
854.489002,316.832409,0.000000,1
853.945524,315.823972,0.000000,1
853.381054,314.827146,0.000000,1
852.792988,313.843790,0.000000,1
852.178591,312.876766,0.000000,1
851.535248,311.929132,0.000000,1
850.865091,311.000177,0.000000,1
850.175695,310.084879,0.000000,1
849.471789,309.180541,0.000000,1
848.745991,308.294334,0.000000,1
847.988718,307.435207,0.000000,1
847.200921,306.603312,0.000000,1
846.391624,305.792055,0.000000,1
845.566886,304.997081,0.000000,1
844.725832,304.219314,0.000000,1
843.866220,303.461264,0.000000,1
842.982567,302.731820,0.000000,1
842.068352,302.042117,0.000000,1
841.130922,301.383614,0.000000,1
840.195312,300.722656,0.000000,1
NaN,NaN,NaN,NaN
796.250000,385.000000,0.000000,1
796.250000,347.656250,0.000000,1
795.000000,312.167969,0.000000,1
795.036017,312.148011,0.000000,1
795.072244,312.128401,0.000000,1
795.108652,312.109086,0.000000,1
795.145210,312.090017,0.000000,1
795.181886,312.071141,0.000000,1
795.218649,312.052410,0.000000,1
795.255468,312.033771,0.000000,1
795.292313,312.015174,0.000000,1
795.329153,311.996567,0.000000,1
795.365956,311.977901,0.000000,1
795.402692,311.959125,0.000000,1
795.439329,311.940187,0.000000,1
795.475837,311.921036,0.000000,1
795.512185,311.901622,0.000000,1
795.548341,311.881895,0.000000,1
795.584276,311.861803,0.000000,1
795.619957,311.841295,0.000000,1
795.655354,311.820320,0.000000,1
795.690441,311.798836,0.000000,1
795.725227,311.776858,0.000000,1
795.759742,311.754435,0.000000,1
795.794014,311.731613,0.000000,1
795.828071,311.708438,0.000000,1
795.861942,311.684959,0.000000,1
795.895657,311.661221,0.000000,1
795.929242,311.637273,0.000000,1
795.962728,311.613160,0.000000,1
795.996143,311.588931,0.000000,1
796.029515,311.564631,0.000000,1
796.062873,311.540308,0.000000,1
796.096245,311.516010,0.000000,1
796.129661,311.491782,0.000000,1
796.163149,311.467672,0.000000,1
796.196737,311.443728,0.000000,1
796.230454,311.419995,0.000000,1
796.264329,311.396522,0.000000,1
796.298391,311.373354,0.000000,1
796.332667,311.350539,0.000000,1
796.367187,311.328125,0.000000,1
796.697731,311.122490,0.000000,1
797.025667,310.912545,0.000000,1
797.353644,310.702667,0.000000,1
797.684307,310.497230,0.000000,1
798.020218,310.300488,0.000000,1
798.362264,310.114257,0.000000,1
798.709787,309.938108,0.000000,1
799.062069,309.771530,0.000000,1
799.418394,309.614010,0.000000,1
799.778083,309.464894,0.000000,1
800.140590,309.322996,0.000000,1
800.505402,309.186998,0.000000,1
800.872007,309.055584,0.000000,1
801.239899,308.927469,0.000000,1
801.608923,308.802539,0.000000,1
801.979377,308.682206,0.000000,1
802.351588,308.567987,0.000000,1
802.725884,308.461398,0.000000,1
803.102554,308.363797,0.000000,1
803.481424,308.274722,0.000000,1
803.862023,308.192535,0.000000,1
804.243875,308.115575,0.000000,1
804.626505,308.042184,0.000000,1
805.009485,307.970906,0.000000,1
805.392785,307.901966,0.000000,1
805.776570,307.836420,0.000000,1
806.161010,307.775329,0.000000,1
806.546270,307.719754,0.000000,1
806.932500,307.670698,0.000000,1
807.319648,307.628543,0.000000,1
807.707543,307.593303,0.000000,1
808.096012,307.564986,0.000000,1
808.484883,307.543602,0.000000,1
808.873984,307.529132,0.000000,1
809.263200,307.520578,0.000000,1
809.652483,307.515704,0.000000,1
810.041791,307.512194,0.000000,1
810.431082,307.507732,0.000000,1
810.820312,307.500000,0.000000,1
811.394712,307.509596,0.000000,1
811.969240,307.514867,0.000000,1
812.543822,307.518313,0.000000,1
813.118383,307.522435,0.000000,1
813.692851,307.529736,0.000000,1
814.267150,307.542716,0.000000,1
814.841211,307.563473,0.000000,1
815.415001,307.591910,0.000000,1
815.988496,307.627186,0.000000,1
816.561671,307.668459,0.000000,1
817.134505,307.714886,0.000000,1
817.706972,307.765627,0.000000,1
818.279042,307.820098,0.000000,1
818.850655,307.878551,0.000000,1
819.421748,307.941399,0.000000,1
819.992256,308.009057,0.000000,1
820.562116,308.081937,0.000000,1
821.131255,308.160471,0.000000,1
821.699528,308.245260,0.000000,1
822.266737,308.337013,0.000000,1
822.832687,308.436445,0.000000,1
823.397180,308.544266,0.000000,1
823.960009,308.661175,0.000000,1
824.520822,308.787713,0.000000,1
825.079178,308.924312,0.000000,1
825.634629,309.071406,0.000000,1
826.186732,309.229427,0.000000,1
826.735269,309.398420,0.000000,1
827.280871,309.576984,0.000000,1
827.824372,309.763380,0.000000,1
828.366603,309.955867,0.000000,1
828.908003,310.153388,0.000000,1
829.445514,310.360974,0.000000,1
829.974231,310.586865,0.000000,1
830.489236,310.839331,0.000000,1
830.986688,311.124698,0.000000,1
831.471614,311.433356,0.000000,1
831.953386,311.747877,0.000000,1
832.441406,312.050781,0.000000,1
833.084407,312.528019,0.000000,1
833.740341,312.989638,0.000000,1
834.397571,313.449694,0.000000,1
835.044458,313.922238,0.000000,1
835.669405,314.421271,0.000000,1
836.265778,314.954432,0.000000,1
836.836586,315.516992,0.000000,1
837.385946,316.102803,0.000000,1
837.917978,316.705717,0.000000,1
838.436706,317.319703,0.000000,1
838.943628,317.941989,0.000000,1
839.437439,318.573418,0.000000,1
839.916688,319.215015,0.000000,1
840.379927,319.867807,0.000000,1
840.825785,320.532746,0.000000,1
841.254093,321.209642,0.000000,1
841.665592,321.897441,0.000000,1
842.061046,322.595068,0.000000,1
842.441219,323.301445,0.000000,1
842.806788,324.015545,0.000000,1
843.157362,324.736934,0.000000,1
843.491831,325.465577,0.000000,1
843.809073,326.201447,0.000000,1
844.107965,326.944516,0.000000,1
844.387524,327.694727,0.000000,1
844.648321,328.451692,0.000000,1
844.891892,329.214821,0.000000,1
845.119788,329.983517,0.000000,1
845.333560,330.757187,0.000000,1
845.534208,331.535272,0.000000,1
845.717931,332.317536,0.000000,1
845.878461,333.103909,0.000000,1
846.009511,333.894319,0.000000,1
846.104793,334.688699,0.000000,1
846.160414,335.486830,0.000000,1
846.186878,336.287605,0.000000,1
846.200049,337.089586,0.000000,1
846.215799,337.891333,0.000000,1
846.250000,338.691406,0.000000,1
846.232812,339.685265,0.000000,1
846.216165,340.679147,0.000000,1
846.154605,341.670970,0.000000,1
846.041391,342.659039,0.000000,1
845.890846,343.641932,0.000000,1
845.714572,344.619967,0.000000,1
845.520919,345.595327,0.000000,1
845.308492,346.567139,0.000000,1
845.056208,347.528059,0.000000,1
844.749405,348.472780,0.000000,1
844.408758,349.407331,0.000000,1
844.059668,350.339088,0.000000,1
843.693876,351.263242,0.000000,1
843.287603,352.169430,0.000000,1
842.838401,353.056262,0.000000,1
842.364353,353.930973,0.000000,1
841.875435,354.796849,0.000000,1
841.363582,355.648496,0.000000,1
840.821200,356.481059,0.000000,1
840.253973,357.297652,0.000000,1
839.671248,358.103540,0.000000,1
839.073648,358.897992,0.000000,1
838.454427,359.675216,0.000000,1
837.809855,360.431769,0.000000,1
837.144646,361.170733,0.000000,1
836.464532,361.895979,0.000000,1
835.771169,362.608242,0.000000,1
835.063514,363.306186,0.000000,1
834.340981,363.988853,0.000000,1
833.604498,364.656536,0.000000,1
832.855281,365.309774,0.000000,1
832.094629,365.949563,0.000000,1
831.323943,366.577413,0.000000,1
830.544348,367.194457,0.000000,1
829.754328,367.797962,0.000000,1
828.950891,368.383039,0.000000,1
828.132637,368.947141,0.000000,1
827.306986,369.500700,0.000000,1
826.484375,370.058594,0.000000,1
825.759238,370.530967,0.000000,1
825.027048,370.992214,0.000000,1
824.285344,371.438317,0.000000,1
823.534961,371.869473,0.000000,1
822.771994,372.277823,0.000000,1
822.009385,372.686949,0.000000,1
821.257563,373.115863,0.000000,1
820.499434,373.532662,0.000000,1
819.725142,373.919118,0.000000,1
818.948167,374.300744,0.000000,1
818.178162,374.695757,0.000000,1
817.411092,375.096444,0.000000,1
816.642084,375.493460,0.000000,1
815.869494,375.883409,0.000000,1
815.092571,376.264582,0.000000,1
814.312400,376.639129,0.000000,1
813.531214,377.011597,0.000000,1
812.750417,377.384846,0.000000,1
811.969303,377.757391,0.000000,1
811.186885,378.127183,0.000000,1
810.403458,378.494861,0.000000,1
809.620690,378.863939,0.000000,1
808.840136,379.237698,0.000000,1
808.060990,379.614414,0.000000,1
807.280783,379.988845,0.000000,1
806.497190,380.356051,0.000000,1
805.710302,380.716239,0.000000,1
804.921956,381.073329,0.000000,1
804.133980,381.431227,0.000000,1
803.346932,381.791107,0.000000,1
802.559950,382.151090,0.000000,1
801.772097,382.509140,0.000000,1
800.982850,382.864128,0.000000,1
800.192864,383.217497,0.000000,1
799.402998,383.571140,0.000000,1
798.614053,383.926818,0.000000,1
797.826000,384.284467,0.000000,1
797.038200,384.642676,0.000000,1
796.250000,385.000000,0.000000,1
NaN,NaN,NaN,NaN
619.101562,370.292969,0.000000,0
619.610209,370.971526,0.000000,0
620.106167,371.660421,0.000000,0
620.598281,372.352446,0.000000,0
621.095399,373.040394,0.000000,0
621.606369,373.717060,0.000000,0
622.139682,374.375513,0.000000,0
622.697264,375.013982,0.000000,0
623.275247,375.635242,0.000000,0
623.869565,376.242225,0.000000,0
624.476150,376.837863,0.000000,0
625.090960,377.425067,0.000000,0
625.712031,378.004876,0.000000,0
626.341080,378.575015,0.000000,0
626.980198,379.132875,0.000000,0
627.631478,379.675842,0.000000,0
628.297001,380.201315,0.000000,0
628.977834,380.707543,0.000000,0
629.673296,381.194244,0.000000,0
630.382529,381.661285,0.000000,0
631.104676,382.108530,0.000000,0
631.838888,382.535830,0.000000,0
632.584511,382.942680,0.000000,0
633.341078,383.328232,0.000000,0
634.108131,383.691621,0.000000,0
634.885212,384.031984,0.000000,0
635.671835,384.348700,0.000000,0
636.467334,384.642623,0.000000,0
637.270979,384.915161,0.000000,0
638.082042,385.167723,0.000000,0
638.899791,385.401688,0.000000,0
639.723617,385.615732,0.000000,0
640.553124,385.803623,0.000000,0
641.387940,385.958613,0.000000,0
642.227690,386.073953,0.000000,0
643.071940,386.144082,0.000000,0
643.919492,386.177971,0.000000,0
644.768638,386.194328,0.000000,0
645.617662,386.212042,0.000000,0
646.464844,386.250000,0.000000,0
647.081651,386.238180,0.000000,0
647.698576,386.230928,0.000000,0
648.315551,386.225607,0.000000,0
648.932508,386.219582,0.000000,0
649.549379,386.210214,0.000000,0
650.166094,386.194866,0.000000,0
650.782581,386.171235,0.000000,0
651.398737,386.138856,0.000000,0
652.014452,386.097894,0.000000,0
652.629614,386.048517,0.000000,0
653.244112,385.990893,0.000000,0
653.857833,385.925189,0.000000,0
654.470656,385.851515,0.000000,0
655.082423,385.769806,0.000000,0
655.692971,385.679958,0.000000,0
656.302135,385.581870,0.000000,0
656.909752,385.475440,0.000000,0
657.515676,385.360595,0.000000,0
658.119952,385.237570,0.000000,0
658.722733,385.106775,0.000000,0
659.324178,384.968626,0.000000,0
659.924443,384.823538,0.000000,0
660.523558,384.671667,0.000000,0
661.120367,384.510738,0.000000,0
661.713062,384.337145,0.000000,0
662.299830,384.147268,0.000000,0
662.878857,383.937490,0.000000,0
663.449352,383.706290,0.000000,0
664.013375,383.458024,0.000000,0
664.573487,383.198068,0.000000,0
665.132245,382.931801,0.000000,0
665.691113,382.662917,0.000000,0
666.244500,382.384272,0.000000,0
666.784021,382.084430,0.000000,0
667.301283,381.751943,0.000000,0
667.790136,381.378526,0.000000,0
668.259420,380.977022,0.000000,0
668.724115,380.568932,0.000000,0
669.199219,380.175781,0.000000,0
669.631089,379.745745,0.000000,0
670.075534,379.326841,0.000000,0
670.516152,378.904549,0.000000,0
670.936545,378.464352,0.000000,0
671.324224,377.995429,0.000000,0
671.681597,377.501038,0.000000,0
672.014611,376.987788,0.000000,0
672.329218,376.462288,0.000000,0
672.630589,375.930293,0.000000,0
672.919685,375.392933,0.000000,0
673.196038,374.849776,0.000000,0
673.459182,374.300385,0.000000,0
673.708658,373.744360,0.000000,0
673.944123,373.181796,0.000000,0
674.165331,372.613188,0.000000,0
674.372035,372.039039,0.000000,0
674.563991,371.459853,0.000000,0
674.741165,370.876143,0.000000,0
674.904406,370.288451,0.000000,0
675.054785,369.697329,0.000000,0
675.193374,369.103331,0.000000,0
675.321247,368.507008,0.000000,0
675.439410,367.908834,0.000000,0
675.548659,367.309025,0.000000,0
675.649742,366.707743,0.000000,0
675.743411,366.105148,0.000000,0
675.830414,365.501403,0.000000,0
675.911347,364.896663,0.000000,0
675.985496,364.291020,0.000000,0
676.051483,363.684540,0.000000,0
676.107927,363.077286,0.000000,0
676.153448,362.469323,0.000000,0
676.186664,361.860713,0.000000,0
676.207177,361.251541,0.000000,0
676.218238,360.641964,0.000000,0
676.223949,360.032159,0.000000,0
676.228413,359.422301,0.000000,0
676.235729,358.812564,0.000000,0
676.250000,358.203125,0.000000,0
676.232004,357.331486,0.000000,0
676.227328,356.459112,0.000000,0
676.225227,355.586596,0.000000,0
676.214959,354.714531,0.000000,0
676.185778,353.843509,0.000000,0
676.129380,352.974012,0.000000,0
676.048138,352.106031,0.000000,0
675.947351,351.239422,0.000000,0
675.832315,350.374041,0.000000,0
675.708330,349.509746,0.000000,0
675.579371,348.646493,0.000000,0
675.444162,347.784630,0.000000,0
675.300127,346.924606,0.000000,0
675.144687,346.066870,0.000000,0
674.975267,345.211867,0.000000,0
674.790120,344.359950,0.000000,0
674.589844,343.511198,0.000000,0
674.375442,342.665643,0.000000,0
674.147916,341.823317,0.000000,0
673.908264,340.984253,0.000000,0
673.656838,340.148679,0.000000,0
673.392866,339.317153,0.000000,0
673.115460,338.490271,0.000000,0
672.823736,337.668625,0.000000,0
672.516867,336.852782,0.000000,0
672.195554,336.042560,0.000000,0
671.862108,335.236995,0.000000,0
671.518917,334.435085,0.000000,0
671.168367,333.635826,0.000000,0
670.812459,332.838429,0.000000,0
670.448853,332.044493,0.000000,0
670.072499,331.257104,0.000000,0
669.678302,330.479374,0.000000,0
669.261170,329.714415,0.000000,0
668.817613,328.964407,0.000000,0
668.354330,328.225599,0.000000,0
667.882019,327.491918,0.000000,0
667.411382,326.757286,0.000000,0
666.953125,326.015625,0.000000,0
666.476664,325.335317,0.000000,0
666.011116,324.646903,0.000000,0
665.548869,323.956037,0.000000,0
665.082314,323.268370,0.000000,0
664.603841,322.589558,0.000000,0
664.106120,321.925059,0.000000,0
663.586924,321.276821,0.000000,0
663.048478,320.643727,0.000000,0
662.493155,320.024557,0.000000,0
661.923326,319.418093,0.000000,0
661.341350,318.823127,0.000000,0
660.748402,318.239490,0.000000,0
660.143653,317.668767,0.000000,0
659.526083,317.112714,0.000000,0
658.894668,316.573086,0.000000,0
658.248400,316.051624,0.000000,0
657.587064,315.549150,0.000000,0
656.911707,315.065031,0.000000,0
656.223485,314.598506,0.000000,0
655.523557,314.148812,0.000000,0
654.813029,313.715300,0.000000,0
654.092143,313.299298,0.000000,0
653.360403,312.903817,0.000000,0
652.617288,312.531924,0.000000,0
651.862277,312.186685,0.000000,0
651.095127,311.870323,0.000000,0
650.317003,311.580778,0.000000,0
649.529515,311.314643,0.000000,0
648.734273,311.068511,0.000000,0
647.932876,310.839041,0.000000,0
647.126339,310.627014,0.000000,0
646.314767,310.439590,0.000000,0
645.498188,310.284475,0.000000,0
644.676631,310.169378,0.000000,0
643.850225,310.100529,0.000000,0
643.020198,310.068365,0.000000,0
642.188442,310.053740,0.000000,0
641.356857,310.037378,0.000000,0
640.527344,310.000000,0.000000,0
639.910385,310.015875,0.000000,0
639.292870,310.022504,0.000000,0
638.675217,310.026842,0.000000,0
638.057844,310.035841,0.000000,0
637.441171,310.056455,0.000000,0
636.825576,310.094856,0.000000,0
636.211126,310.150966,0.000000,0
635.597733,310.221696,0.000000,0
634.985311,310.303936,0.000000,0
634.373772,310.394579,0.000000,0
633.763062,310.490767,0.000000,0
633.153527,310.592717,0.000000,0
632.545779,310.702710,0.000000,0
631.940438,310.823062,0.000000,0
631.338122,310.956091,0.000000,0
630.739382,311.103849,0.000000,0
630.144052,311.265562,0.000000,0
629.551531,311.438751,0.000000,0
628.961214,311.620911,0.000000,0
628.372493,311.809541,0.000000,0
627.785009,312.002761,0.000000,0
627.199941,312.202635,0.000000,0
626.619067,312.412756,0.000000,0
626.044167,312.636720,0.000000,0
625.477019,312.878122,0.000000,0
624.918519,313.138731,0.000000,0
624.366976,313.414978,0.000000,0
623.820229,313.702317,0.000000,0
623.276115,313.996204,0.000000,0
622.732543,314.292212,0.000000,0
622.190068,314.590285,0.000000,0
621.652625,314.895950,0.000000,0
621.124369,315.215101,0.000000,0
620.609457,315.553629,0.000000,0
620.111370,315.916462,0.000000,0
619.626867,316.298890,0.000000,0
619.148840,316.690658,0.000000,0
618.670133,317.081448,0.000000,0
618.183594,317.460938,0.000000,0
617.737748,317.862740,0.000000,0
617.283039,318.255522,0.000000,0
616.826760,318.646706,0.000000,0
616.376202,319.043712,0.000000,0
615.938657,319.453963,0.000000,0
615.519596,319.882935,0.000000,0
615.117786,320.328955,0.000000,0
614.730454,320.788707,0.000000,0
614.354827,321.258872,0.000000,0
613.988134,321.736137,0.000000,0
613.628637,322.218226,0.000000,0
613.277352,322.705641,0.000000,0
612.935752,323.199339,0.000000,0
612.605307,323.700278,0.000000,0
612.287477,324.209404,0.000000,0
611.983163,324.727077,0.000000,0
611.692471,325.252816,0.000000,0
611.415444,325.786075,0.000000,0
611.152125,326.326310,0.000000,0
610.902555,326.872981,0.000000,0
610.666762,327.425634,0.000000,0
610.444764,327.983873,0.000000,0
610.236576,328.547305,0.000000,0
610.042215,329.115536,0.000000,0
609.861646,329.688181,0.000000,0
609.694533,330.264901,0.000000,0
609.540437,330.845378,0.000000,0
609.398920,331.429290,0.000000,0
609.269541,332.016318,0.000000,0
609.152340,332.606147,0.000000,0
609.048989,333.198482,0.000000,0
608.961504,333.793034,0.000000,0
608.891902,334.389511,0.000000,0
608.842201,334.987623,0.000000,0
608.812384,335.587040,0.000000,0
608.795992,336.187300,0.000000,0
608.785288,336.787918,0.000000,0
608.772536,337.388407,0.000000,0
608.750000,337.988281,0.000000,0
608.771634,338.872692,0.000000,0
608.779999,339.757824,0.000000,0
608.786261,340.643070,0.000000,0
608.801583,341.527824,0.000000,0
608.837128,342.411479,0.000000,0
608.900772,343.293541,0.000000,0
608.990172,344.173867,0.000000,0
609.101006,345.052381,0.000000,0
609.228951,345.929008,0.000000,0
609.369693,346.803672,0.000000,0
609.520471,347.676247,0.000000,0
609.681911,348.546497,0.000000,0
609.855081,349.414172,0.000000,0
610.041053,350.279023,0.000000,0
610.240883,351.140800,0.000000,0
610.455054,351.999290,0.000000,0
610.683266,352.854332,0.000000,0
610.925163,353.705766,0.000000,0
611.180391,354.553435,0.000000,0
611.448627,355.397165,0.000000,0
611.730115,356.236548,0.000000,0
612.025562,357.070982,0.000000,0
612.335688,357.899857,0.000000,0
612.661215,358.722566,0.000000,0
613.002679,359.538598,0.000000,0
613.359047,360.348271,0.000000,0
613.728496,361.152320,0.000000,0
614.109196,361.951485,0.000000,0
614.499320,362.746505,0.000000,0
614.897674,363.537736,0.000000,0
615.306432,364.323522,0.000000,0
615.728876,365.101538,0.000000,0
616.168292,365.869461,0.000000,0
616.627962,366.624969,0.000000,0
617.109310,367.366945,0.000000,0
617.605883,368.099384,0.000000,0
618.109142,368.827636,0.000000,0
618.610548,369.557047,0.000000,0
619.101562,370.292969,0.000000,0
NaN,NaN,NaN,NaN
640.507812,296.250000,0.000000,0
639.626899,296.274074,0.000000,0
638.745068,296.283857,0.000000,0
637.863027,296.290353,0.000000,0
636.981480,296.304568,0.000000,0
636.101135,296.337506,0.000000,0
635.222610,296.398566,0.000000,0
634.345972,296.486764,0.000000,0
633.471062,296.596979,0.000000,0
632.597725,296.724082,0.000000,0
631.725803,296.862942,0.000000,0
630.855221,297.009126,0.000000,0
629.986531,297.163547,0.000000,0
629.120573,297.329595,0.000000,0
628.258192,297.510674,0.000000,0
627.400230,297.710186,0.000000,0
626.547405,297.930911,0.000000,0
625.699687,298.171913,0.000000,0
624.856769,298.430884,0.000000,0
624.018344,298.705514,0.000000,0
623.184105,298.993493,0.000000,0
622.354059,299.293368,0.000000,0
621.529289,299.606633,0.000000,0
620.711110,299.935415,0.000000,0
619.900840,300.281844,0.000000,0
619.099780,300.648024,0.000000,0
618.308226,301.034204,0.000000,0
617.524710,301.437382,0.000000,0
616.747584,301.854227,0.000000,0
615.975202,302.281410,0.000000,0
615.206096,302.715863,0.000000,0
614.442015,303.159208,0.000000,0
613.687487,303.617117,0.000000,0
612.947130,304.095399,0.000000,0
612.225566,304.599860,0.000000,0
611.526276,305.134800,0.000000,0
610.844090,305.693037,0.000000,0
610.169861,306.262110,0.000000,0
609.494418,306.829532,0.000000,0
608.808594,307.382813,0.000000,0
608.152788,307.984299,0.000000,0
607.482954,308.571953,0.000000,0
606.810676,309.157197,0.000000,0
606.147536,309.751452,0.000000,0
605.505118,310.366141,0.000000,0
604.891859,311.009493,0.000000,0
604.305010,311.678402,0.000000,0
603.739342,312.367239,0.000000,0
603.189627,313.070379,0.000000,0
602.650639,313.782201,0.000000,0
602.119549,314.499174,0.000000,0
601.599532,315.223014,0.000000,0
601.094696,315.956252,0.000000,0
600.609145,316.701416,0.000000,0
600.146922,317.460991,0.000000,0
599.709305,318.235564,0.000000,0
599.293838,319.023155,0.000000,0
598.897799,319.821603,0.000000,0
598.518465,320.628747,0.000000,0
598.153374,321.442548,0.000000,0
597.803279,322.262517,0.000000,0
597.471131,323.089217,0.000000,0
597.159920,323.923232,0.000000,0
596.872638,324.765148,0.000000,0
596.611500,325.615332,0.000000,0
596.374398,326.472946,0.000000,0
596.157732,327.336738,0.000000,0
595.957899,328.205451,0.000000,0
595.771297,329.077833,0.000000,0
595.596148,329.952890,0.000000,0
595.436876,330.830516,0.000000,0
595.299222,331.710795,0.000000,0
595.188928,332.593808,0.000000,0
595.111731,333.479638,0.000000,0
595.069322,334.368135,0.000000,0
595.050583,335.258417,0.000000,0
595.041876,336.149455,0.000000,0
595.029562,337.040221,0.000000,0
595.000000,337.929688,0.000000,0
595.030714,339.066775,0.000000,0
595.043590,340.204966,0.000000,0
595.053592,341.343334,0.000000,0
595.075688,342.480955,0.000000,0
595.124843,343.616903,0.000000,0
595.211539,344.750473,0.000000,0
595.331899,345.881666,0.000000,0
595.479172,347.010624,0.000000,0
595.646609,348.137491,0.000000,0
595.827471,349.262406,0.000000,0
596.017798,350.385270,0.000000,0
596.220016,351.505425,0.000000,0
596.437446,352.622137,0.000000,0
596.673405,353.734671,0.000000,0
596.931174,354.842299,0.000000,0
597.212040,355.944603,0.000000,0
597.514437,357.041610,0.000000,0
597.836582,358.133382,0.000000,0
598.176689,359.219981,0.000000,0
598.533064,360.301438,0.000000,0
598.905623,361.377281,0.000000,0
599.295664,362.446599,0.000000,0
599.704528,363.508469,0.000000,0
600.133556,364.561967,0.000000,0
600.583804,365.606316,0.000000,0
601.053804,366.642034,0.000000,0
601.540775,367.670316,0.000000,0
602.041921,368.692359,0.000000,0
602.554449,369.709363,0.000000,0
603.076488,370.721965,0.000000,0
603.611227,371.727729,0.000000,0
604.163579,372.723167,0.000000,0
604.738459,373.704793,0.000000,0
605.340780,374.669121,0.000000,0
605.972888,375.614365,0.000000,0
606.626011,376.546103,0.000000,0
607.288377,377.471900,0.000000,0
607.948215,378.399323,0.000000,0
608.593750,379.335938,0.000000,0
609.288761,380.255214,0.000000,0
609.978378,381.178837,0.000000,0
610.688015,382.086332,0.000000,0
611.429487,382.968175,0.000000,0
612.190351,383.834358,0.000000,0
612.956719,384.695966,0.000000,0
613.729776,385.550924,0.000000,0
614.521928,386.387364,0.000000,0
615.342193,387.196523,0.000000,0
616.185623,387.982391,0.000000,0
617.044138,388.751813,0.000000,0
617.914727,389.506966,0.000000,0
618.799692,390.245126,0.000000,0
619.701416,390.963160,0.000000,0
620.621599,391.657226,0.000000,0
621.561546,392.323698,0.000000,0
622.518778,392.965343,0.000000,0
623.487731,393.590164,0.000000,0
624.466673,394.199385,0.000000,0
625.462976,394.778178,0.000000,0
626.483544,395.312623,0.000000,0
627.523555,395.810034,0.000000,0
628.573627,396.286014,0.000000,0
629.630205,396.746056,0.000000,0
630.695703,397.185294,0.000000,0
631.772469,397.597264,0.000000,0
632.862047,397.972787,0.000000,0
633.965222,398.304858,0.000000,0
635.078778,398.602583,0.000000,0
636.198140,398.880425,0.000000,0
637.322396,399.135697,0.000000,0
638.454025,399.349825,0.000000,0
639.593768,399.516523,0.000000,0
640.738005,399.659555,0.000000,0
641.883085,399.800854,0.000000,0
643.029440,399.920141,0.000000,0
644.179159,399.980554,0.000000,0
645.331905,399.987859,0.000000,0
646.484375,400.000000,0.000000,0
647.373575,399.980233,0.000000,0
648.263151,399.969724,0.000000,0
649.152868,399.962677,0.000000,0
650.042490,399.953298,0.000000,0
650.931782,399.935790,0.000000,0
651.820508,399.904366,0.000000,0
652.708472,399.855292,0.000000,0
653.595570,399.789606,0.000000,0
654.481711,399.709025,0.000000,0
655.366802,399.615263,0.000000,0
656.250754,399.510038,0.000000,0
657.133463,399.394953,0.000000,0
658.014673,399.269972,0.000000,0
658.894009,399.133823,0.000000,0
659.771092,398.985200,0.000000,0
660.645545,398.822800,0.000000,0
661.516992,398.645332,0.000000,0
662.385166,398.452175,0.000000,0
663.249951,398.243654,0.000000,0
664.111242,398.020166,0.000000,0
664.968936,397.782107,0.000000,0
665.822908,397.529837,0.000000,0
666.672434,397.262588,0.000000,0
667.516105,396.978307,0.000000,0
668.352477,396.674875,0.000000,0
669.180103,396.350169,0.000000,0
669.997809,396.002539,0.000000,0
670.806416,395.633815,0.000000,0
671.607644,395.247388,0.000000,0
672.403216,394.846661,0.000000,0
673.194762,394.434909,0.000000,0
673.980000,394.010178,0.000000,0
674.751383,393.563470,0.000000,0
675.500988,393.085290,0.000000,0
676.220906,392.566155,0.000000,0
676.909007,392.004083,0.000000,0
677.578609,391.417116,0.000000,0
678.245578,390.826606,0.000000,0
678.925781,390.253906,0.000000,0
679.558406,389.621329,0.000000,0
680.209268,389.004758,0.000000,0
680.857555,388.385927,0.000000,0
681.482454,387.746569,0.000000,0
682.065460,387.070521,0.000000,0
682.606686,386.358593,0.000000,0
683.115246,385.619803,0.000000,0
683.600310,384.863220,0.000000,0
684.070830,384.097725,0.000000,0
684.529663,383.327010,0.000000,0
684.972933,382.549027,0.000000,0
685.396415,381.761432,0.000000,0
685.795887,380.961884,0.000000,0
686.168379,380.148841,0.000000,0
686.515520,379.323700,0.000000,0
686.839983,378.488525,0.000000,0
687.144444,377.645383,0.000000,0
687.431549,376.796319,0.000000,0
687.702817,375.942593,0.000000,0
687.958281,375.084435,0.000000,0
688.197876,374.222005,0.000000,0
688.421536,373.355461,0.000000,0
688.629210,372.484968,0.000000,0
688.821164,371.610779,0.000000,0
688.997974,370.733236,0.000000,0
689.160225,369.852686,0.000000,0
689.308507,368.969474,0.000000,0
689.443396,368.083946,0.000000,0
689.564790,367.196403,0.000000,0
689.671486,366.307082,0.000000,0
689.762180,365.416211,0.000000,0
689.835567,364.524019,0.000000,0
689.890344,363.630734,0.000000,0
689.925795,362.736589,0.000000,0
689.945950,361.841828,0.000000,0
689.957122,360.946707,0.000000,0
689.965636,360.051479,0.000000,0
689.977820,359.156398,0.000000,0
690.000000,358.261719,0.000000,0
689.972433,357.143538,0.000000,0
689.960030,356.024580,0.000000,0
689.950425,354.905478,0.000000,0
689.931251,353.786868,0.000000,0
689.890139,352.669381,0.000000,0
689.817563,351.553560,0.000000,0
689.715383,350.439581,0.000000,0
689.588315,349.327526,0.000000,0
689.441074,348.217478,0.000000,0
689.278373,347.109520,0.000000,0
689.103725,346.003777,0.000000,0
688.916565,344.900521,0.000000,0
688.715464,343.800054,0.000000,0
688.498996,342.702678,0.000000,0
688.265735,341.608696,0.000000,0
688.014607,340.518446,0.000000,0
687.745361,339.432353,0.000000,0
687.457860,338.350854,0.000000,0
687.151968,337.274384,0.000000,0
686.827554,336.203378,0.000000,0
686.484829,335.138131,0.000000,0
686.124492,334.078740,0.000000,0
685.747277,333.025286,0.000000,0
685.353920,331.977851,0.000000,0
684.945144,330.936512,0.000000,0
684.521476,329.901254,0.000000,0
684.083272,328.871986,0.000000,0
683.630884,327.848612,0.000000,0
683.164664,326.831039,0.000000,0
682.684699,325.819359,0.000000,0
682.188780,324.815312,0.000000,0
681.673502,323.821495,0.000000,0
681.135450,322.840510,0.000000,0
680.571210,321.874960,0.000000,0
679.979068,320.926347,0.000000,0
679.366788,319.990044,0.000000,0
678.745409,319.059302,0.000000,0
678.125976,318.127370,0.000000,0
677.519531,317.187500,0.000000,0
676.868577,316.252462,0.000000,0
676.223644,315.312970,0.000000,0
675.556108,314.390199,0.000000,0
674.851779,313.494869,0.000000,0
674.121871,312.619302,0.000000,0
673.379480,311.754450,0.000000,0
672.628128,310.898055,0.000000,0
671.864393,310.052786,0.000000,0
671.084644,309.221853,0.000000,0
670.285065,308.410025,0.000000,0
669.461976,307.622231,0.000000,0
668.615757,306.859161,0.000000,0
667.750770,306.117344,0.000000,0
666.870774,305.393729,0.000000,0
665.976770,304.687405,0.000000,0
665.068916,303.998349,0.000000,0
664.144232,303.332260,0.000000,0
663.197470,302.698965,0.000000,0
662.227481,302.101633,0.000000,0
661.241418,301.529928,0.000000,0
660.245711,300.974959,0.000000,0
659.237262,300.444833,0.000000,0
658.210030,299.952855,0.000000,0
657.164329,299.500072,0.000000,0
656.105914,299.077048,0.000000,0
655.038693,298.677790,0.000000,0
653.962510,298.303912,0.000000,0
652.876808,297.958118,0.000000,0
651.781459,297.644022,0.000000,0
650.676539,297.365318,0.000000,0
649.563151,297.122465,0.000000,0
648.443204,296.913362,0.000000,0
647.318358,296.733830,0.000000,0
646.189745,296.575741,0.000000,0
645.058281,296.434115,0.000000,0
643.923990,296.325219,0.000000,0
642.786609,296.271931,0.000000,0
641.647100,296.263319,0.000000,0
640.507812,296.250000,0.000000,0
NaN,NaN,NaN,NaN
640.507812,296.250000,0.000000,0
639.626899,296.274074,0.000000,0
638.745068,296.283857,0.000000,0
637.863027,296.290353,0.000000,0
636.981480,296.304568,0.000000,0
636.101135,296.337506,0.000000,0
635.222610,296.398566,0.000000,0
634.345972,296.486764,0.000000,0
633.471062,296.596979,0.000000,0
632.597725,296.724082,0.000000,0
631.725803,296.862942,0.000000,0
630.855221,297.009126,0.000000,0
629.986531,297.163547,0.000000,0
629.120573,297.329595,0.000000,0
628.258192,297.510674,0.000000,0
627.400230,297.710186,0.000000,0
626.547405,297.930911,0.000000,0
625.699687,298.171913,0.000000,0
624.856769,298.430884,0.000000,0
624.018344,298.705514,0.000000,0
623.184105,298.993493,0.000000,0
622.354059,299.293368,0.000000,0
621.529289,299.606633,0.000000,0
620.711110,299.935415,0.000000,0
619.900840,300.281844,0.000000,0
619.099780,300.648024,0.000000,0
618.308226,301.034204,0.000000,0
617.524710,301.437382,0.000000,0
616.747584,301.854227,0.000000,0
615.975202,302.281410,0.000000,0
615.206096,302.715863,0.000000,0
614.442015,303.159208,0.000000,0
613.687487,303.617117,0.000000,0
612.947130,304.095399,0.000000,0
612.225566,304.599860,0.000000,0
611.526276,305.134800,0.000000,0
610.844090,305.693037,0.000000,0
610.169861,306.262110,0.000000,0
609.494418,306.829532,0.000000,0
608.808594,307.382813,0.000000,0
608.152788,307.984299,0.000000,0
607.482954,308.571953,0.000000,0
606.810676,309.157197,0.000000,0
606.147536,309.751452,0.000000,0
605.505118,310.366141,0.000000,0
604.891859,311.009493,0.000000,0
604.305010,311.678402,0.000000,0
603.739342,312.367239,0.000000,0
603.189627,313.070379,0.000000,0
602.650639,313.782201,0.000000,0
602.119549,314.499174,0.000000,0
601.599532,315.223014,0.000000,0
601.094696,315.956252,0.000000,0
600.609145,316.701416,0.000000,0
600.146922,317.460991,0.000000,0
599.709305,318.235564,0.000000,0
599.293838,319.023155,0.000000,0
598.897799,319.821603,0.000000,0
598.518465,320.628747,0.000000,0
598.153374,321.442548,0.000000,0
597.803279,322.262517,0.000000,0
597.471131,323.089217,0.000000,0
597.159920,323.923232,0.000000,0
596.872638,324.765148,0.000000,0
596.611500,325.615332,0.000000,0
596.374398,326.472946,0.000000,0
596.157732,327.336738,0.000000,0
595.957899,328.205451,0.000000,0
595.771297,329.077833,0.000000,0
595.596148,329.952890,0.000000,0
595.436876,330.830516,0.000000,0
595.299222,331.710795,0.000000,0
595.188928,332.593808,0.000000,0
595.111731,333.479638,0.000000,0
595.069322,334.368135,0.000000,0
595.050583,335.258417,0.000000,0
595.041876,336.149455,0.000000,0
595.029562,337.040221,0.000000,0
595.000000,337.929688,0.000000,0
595.030714,339.066775,0.000000,0
595.043590,340.204966,0.000000,0
595.053592,341.343334,0.000000,0
595.075688,342.480955,0.000000,0
595.124843,343.616903,0.000000,0
595.211539,344.750473,0.000000,0
595.331899,345.881666,0.000000,0
595.479172,347.010624,0.000000,0
595.646609,348.137491,0.000000,0
595.827471,349.262406,0.000000,0
596.017798,350.385270,0.000000,0
596.220016,351.505425,0.000000,0
596.437446,352.622137,0.000000,0
596.673405,353.734671,0.000000,0
596.931174,354.842299,0.000000,0
597.212040,355.944603,0.000000,0
597.514437,357.041610,0.000000,0
597.836582,358.133382,0.000000,0
598.176689,359.219981,0.000000,0
598.533064,360.301438,0.000000,0
598.905623,361.377281,0.000000,0
599.295664,362.446599,0.000000,0
599.704528,363.508469,0.000000,0
600.133556,364.561967,0.000000,0
600.583804,365.606316,0.000000,0
601.053804,366.642034,0.000000,0
601.540775,367.670316,0.000000,0
602.041921,368.692359,0.000000,0
602.554449,369.709363,0.000000,0
603.076488,370.721965,0.000000,0
603.611227,371.727729,0.000000,0
604.163579,372.723167,0.000000,0
604.738459,373.704793,0.000000,0
605.340780,374.669121,0.000000,0
605.972888,375.614365,0.000000,0
606.626011,376.546103,0.000000,0
607.288377,377.471900,0.000000,0
607.948215,378.399323,0.000000,0
608.593750,379.335938,0.000000,0
609.288761,380.255214,0.000000,0
609.978378,381.178837,0.000000,0
610.688015,382.086332,0.000000,0
611.429487,382.968175,0.000000,0
612.190351,383.834358,0.000000,0
612.956719,384.695966,0.000000,0
613.729776,385.550924,0.000000,0
614.521928,386.387364,0.000000,0
615.342193,387.196523,0.000000,0
616.185623,387.982391,0.000000,0
617.044138,388.751813,0.000000,0
617.914727,389.506966,0.000000,0
618.799692,390.245126,0.000000,0
619.701416,390.963160,0.000000,0
620.621599,391.657226,0.000000,0
621.561546,392.323698,0.000000,0
622.518778,392.965343,0.000000,0
623.487731,393.590164,0.000000,0
624.466673,394.199385,0.000000,0
625.462976,394.778178,0.000000,0
626.483544,395.312623,0.000000,0
627.523555,395.810034,0.000000,0
628.573627,396.286014,0.000000,0
629.630205,396.746056,0.000000,0
630.695703,397.185294,0.000000,0
631.772469,397.597264,0.000000,0
632.862047,397.972787,0.000000,0
633.965222,398.304858,0.000000,0
635.078778,398.602583,0.000000,0
636.198140,398.880425,0.000000,0
637.322396,399.135697,0.000000,0
638.454025,399.349825,0.000000,0
639.593768,399.516523,0.000000,0
640.738005,399.659555,0.000000,0
641.883085,399.800854,0.000000,0
643.029440,399.920141,0.000000,0
644.179159,399.980554,0.000000,0
645.331905,399.987859,0.000000,0
646.484375,400.000000,0.000000,0
647.373575,399.980233,0.000000,0
648.263151,399.969724,0.000000,0
649.152868,399.962677,0.000000,0
650.042490,399.953298,0.000000,0
650.931782,399.935790,0.000000,0
651.820508,399.904366,0.000000,0
652.708472,399.855292,0.000000,0
653.595570,399.789606,0.000000,0
654.481711,399.709025,0.000000,0
655.366802,399.615263,0.000000,0
656.250754,399.510038,0.000000,0
657.133463,399.394953,0.000000,0
658.014673,399.269972,0.000000,0
658.894009,399.133823,0.000000,0
659.771092,398.985200,0.000000,0
660.645545,398.822800,0.000000,0
661.516992,398.645332,0.000000,0
662.385166,398.452175,0.000000,0
663.249951,398.243654,0.000000,0
664.111242,398.020166,0.000000,0
664.968936,397.782107,0.000000,0
665.822908,397.529837,0.000000,0
666.672434,397.262588,0.000000,0
667.516105,396.978307,0.000000,0
668.352477,396.674875,0.000000,0
669.180103,396.350169,0.000000,0
669.997809,396.002539,0.000000,0
670.806416,395.633815,0.000000,0
671.607644,395.247388,0.000000,0
672.403216,394.846661,0.000000,0
673.194762,394.434909,0.000000,0
673.980000,394.010178,0.000000,0
674.751383,393.563470,0.000000,0
675.500988,393.085290,0.000000,0
676.220906,392.566155,0.000000,0
676.909007,392.004083,0.000000,0
677.578609,391.417116,0.000000,0
678.245578,390.826606,0.000000,0
678.925781,390.253906,0.000000,0
679.558406,389.621329,0.000000,0
680.209268,389.004758,0.000000,0
680.857555,388.385927,0.000000,0
681.482454,387.746569,0.000000,0
682.065460,387.070521,0.000000,0
682.606686,386.358593,0.000000,0
683.115246,385.619803,0.000000,0
683.600310,384.863220,0.000000,0
684.070830,384.097725,0.000000,0
684.529663,383.327010,0.000000,0
684.972933,382.549027,0.000000,0
685.396415,381.761432,0.000000,0
685.795887,380.961884,0.000000,0
686.168379,380.148841,0.000000,0
686.515520,379.323700,0.000000,0
686.839983,378.488525,0.000000,0
687.144444,377.645383,0.000000,0
687.431549,376.796319,0.000000,0
687.702817,375.942593,0.000000,0
687.958281,375.084435,0.000000,0
688.197876,374.222005,0.000000,0
688.421536,373.355461,0.000000,0
688.629210,372.484968,0.000000,0
688.821164,371.610779,0.000000,0
688.997974,370.733236,0.000000,0
689.160225,369.852686,0.000000,0
689.308507,368.969474,0.000000,0
689.443396,368.083946,0.000000,0
689.564790,367.196403,0.000000,0
689.671486,366.307082,0.000000,0
689.762180,365.416211,0.000000,0
689.835567,364.524019,0.000000,0
689.890344,363.630734,0.000000,0
689.925795,362.736589,0.000000,0
689.945950,361.841828,0.000000,0
689.957122,360.946707,0.000000,0
689.965636,360.051479,0.000000,0
689.977820,359.156398,0.000000,0
690.000000,358.261719,0.000000,0
689.972433,357.143538,0.000000,0
689.960030,356.024580,0.000000,0
689.950425,354.905478,0.000000,0
689.931251,353.786868,0.000000,0
689.890139,352.669381,0.000000,0
689.817563,351.553560,0.000000,0
689.715383,350.439581,0.000000,0
689.588315,349.327526,0.000000,0
689.441074,348.217478,0.000000,0
689.278373,347.109520,0.000000,0
689.103725,346.003777,0.000000,0
688.916565,344.900521,0.000000,0
688.715464,343.800054,0.000000,0
688.498996,342.702678,0.000000,0
688.265735,341.608696,0.000000,0
688.014607,340.518446,0.000000,0
687.745361,339.432353,0.000000,0
687.457860,338.350854,0.000000,0
687.151968,337.274384,0.000000,0
686.827554,336.203378,0.000000,0
686.484829,335.138131,0.000000,0
686.124492,334.078740,0.000000,0
685.747277,333.025286,0.000000,0
685.353920,331.977851,0.000000,0
684.945144,330.936512,0.000000,0
684.521476,329.901254,0.000000,0
684.083272,328.871986,0.000000,0
683.630884,327.848612,0.000000,0
683.164664,326.831039,0.000000,0
682.684699,325.819359,0.000000,0
682.188780,324.815312,0.000000,0
681.673502,323.821495,0.000000,0
681.135450,322.840510,0.000000,0
680.571210,321.874960,0.000000,0
679.979068,320.926347,0.000000,0
679.366788,319.990044,0.000000,0
678.745409,319.059302,0.000000,0
678.125976,318.127370,0.000000,0
677.519531,317.187500,0.000000,0
676.868577,316.252462,0.000000,0
676.223644,315.312970,0.000000,0
675.556108,314.390199,0.000000,0
674.851779,313.494869,0.000000,0
674.121871,312.619302,0.000000,0
673.379480,311.754450,0.000000,0
672.628128,310.898055,0.000000,0
671.864393,310.052786,0.000000,0
671.084644,309.221853,0.000000,0
670.285065,308.410025,0.000000,0
669.461976,307.622231,0.000000,0
668.615757,306.859161,0.000000,0
667.750770,306.117344,0.000000,0
666.870774,305.393729,0.000000,0
665.976770,304.687405,0.000000,0
665.068916,303.998349,0.000000,0
664.144232,303.332260,0.000000,0
663.197470,302.698965,0.000000,0
662.227481,302.101633,0.000000,0
661.241418,301.529928,0.000000,0
660.245711,300.974959,0.000000,0
659.237262,300.444833,0.000000,0
658.210030,299.952855,0.000000,0
657.164329,299.500072,0.000000,0
656.105914,299.077048,0.000000,0
655.038693,298.677790,0.000000,0
653.962510,298.303912,0.000000,0
652.876808,297.958118,0.000000,0
651.781459,297.644022,0.000000,0
650.676539,297.365318,0.000000,0
649.563151,297.122465,0.000000,0
648.443204,296.913362,0.000000,0
647.318358,296.733830,0.000000,0
646.189745,296.575741,0.000000,0
645.058281,296.434115,0.000000,0
643.923990,296.325219,0.000000,0
642.786609,296.271931,0.000000,0
641.647100,296.263319,0.000000,0
640.507812,296.250000,0.000000,0
NaN,NaN,NaN,NaN
619.101562,370.292969,0.000000,0
618.610548,369.557047,0.000000,0
618.109142,368.827636,0.000000,0
617.605883,368.099384,0.000000,0
617.109310,367.366945,0.000000,0
616.627962,366.624969,0.000000,0
616.168292,365.869461,0.000000,0
615.728876,365.101538,0.000000,0
615.306432,364.323522,0.000000,0
614.897674,363.537736,0.000000,0
614.499320,362.746505,0.000000,0
614.109196,361.951485,0.000000,0
613.728496,361.152320,0.000000,0
613.359047,360.348271,0.000000,0
613.002679,359.538598,0.000000,0
612.661215,358.722566,0.000000,0
612.335688,357.899857,0.000000,0
612.025562,357.070982,0.000000,0
611.730115,356.236548,0.000000,0
611.448627,355.397165,0.000000,0
611.180391,354.553435,0.000000,0
610.925163,353.705766,0.000000,0
610.683266,352.854332,0.000000,0
610.455054,351.999290,0.000000,0
610.240883,351.140800,0.000000,0
610.041053,350.279023,0.000000,0
609.855081,349.414172,0.000000,0
609.681911,348.546497,0.000000,0
609.520471,347.676247,0.000000,0
609.369693,346.803672,0.000000,0
609.228951,345.929008,0.000000,0
609.101006,345.052381,0.000000,0
608.990172,344.173867,0.000000,0
608.900772,343.293541,0.000000,0
608.837128,342.411479,0.000000,0
608.801583,341.527824,0.000000,0
608.786261,340.643070,0.000000,0
608.779999,339.757824,0.000000,0
608.771634,338.872692,0.000000,0
608.750000,337.988281,0.000000,0
608.772536,337.388407,0.000000,0
608.785288,336.787918,0.000000,0
608.795992,336.187300,0.000000,0
608.812384,335.587040,0.000000,0
608.842201,334.987623,0.000000,0
608.891902,334.389511,0.000000,0
608.961504,333.793034,0.000000,0
609.048989,333.198482,0.000000,0
609.152340,332.606147,0.000000,0
609.269541,332.016318,0.000000,0
609.398920,331.429290,0.000000,0
609.540437,330.845378,0.000000,0
609.694533,330.264901,0.000000,0
609.861646,329.688181,0.000000,0
610.042215,329.115536,0.000000,0
610.236576,328.547305,0.000000,0
610.444764,327.983873,0.000000,0
610.666762,327.425634,0.000000,0
610.902555,326.872981,0.000000,0
611.152125,326.326310,0.000000,0
611.415444,325.786075,0.000000,0
611.692471,325.252816,0.000000,0
611.983163,324.727077,0.000000,0
612.287477,324.209404,0.000000,0
612.605307,323.700278,0.000000,0
612.935752,323.199339,0.000000,0
613.277352,322.705641,0.000000,0
613.628637,322.218226,0.000000,0
613.988134,321.736137,0.000000,0
614.354827,321.258872,0.000000,0
614.730454,320.788707,0.000000,0
615.117786,320.328955,0.000000,0
615.519596,319.882935,0.000000,0
615.938657,319.453963,0.000000,0
616.376202,319.043712,0.000000,0
616.826760,318.646706,0.000000,0
617.283039,318.255522,0.000000,0
617.737748,317.862740,0.000000,0
618.183594,317.460938,0.000000,0
618.670133,317.081448,0.000000,0
619.148840,316.690658,0.000000,0
619.626867,316.298890,0.000000,0
620.111370,315.916462,0.000000,0
620.609457,315.553629,0.000000,0
621.124369,315.215101,0.000000,0
621.652625,314.895950,0.000000,0
622.190068,314.590285,0.000000,0
622.732543,314.292212,0.000000,0
623.276115,313.996204,0.000000,0
623.820229,313.702317,0.000000,0
624.366976,313.414978,0.000000,0
624.918519,313.138731,0.000000,0
625.477019,312.878122,0.000000,0
626.044167,312.636720,0.000000,0
626.619067,312.412756,0.000000,0
627.199941,312.202635,0.000000,0
627.785009,312.002761,0.000000,0
628.372493,311.809541,0.000000,0
628.961214,311.620911,0.000000,0
629.551531,311.438751,0.000000,0
630.144052,311.265562,0.000000,0
630.739382,311.103849,0.000000,0
631.338122,310.956091,0.000000,0
631.940438,310.823062,0.000000,0
632.545779,310.702710,0.000000,0
633.153527,310.592717,0.000000,0
633.763062,310.490767,0.000000,0
634.373772,310.394579,0.000000,0
634.985311,310.303936,0.000000,0
635.597733,310.221696,0.000000,0
636.211126,310.150966,0.000000,0
636.825576,310.094856,0.000000,0
637.441171,310.056455,0.000000,0
638.057844,310.035841,0.000000,0
638.675217,310.026842,0.000000,0
639.292870,310.022504,0.000000,0
639.910385,310.015875,0.000000,0
640.527344,310.000000,0.000000,0
641.356857,310.037378,0.000000,0
642.188442,310.053740,0.000000,0
643.020198,310.068365,0.000000,0
643.850225,310.100529,0.000000,0
644.676631,310.169378,0.000000,0
645.498188,310.284475,0.000000,0
646.314767,310.439590,0.000000,0
647.126339,310.627014,0.000000,0
647.932876,310.839041,0.000000,0
648.734273,311.068511,0.000000,0
649.529515,311.314643,0.000000,0
650.317003,311.580778,0.000000,0
651.095127,311.870323,0.000000,0
651.862277,312.186685,0.000000,0
652.617288,312.531924,0.000000,0
653.360403,312.903817,0.000000,0
654.092143,313.299298,0.000000,0
654.813029,313.715300,0.000000,0
655.523557,314.148812,0.000000,0
656.223485,314.598506,0.000000,0
656.911707,315.065031,0.000000,0
657.587064,315.549150,0.000000,0
658.248400,316.051624,0.000000,0
658.894668,316.573086,0.000000,0
659.526083,317.112714,0.000000,0
660.143653,317.668767,0.000000,0
660.748402,318.239490,0.000000,0
661.341350,318.823127,0.000000,0
661.923326,319.418093,0.000000,0
662.493155,320.024557,0.000000,0
663.048478,320.643727,0.000000,0
663.586924,321.276821,0.000000,0
664.106120,321.925059,0.000000,0
664.603841,322.589558,0.000000,0
665.082314,323.268370,0.000000,0
665.548869,323.956037,0.000000,0
666.011116,324.646903,0.000000,0
666.476664,325.335317,0.000000,0
666.953125,326.015625,0.000000,0
667.411382,326.757286,0.000000,0
667.882019,327.491918,0.000000,0
668.354330,328.225599,0.000000,0
668.817613,328.964407,0.000000,0
669.261170,329.714415,0.000000,0
669.678302,330.479374,0.000000,0
670.072499,331.257104,0.000000,0
670.448853,332.044493,0.000000,0
670.812459,332.838429,0.000000,0
671.168367,333.635826,0.000000,0
671.518917,334.435085,0.000000,0
671.862108,335.236995,0.000000,0
672.195554,336.042560,0.000000,0
672.516867,336.852782,0.000000,0
672.823736,337.668625,0.000000,0
673.115460,338.490271,0.000000,0
673.392866,339.317153,0.000000,0
673.656838,340.148679,0.000000,0
673.908264,340.984253,0.000000,0
674.147916,341.823317,0.000000,0
674.375442,342.665643,0.000000,0
674.589844,343.511198,0.000000,0
674.790120,344.359950,0.000000,0
674.975267,345.211867,0.000000,0
675.144687,346.066870,0.000000,0
675.300127,346.924606,0.000000,0
675.444162,347.784630,0.000000,0
675.579371,348.646493,0.000000,0
675.708330,349.509746,0.000000,0
675.832315,350.374041,0.000000,0
675.947351,351.239422,0.000000,0
676.048138,352.106031,0.000000,0
676.129380,352.974012,0.000000,0
676.185778,353.843509,0.000000,0
676.214959,354.714531,0.000000,0
676.225227,355.586596,0.000000,0
676.227328,356.459112,0.000000,0
676.232004,357.331486,0.000000,0
676.250000,358.203125,0.000000,0
676.235729,358.812564,0.000000,0
676.228413,359.422301,0.000000,0
676.223949,360.032159,0.000000,0
676.218238,360.641964,0.000000,0
676.207177,361.251541,0.000000,0
676.186664,361.860713,0.000000,0
676.153448,362.469323,0.000000,0
676.107927,363.077286,0.000000,0
676.051483,363.684540,0.000000,0
675.985496,364.291020,0.000000,0
675.911347,364.896663,0.000000,0
675.830414,365.501403,0.000000,0
675.743411,366.105148,0.000000,0
675.649742,366.707743,0.000000,0
675.548659,367.309025,0.000000,0
675.439410,367.908834,0.000000,0
675.321247,368.507008,0.000000,0
675.193374,369.103331,0.000000,0
675.054785,369.697329,0.000000,0
674.904406,370.288451,0.000000,0
674.741165,370.876143,0.000000,0
674.563991,371.459853,0.000000,0
674.372035,372.039039,0.000000,0
674.165331,372.613188,0.000000,0
673.944123,373.181796,0.000000,0
673.708658,373.744360,0.000000,0
673.459182,374.300385,0.000000,0
673.196038,374.849776,0.000000,0
672.919685,375.392933,0.000000,0
672.630589,375.930293,0.000000,0
672.329218,376.462288,0.000000,0
672.014611,376.987788,0.000000,0
671.681597,377.501038,0.000000,0
671.324224,377.995429,0.000000,0
670.936545,378.464352,0.000000,0
670.516152,378.904549,0.000000,0
670.075534,379.326841,0.000000,0
669.631089,379.745745,0.000000,0
669.199219,380.175781,0.000000,0
668.724115,380.568932,0.000000,0
668.259420,380.977022,0.000000,0
667.790136,381.378526,0.000000,0
667.301283,381.751943,0.000000,0
666.784021,382.084430,0.000000,0
666.244500,382.384272,0.000000,0
665.691113,382.662917,0.000000,0
665.132245,382.931801,0.000000,0
664.573487,383.198068,0.000000,0
664.013375,383.458024,0.000000,0
663.449352,383.706290,0.000000,0
662.878857,383.937490,0.000000,0
662.299830,384.147268,0.000000,0
661.713062,384.337145,0.000000,0
661.120367,384.510738,0.000000,0
660.523558,384.671667,0.000000,0
659.924443,384.823538,0.000000,0
659.324178,384.968626,0.000000,0
658.722733,385.106775,0.000000,0
658.119952,385.237570,0.000000,0
657.515676,385.360595,0.000000,0
656.909752,385.475440,0.000000,0
656.302135,385.581870,0.000000,0
655.692971,385.679958,0.000000,0
655.082423,385.769806,0.000000,0
654.470656,385.851515,0.000000,0
653.857833,385.925189,0.000000,0
653.244112,385.990893,0.000000,0
652.629614,386.048517,0.000000,0
652.014452,386.097894,0.000000,0
651.398737,386.138856,0.000000,0
650.782581,386.171235,0.000000,0
650.166094,386.194866,0.000000,0
649.549379,386.210214,0.000000,0
648.932508,386.219582,0.000000,0
648.315551,386.225607,0.000000,0
647.698576,386.230928,0.000000,0
647.081651,386.238180,0.000000,0
646.464844,386.250000,0.000000,0
645.617662,386.212042,0.000000,0
644.768638,386.194328,0.000000,0
643.919492,386.177971,0.000000,0
643.071940,386.144082,0.000000,0
642.227690,386.073953,0.000000,0
641.387940,385.958613,0.000000,0
640.553124,385.803623,0.000000,0
639.723617,385.615732,0.000000,0
638.899791,385.401688,0.000000,0
638.082042,385.167723,0.000000,0
637.270979,384.915161,0.000000,0
636.467334,384.642623,0.000000,0
635.671835,384.348700,0.000000,0
634.885212,384.031984,0.000000,0
634.108131,383.691621,0.000000,0
633.341078,383.328232,0.000000,0
632.584511,382.942680,0.000000,0
631.838888,382.535830,0.000000,0
631.104676,382.108530,0.000000,0
630.382529,381.661285,0.000000,0
629.673296,381.194244,0.000000,0
628.977834,380.707543,0.000000,0
628.297001,380.201315,0.000000,0
627.631478,379.675842,0.000000,0
626.980198,379.132875,0.000000,0
626.341080,378.575015,0.000000,0
625.712031,378.004876,0.000000,0
625.090960,377.425067,0.000000,0
624.476150,376.837863,0.000000,0
623.869565,376.242225,0.000000,0
623.275247,375.635242,0.000000,0
622.697264,375.013982,0.000000,0
622.139682,374.375513,0.000000,0
621.606369,373.717060,0.000000,0
621.095399,373.040394,0.000000,0
620.598281,372.352446,0.000000,0
620.106167,371.660421,0.000000,0
619.610209,370.971526,0.000000,0
619.101562,370.292969,0.000000,0
NaN,NaN,NaN,NaN
