  0
SECTION
  2
HEADER
  9
$ACADVER
  1
AC1032
  9
$ACADMAINTVER
 90
      378
  9
$DWGCODEPAGE
  3
ANSI_1252
  9
$LASTSAVEDBY
  1
Harold
  9
$REQUIREDVERSIONS
160
                 0
  9
$INSBASE
 10
0.0
 20
0.0
 30
0.0
  9
$EXTMIN
 10
349.8319556833085
 20
227.2597811630258
 30
-0.0000000116415251
  9
$EXTMAX
 10
25018.99999496385
 20
12953.99999142536
 30
-0.0000000116415251
  9
$LIMMIN
 10
0.0
 20
0.0
  9
$LIMMAX
 10
420.0
 20
297.0
  9
$ORTHOMODE
 70
     0
  9
$REGENMODE
 70
     1
  9
$FILLMODE
 70
     1
  9
$QTEXTMODE
 70
     0
  9
$MIRRTEXT
 70
     1
  9
$LTSCALE
 40
1.0
  9
$ATTMODE
 70
     1
  9
$TEXTSIZE
 40
3.5
  9
$TRACEWID
 40
1.0
  9
$TEXTSTYLE
  7
Standard
  9
$CLAYER
  8
0
  9
$CELTYPE
  6
ByLayer
  9
$CECOLOR
 62
   256
  9
$CELTSCALE
 40
1.0
  9
$DISPSILH
 70
     0
  9
$DIMSCALE
 40
1.0
  9
$DIMASZ
 40
3.302
  9
$DIMEXO
 40
0.0
  9
$DIMDLI
 40
3.75
  9
$DIMRND
 40
0.0
  9
$DIMDLE
 40
0.0
  9
$DIMEXE
 40
1.0
  9
$DIMTP
 40
0.0
  9
$DIMTM
 40
0.0
  9
$DIMTXT
 40
3.5
  9
$DIMCEN
 40
2.5
  9
$DIMTSZ
 40
0.0
  9
$DIMTOL
 70
     0
  9
$DIMLIM
 70
     0
  9
$DIMTIH
 70
     1
  9
$DIMTOH
 70
     1
  9
$DIMSE1
 70
     0
  9
$DIMSE2
 70
     0
  9
$DIMTAD
 70
     1
  9
$DIMZIN
 70
     1
  9
$DIMBLK
  1

  9
$DIMASO
 70
     1
  9
$DIMSHO
 70
     1
  9
$DIMPOST
  1

  9
$DIMAPOST
  1

  9
$DIMALT
 70
     0
  9
$DIMALTD
 70
     3
  9
$DIMALTF
 40
0.0393700787
  9
$DIMLFAC
 40
1.0
  9
$DIMTOFL
 70
     1
  9
$DIMTVP
 40
0.0
  9
$DIMTIX
 70
     0
  9
$DIMSOXD
 70
     0
  9
$DIMSAH
 70
     0
  9
$DIMBLK1
  1

  9
$DIMBLK2
  1

  9
$DIMSTYLE
  2
ISO-25
  9
$DIMCLRD
 70
     0
  9
$DIMCLRE
 70
     0
  9
$DIMCLRT
 70
     0
  9
$DIMTFAC
 40
1.0
  9
$DIMGAP
 40
1.524
  9
$DIMJUST
 70
     0
  9
$DIMSD1
 70
     0
  9
$DIMSD2
 70
     0
  9
$DIMTOLJ
 70
     0
  9
$DIMTZIN
 70
     1
  9
$DIMALTZ
 70
     0
  9
$DIMALTTZ
 70
     0
  9
$DIMUPT
 70
     0
  9
$DIMDEC
 70
     2
  9
$DIMTDEC
 70
     2
  9
$DIMALTU
 70
     2
  9
$DIMALTTD
 70
     3
  9
$DIMTXSTY
  7
Standard
  9
$DIMAUNIT
 70
     0
  9
$DIMADEC
 70
     2
  9
$DIMALTRND
 40
0.0
  9
$DIMAZIN
 70
     0
  9
$DIMDSEP
 70
    44
  9
$DIMATFIT
 70
     3
  9
$DIMFRAC
 70
     0
  9
$DIMLDRBLK
  1

  9
$DIMLUNIT
 70
     2
  9
$DIMLWD
 70
    -2
  9
$DIMLWE
 70
    -2
  9
$DIMTMOVE
 70
     0
  9
$DIMFXL
 40
1.0
  9
$DIMFXLON
 70
     0
  9
$DIMJOGANG
 40
0.7853981633974483
  9
$DIMTFILL
 70
     0
  9
$DIMTFILLCLR
 70
     0
  9
$DIMARCSYM
 70
     0
  9
$DIMLTYPE
  6

  9
$DIMLTEX1
  6

  9
$DIMLTEX2
  6

  9
$DIMTXTDIRECTION
 70
     0
  9
$LUNITS
 70
     2
  9
$LUPREC
 70
     2
  9
$SKETCHINC
 40
1.0
  9
$FILLETRAD
 40
0.0
  9
$AUNITS
 70
     0
  9
$AUPREC
 70
     2
  9
$MENU
  1
.
  9
$ELEVATION
 40
0.0
  9
$PELEVATION
 40
0.0
  9
$THICKNESS
 40
0.0
  9
$LIMCHECK
 70
     0
  9
$CHAMFERA
 40
0.0
  9
$CHAMFERB
 40
0.0
  9
$CHAMFERC
 40
0.0
  9
$CHAMFERD
 40
0.0
  9
$SKPOLY
 70
     0
  9
$TDCREATE
 40
2461010.025763889
  9
$TDUCREATE
 40
2461010.234102384
  9
$TDUPDATE
 40
2461010.026898148
  9
$TDUUPDATE
 40
2461010.235231482
  9
$TDINDWG
 40
0.0005787153
  9
$TDUSRTIMER
 40
0.0005787153
  9
$USRTIMER
 70
     1
  9
$ANGBASE
 50
0.0
  9
$ANGDIR
 70
     0
  9
$PDMODE
 70
     0
  9
$PDSIZE
 40
-1.0
  9
$PLINEWID
 40
0.0
  9
$SPLFRAME
 70
     0
  9
$SPLINETYPE
 70
     6
  9
$SPLINESEGS
 70
     8
  9
$HANDSEED
  5
3B0
  9
$SURFTAB1
 70
     6
  9
$SURFTAB2
 70
     6
  9
$SURFTYPE
 70
     6
  9
$SURFU
 70
     6
  9
$SURFV
 70
     6
  9
$UCSBASE
  2

  9
$UCSNAME
  2

  9
$UCSORG
 10
0.0
 20
0.0
 30
0.0
  9
$UCSXDIR
 10
1.0
 20
0.0
 30
0.0
  9
$UCSYDIR
 10
0.0
 20
1.0
 30
0.0
  9
$UCSORTHOREF
  2

  9
$UCSORTHOVIEW
 70
     0
  9
$UCSORGTOP
 10
0.0
 20
0.0
 30
0.0
  9
$UCSORGBOTTOM
 10
0.0
 20
0.0
 30
0.0
  9
$UCSORGLEFT
 10
0.0
 20
0.0
 30
0.0
  9
$UCSORGRIGHT
 10
0.0
 20
0.0
 30
0.0
  9
$UCSORGFRONT
 10
0.0
 20
0.0
 30
0.0
  9
$UCSORGBACK
 10
0.0
 20
0.0
 30
0.0
  9
$PUCSBASE
  2

  9
$PUCSNAME
  2

  9
$PUCSORG
 10
0.0
 20
0.0
 30
0.0
  9
$PUCSXDIR
 10
1.0
 20
0.0
 30
0.0
  9
$PUCSYDIR
 10
0.0
 20
1.0
 30
0.0
  9
$PUCSORTHOREF
  2

  9
$PUCSORTHOVIEW
 70
     0
  9
$PUCSORGTOP
 10
0.0
 20
0.0
 30
0.0
  9
$PUCSORGBOTTOM
 10
0.0
 20
0.0
 30
0.0
  9
$PUCSORGLEFT
 10
0.0
 20
0.0
 30
0.0
  9
$PUCSORGRIGHT
 10
0.0
 20
0.0
 30
0.0
  9
$PUCSORGFRONT
 10
0.0
 20
0.0
 30
0.0
  9
$PUCSORGBACK
 10
0.0
 20
0.0
 30
0.0
  9
$USERI1
 70
     0
  9
$USERI2
 70
     0
  9
$USERI3
 70
     0
  9
$USERI4
 70
     0
  9
$USERI5
 70
     0
  9
$USERR1
 40
0.0
  9
$USERR2
 40
0.0
  9
$USERR3
 40
0.0
  9
$USERR4
 40
0.0
  9
$USERR5
 40
0.0
  9
$WORLDVIEW
 70
     1
  9
$SHADEDGE
 70
     3
  9
$SHADEDIF
 70
    70
  9
$TILEMODE
 70
     1
  9
$MAXACTVP
 70
    64
  9
$PINSBASE
 10
0.0
 20
0.0
 30
0.0
  9
$PLIMCHECK
 70
     0
  9
$PEXTMIN
 10
1.000000000000000E+20
 20
1.000000000000000E+20
 30
1.000000000000000E+20
  9
$PEXTMAX
 10
-1.000000000000000E+20
 20
-1.000000000000000E+20
 30
-1.000000000000000E+20
  9
$PLIMMIN
 10
0.0
 20
0.0
  9
$PLIMMAX
 10
420.0
 20
297.0
  9
$UNITMODE
 70
     0
  9
$VISRETAIN
 70
     1
  9
$PLINEGEN
 70
     0
  9
$PSLTSCALE
 70
     1
  9
$TREEDEPTH
 70
  3020
  9
$CMLSTYLE
  2
Standard
  9
$CMLJUST
 70
     0
  9
$CMLSCALE
 40
20.0
  9
$PROXYGRAPHICS
 70
     1
  9
$MEASUREMENT
 70
     1
  9
$CELWEIGHT
370
    -1
  9
$ENDCAPS
280
     0
  9
$JOINSTYLE
280
     0
  9
$LWDISPLAY
290
     1
  9
$INSUNITS
 70
     4
  9
$HYPERLINKBASE
  1

  9
$STYLESHEET
  1

  9
$XEDIT
290
     1
  9
$CEPSNTYPE
380
     0
  9
$PSTYLEMODE
290
     1
  9
$FINGERPRINTGUID
  2
{5E0B7F8D-1A3E-4BDC-B0D1-C4DB8AB81CF1}
  9
$VERSIONGUID
  2
{4AA78C82-6BFF-6945-A4A2-E9C63932FDFD}
  9
$EXTNAMES
290
     1
  9
$PSVPSCALE
 40
0.0
  9
$OLESTARTUP
290
     0
  9
$SORTENTS
280
   127
  9
$INDEXCTL
280
     0
  9
$HIDETEXT
280
     0
  9
$XCLIPFRAME
280
     2
  9
$HALOGAP
280
     0
  9
$OBSCOLOR
 70
   257
  9
$OBSLTYPE
280
     0
  9
$INTERSECTIONDISPLAY
280
     0
  9
$INTERSECTIONCOLOR
 70
   257
  9
$DIMASSOC
280
     1
  9
$PROJECTNAME
  1

  9
$CAMERADISPLAY
290
     0
  9
$LENSLENGTH
 40
50.0
  9
$CAMERAHEIGHT
 40
0.0
  9
$STEPSPERSEC
 40
2.0
  9
$STEPSIZE
 40
6.0
  9
$3DDWFPREC
 40
2.0
  9
$PSOLWIDTH
 40
0.25
  9
$PSOLHEIGHT
 40
4.0
  9
$LOFTANG1
 40
1.570796326794896
  9
$LOFTANG2
 40
1.570796326794896
  9
$LOFTMAG1
 40
0.0
  9
$LOFTMAG2
 40
0.0
  9
$LOFTPARAM
 70
     7
  9
$LOFTNORMALS
280
     1
  9
$LATITUDE
 40
37.795
  9
$LONGITUDE
 40
-122.394
  9
$NORTHDIRECTION
 40
0.0
  9
$TIMEZONE
 70
 -8000
  9
$LIGHTGLYPHDISPLAY
280
     1
  9
$TILEMODELIGHTSYNCH
280
     1
  9
$CMATERIAL
347
362
  9
$SOLIDHIST
280
     0
  9
$SHOWHIST
280
     1
  9
$DWFFRAME
280
     2
  9
$DGNFRAME
280
     0
  9
$REALWORLDSCALE
290
     1
  9
$INTERFERECOLOR
 62
     1
  9
$INTERFEREOBJVS
345
384
  9
$INTERFEREVPVS
346
381
  9
$CSHADOW
280
     0
  9
$SHADOWPLANELOCATION
 40
0.0
  0
ENDSEC
  0
SECTION
  2
CLASSES
  0
CLASS
  1
ACDBDICTIONARYWDFLT
  2
AcDbDictionaryWithDefault
  3
ObjectDBX Classes
 90
        0
 91
        1
280
     0
281
     0
  0
CLASS
  1
VISUALSTYLE
  2
AcDbVisualStyle
  3
ObjectDBX Classes
 90
     4095
 91
       24
280
     0
281
     0
  0
CLASS
  1
MATERIAL
  2
AcDbMaterial
  3
ObjectDBX Classes
 90
     1153
 91
        3
280
     0
281
     0
  0
CLASS
  1
SCALE
  2
AcDbScale
  3
ObjectDBX Classes
 90
     1153
 91
       17
280
     0
281
     0
  0
CLASS
  1
TABLESTYLE
  2
AcDbTableStyle
  3
ObjectDBX Classes
 90
     4095
 91
        1
280
     0
281
     0
  0
CLASS
  1
MLEADERSTYLE
  2
AcDbMLeaderStyle
  3
ACDB_MLEADERSTYLE_CLASS
 90
     4095
 91
        1
280
     0
281
     0
  0
CLASS
  1
SUN
  2
AcDbSun
  3
SCENEOE
 90
     1153
 91
        0
280
     0
281
     0
  0
CLASS
  1
ACDBSECTIONVIEWSTYLE
  2
AcDbSectionViewStyle
  3
ObjectDBX Classes
 90
     1025
 91
        1
280
     0
281
     0
  0
CLASS
  1
ACDBDETAILVIEWSTYLE
  2
AcDbDetailViewStyle
  3
ObjectDBX Classes
 90
     1025
 91
        1
280
     0
281
     0
  0
CLASS
  1
DICTIONARYVAR
  2
AcDbDictionaryVar
  3
ObjectDBX Classes
 90
        0
 91
        9
280
     0
281
     0
  0
CLASS
  1
CELLSTYLEMAP
  2
AcDbCellStyleMap
  3
ObjectDBX Classes
 90
     1152
 91
        1
280
     0
281
     0
  0
ENDSEC
  0
SECTION
  2
TABLES
  0
TABLE
  2
VPORT
  5
8
330
0
100
AcDbSymbolTable
 70
     1
  0
VPORT
  5
29
330
8
100
AcDbSymbolTableRecord
100
AcDbViewportTableRecord
  2
*Active
 70
     0
 10
0.0
 20
0.0
 11
1.0
 21
1.0
 12
12684.41597532358
 22
6590.629886294192
 13
0.0
 23
0.0
 14
10.0
 24
10.0
 15
10.0
 25
10.0
 16
0.0
 26
0.0
 36
1.0
 17
0.0
 27
0.0
 37
0.0
 40
12821.12888920124
 41
2.360148514851485
 42
50.0
 43
0.0
 44
0.0
 50
0.0
 51
0.0
 71
     0
 72
   100
 73
     1
 74
     3
 75
     0
 76
     0
 77
     0
 78
     0
281
     0
 65
     1
110
0.0
120
0.0
130
0.0
111
1.0
121
0.0
131
0.0
112
0.0
122
1.0
132
0.0
 79
     0
146
0.0
348
380
 60
     3
 61
     5
292
     1
282
     1
141
0.0
142
0.0
 63
   250
421
  3355443
1001
ACAD_NAV_VCDISPLAY
1070
     3
  0
ENDTAB
  0
TABLE
  2
LTYPE
  5
5
330
0
100
AcDbSymbolTable
 70
     6
  0
LTYPE
  5
14
330
5
100
AcDbSymbolTableRecord
100
AcDbLinetypeTableRecord
  2
ByBlock
 70
     0
  3

 72
    65
 73
     0
 40
0.0
  0
LTYPE
  5
15
330
5
100
AcDbSymbolTableRecord
100
AcDbLinetypeTableRecord
  2
ByLayer
 70
     0
  3

 72
    65
 73
     0
 40
0.0
  0
LTYPE
  5
16
330
5
100
AcDbSymbolTableRecord
100
AcDbLinetypeTableRecord
  2
Continuous
 70
     0
  3
Solid line
 72
    65
 73
     0
 40
0.0
  0
LTYPE
  5
5E
330
5
100
AcDbSymbolTableRecord
100
AcDbLinetypeTableRecord
  2
HIDDEN
 70
     0
  3
Hidden __ __ __ __ __ __ __ __ __ __ __ __ __ __
 72
    65
 73
     2
 40
1.905
 49
1.27
 74
     0
 49
-0.635
 74
     0
  0
LTYPE
  5
5F
330
5
100
AcDbSymbolTableRecord
100
AcDbLinetypeTableRecord
  2
PHANTOM
 70
     0
  3
Phantom ______  __  __  ______  __  __  ______
 72
    65
 73
     6
 40
12.7
 49
6.349999999999999
 74
     0
 49
-1.27
 74
     0
 49
1.27
 74
     0
 49
-1.27
 74
     0
 49
1.27
 74
     0
 49
-1.27
 74
     0
  0
LTYPE
  5
60
330
5
100
AcDbSymbolTableRecord
100
AcDbLinetypeTableRecord
  2
CENTER
 70
     0
  3
Center ____ _ ____ _ ____ _ ____ _ ____ _ ____
 72
    65
 73
     4
 40
10.16
 49
6.349999999999999
 74
     0
 49
-1.27
 74
     0
 49
1.27
 74
     0
 49
-1.27
 74
     0
  0
LTYPE
  5
61
330
5
100
AcDbSymbolTableRecord
100
AcDbLinetypeTableRecord
  2
CENTERX2
 70
     0
  3
Center (2x) ________  __  ________  __  _____
 72
    65
 73
     4
 40
20.32
 49
12.7
 74
     0
 49
-2.54
 74
     0
 49
2.54
 74
     0
 49
-2.54
 74
     0
  0
LTYPE
  5
62
330
5
100
AcDbSymbolTableRecord
100
AcDbLinetypeTableRecord
  2
DOT2
 70
     0
  3
Dot (.5x) ........................................
 72
    65
 73
     2
 40
0.635
 49
0.0
 74
     0
 49
-0.635
 74
     0
  0
ENDTAB
  0
TABLE
  2
LAYER
  5
2
330
0
100
AcDbSymbolTable
 70
     1
  0
LAYER
  5
10
102
{ACAD_XDICTIONARY
360
3A0
102
}
330
2
100
AcDbSymbolTableRecord
100
AcDbLayerTableRecord
  2
0
 70
     0
 62
     7
  6
Continuous
370
    -3
390
F
347
372
348
0
  0
ENDTAB
  0
TABLE
  2
STYLE
  5
3
330
0
100
AcDbSymbolTable
 70
     1
  0
STYLE
  5
11
330
3
100
AcDbSymbolTableRecord
100
AcDbTextStyleTableRecord
  2
Standard
 70
     0
 40
0.0
 41
1.0
 50
0.0
 71
     0
 42
3.5
  3
txt
  4

  0
ENDTAB
  0
TABLE
  2
VIEW
  5
6
330
0
100
AcDbSymbolTable
 70
     0
  0
ENDTAB
  0
TABLE
  2
UCS
  5
7
330
0
100
AcDbSymbolTable
 70
     0
  0
ENDTAB
  0
TABLE
  2
APPID
  5
9
330
0
100
AcDbSymbolTable
 70
     2
  0
APPID
  5
12
330
9
100
AcDbSymbolTableRecord
100
AcDbRegAppTableRecord
  2
ACAD
 70
     0
  0
APPID
  5
3AC
330
9
100
AcDbSymbolTableRecord
100
AcDbRegAppTableRecord
  2
ACAD_NAV_VCDISPLAY
 70
     0
  0
ENDTAB
  0
TABLE
  2
DIMSTYLE
  5
A
330
0
100
AcDbSymbolTable
 70
     1
100
AcDbDimStyleTable
 71
     0
  0
DIMSTYLE
105
27
330
A
100
AcDbSymbolTableRecord
100
AcDbDimStyleTableRecord
  2
ISO-25
 70
     0
 41
2.5
 42
0.625
 43
3.75
 44
1.25
 73
     0
 74
     0
 77
     1
 78
     8
140
2.5
141
2.5
143
0.0393700787
147
0.625
171
     3
172
     1
271
     2
272
     2
274
     3
278
    44
283
     0
284
     8
340
11
  0
ENDTAB
  0
TABLE
  2
BLOCK_RECORD
  5
1
330
0
100
AcDbSymbolTable
 70
     1
  0
BLOCK_RECORD
  5
1F
330
1
100
AcDbSymbolTableRecord
100
AcDbBlockTableRecord
  2
*Model_Space
340
22
 70
     0
280
     1
281
     0
  0
BLOCK_RECORD
  5
1B
330
1
100
AcDbSymbolTableRecord
100
AcDbBlockTableRecord
  2
*Paper_Space
340
1E
 70
     0
280
     1
281
     0
  0
BLOCK_RECORD
  5
23
330
1
100
AcDbSymbolTableRecord
100
AcDbBlockTableRecord
  2
*Paper_Space0
340
26
 70
     0
280
     1
281
     0
  0
ENDTAB
  0
ENDSEC
  0
SECTION
  2
BLOCKS
  0
BLOCK
  5
20
330
1F
100
AcDbEntity
  8
0
100
AcDbBlockBegin
  2
*Model_Space
 70
     0
 10
0.0
 20
0.0
 30
0.0
  3
*Model_Space
  1

  0
ENDBLK
  5
21
330
1F
100
AcDbEntity
  8
0
100
AcDbBlockEnd
  0
BLOCK
  5
1C
330
1B
100
AcDbEntity
 67
     1
  8
0
100
AcDbBlockBegin
  2
*Paper_Space
 70
     0
 10
0.0
 20
0.0
 30
0.0
  3
*Paper_Space
  1

  0
ENDBLK
  5
1D
330
1B
100
AcDbEntity
 67
     1
  8
0
100
AcDbBlockEnd
  0
BLOCK
  5
24
330
23
100
AcDbEntity
 67
     1
  8
0
100
AcDbBlockBegin
  2
*Paper_Space0
 70
     0
 10
0.0
 20
0.0
 30
0.0
  3
*Paper_Space0
  1

  0
ENDBLK
  5
25
330
23
100
AcDbEntity
 67
     1
  8
0
100
AcDbBlockEnd
  0
ENDSEC
  0
SECTION
  2
ENTITIES
  0
ARC
  5
63
330
1F
100
AcDbEntity
  8
0
  6
Continuous
 62
     7
370
    25
100
AcDbCircle
 10
23916.1300091974
 20
4331.7474049567
 30
0.0
 40
1043.446205625433
100
AcDbArc
 50
92.3501243766
 51
102.8967849422
  0
ARC
  5
64
330
1F
100
AcDbEntity
  8
0
  6
Continuous
 62
     7
370
    25
100
AcDbCircle
 10
23967.7538148081
 20
4106.2921296364
 30
0.0
 40
1274.736279936301
100
AcDbArc
 50
102.8968273945
 51
124.4807377455
  0
ARC
  5
65
330
1F
100
AcDbEntity
  8
0
  6
Continuous
 62
     7
370
    25
100
AcDbCircle
 10
23906.1620703013
 20
4195.9740259558
 30
0.0
 40
1165.941126006532
100
AcDbArc
 50
124.4807593651
 51
147.5577368687
  0
ARC
  5
66
330
1F
100
AcDbEntity
  8
0
  6
Continuous
 62
     7
370
    25
100
AcDbCircle
 10
24096.6535501063
 20
4074.8862579978
 30
0.0
 40
1391.660534624211
100
AcDbArc
 50
147.5577019864
 51
168.3854029664
  0
ARC
  5
67
330
1F
100
AcDbEntity
  8
0
  6
Continuous
 62
     7
370
    25
100
AcDbCircle
 10
24974.1999263786
 20
3894.520694093401
 30
0.0
 40
2287.550806448433
100
AcDbArc
 50
168.385448086
 51
182.7398675696
  0
ARC
  5
68
330
1F
100
AcDbEntity
  8
0
  6
Continuous
 62
     7
370
    25
100
AcDbCircle
 10
24808.728357197
 20
3886.6028807706
 30
0.0
 40
2121.889911925653
100
AcDbArc
 50
182.7398952461
 51
199.8240342716
  0
ARC
  5
69
330
1F
100
AcDbEntity
  8
0
  6
Continuous
 62
     7
370
    25
100
AcDbCircle
 10
23941.4047477142
 20
3573.935880458301
 30
0.0
 40
1199.929556676771
100
AcDbArc
 50
199.8240232552999
 51
226.0005683365
  0
ARC
  5
6A
330
1F
100
AcDbEntity
  8
0
  6
Continuous
 62
     7
370
    25
100
AcDbCircle
 10
23889.9688469859
 20
3520.6701098222
 30
0.0
 40
1125.88298886743
100
AcDbArc
 50
226.0005231273
 51
253.1987649246
  0
ARC
  5
6B
330
1F
100
AcDbEntity
  8
0
  6
Continuous
 62
     7
370
    25
100
AcDbCircle
 10
24074.6088782317
 20
4132.1688808544
 30
0.0
 40
1764.649525331311
100
AcDbArc
 50
253.1986628439
 51
272.6240955452
  0
ARC
  5
6C
330
1F
100
AcDbEntity
  8
0
  6
Continuous
 62
     7
370
    25
100
AcDbCircle
 10
24046.7364809585
 20
4740.334223662499
 30
0.0
 40
2373.453233206397
100
AcDbArc
 50
272.6240829208
 51
277.9800338672
  0
ARC
  5
6D
330
1F
100
AcDbEntity
  8
0
  6
Continuous
 62
     7
370
    25
100
AcDbCircle
 10
24182.5834509768
 20
3771.2805419468
 30
0.0
 40
1394.924011716372
100
AcDbArc
 50
277.9800460463
 51
285.954690371
  0
ARC
  5
6E
330
1F
100
AcDbEntity
  8
0
  6
Continuous
 62
     7
370
    25
100
AcDbCircle
 10
24247.2569767559
 20
3545.0614753388
 30
0.0
 40
1159.641774746294
100
AcDbArc
 50
285.9546992936
 51
294.7718340468
  0
ARC
  5
6F
330
1F
100
AcDbEntity
  8
0
  6
Continuous
 62
     7
370
    25
100
AcDbCircle
 10
24280.9818877277
 20
3471.977449124601
 30
0.0
 40
1079.151747371829
100
AcDbArc
 50
294.771885248
 51
304.0777900733
  0
LINE
  5
70
330
1F
100
AcDbEntity
  8
0
  6
Continuous
 62
     7
370
    25
100
AcDbLine
 10
24885.65
 20
2578.1402336
 30
0.0
 11
25019.0
 21
2668.3496036
 31
0.0
  0
LINE
  5
71
330
1F
100
AcDbEntity
  8
0
  6
Continuous
 62
     7
370
    25
100
AcDbLine
 10
25019.0
 20
2668.3496036
 30
0.0
 11
25019.0
 21
3302.0
 31
0.0
  0
LINE
  5
72
330
1F
100
AcDbEntity
  8
0
  6
Continuous
 62
     7
370
    25
100
AcDbLine
 10
25019.0
 20
3302.0
 30
0.0
 11
24536.4
 21
3302.0
 31
0.0
  0
LINE
  5
73
330
1F
100
AcDbEntity
  8
0
  6
Continuous
 62
     7
370
    25
100
AcDbLine
 10
24536.4
 20
3302.0
 30
0.0
 11
24536.4
 21
2847.1019004
 31
0.0
  0
LINE
  5
74
330
1F
100
AcDbEntity
  8
0
  6
Continuous
 62
     7
370
    25
100
AcDbLine
 10
24536.4
 20
2847.1019004
 30
0.0
 11
24441.15
 21
2826.9927458
 31
0.0
  0
ARC
  5
75
330
1F
100
AcDbEntity
  8
0
  6
Continuous
 62
     7
370
    25
100
AcDbCircle
 10
24350.4306775871
 20
3256.6983338289
 30
0.0
 40
439.1775129060051
100
AcDbArc
 50
275.138683572
 51
281.9212106173
  0
ARC
  5
76
330
1F
100
AcDbEntity
  8
0
  6
Continuous
 62
     7
370
    25
100
AcDbCircle
 10
24150.0402973211
 20
5485.041183089001
 30
0.0
 40
2676.512570145239
100
AcDbArc
 50
273.3561231152
 51
275.1386734615
  0
ARC
  5
77
330
1F
100
AcDbEntity
  8
0
  6
Continuous
 62
     7
370
    25
100
AcDbCircle
 10
24130.0533699778
 20
5825.843438080999
 30
0.0
 40
3017.900405708319
100
AcDbArc
 50
271.5522872784
 51
273.3561503498
  0
ARC
  5
78
330
1F
100
AcDbEntity
  8
0
  6
Continuous
 62
     7
370
    25
100
AcDbCircle
 10
24131.7496294872
 20
5763.1239870355
 30
0.0
 40
2955.158021117972
100
AcDbArc
 50
269.7198437179
 51
271.5523528761
  0
ARC
  5
79
330
1F
100
AcDbEntity
  8
0
  6
Continuous
 62
     7
370
    25
100
AcDbCircle
 10
24124.3793218714
 20
4256.054415985301
 30
0.0
 40
1448.070427971292
100
AcDbArc
 50
262.1763043734
 51
269.7198914687
  0
ARC
  5
7A
330
1F
100
AcDbEntity
  8
0
  6
Continuous
 62
     7
370
    25
100
AcDbCircle
 10
24024.4690868802
 20
3528.9306159236
 30
0.0
 40
714.1146556852592
100
AcDbArc
 50
249.3748834448
 51
262.1763274117
  0
ARC
  5
7B
330
1F
100
AcDbEntity
  8
0
  6
Continuous
 62
     7
370
    25
100
AcDbCircle
 10
23978.15391663201
 20
3405.8754251392
 30
0.0
 40
582.632052371826
100
AcDbArc
 50
234.9912611906999
 51
249.3749009504
  0
ARC
  5
7C
330
1F
100
AcDbEntity
  8
0
  6
Continuous
 62
     7
370
    25
100
AcDbCircle
 10
24030.5629037637
 20
3480.6996002706
 30
0.0
 40
673.9849894682158
100
AcDbArc
 50
222.0959516835
 51
234.9912941763
  0
ARC
  5
7D
330
1F
100
AcDbEntity
  8
0
  6
Continuous
 62
     7
370
    25
100
AcDbCircle
 10
24108.9939682924
 20
3551.556551553201
 30
0.0
 40
779.6833311192817
100
AcDbArc
 50
206.682782906
 51
222.0959032469
  0
ARC
  5
7E
330
1F
100
AcDbEntity
  8
0
  6
Continuous
 62
     7
370
    25
100
AcDbCircle
 10
24258.9479474077
 20
3626.9191922205
 30
0.0
 40
947.5097994157287
100
AcDbArc
 50
193.3657557743
 51
206.6827881183
  0
ARC
  5
7F
330
1F
100
AcDbEntity
  8
0
  6
Continuous
 62
     7
370
    25
100
AcDbCircle
 10
24736.3264764035
 20
3740.3467756542
 30
0.0
 40
1438.178808655675
100
AcDbArc
 50
182.8648911925
 51
193.3658117145
  0
ARC
  5
80
330
1F
100
AcDbEntity
  8
0
  6
Continuous
 62
     7
370
    25
100
AcDbCircle
 10
27236.8538052255
 20
3865.4844027945
 30
0.0
 40
3941.835404099639
100
AcDbArc
 50
177.916716193
 51
182.8649274215
  0
ARC
  5
81
330
1F
100
AcDbEntity
  8
0
  6
Continuous
 62
     7
370
    25
100
AcDbCircle
 10
26608.3203402892
 20
3888.3483141316
 30
0.0
 40
3312.886220948524
100
AcDbArc
 50
173.5215273228
 51
177.9167206231
  0
ARC
  5
82
330
1F
100
AcDbEntity
  8
0
  6
Continuous
 62
     7
370
    25
100
AcDbCircle
 10
24304.1783158896
 20
4149.994989256
 30
0.0
 40
993.9361457619657
100
AcDbArc
 50
162.7470808146
 51
173.5215142067
  0
ARC
  5
83
330
1F
100
AcDbEntity
  8
0
  6
Continuous
 62
     7
370
    25
100
AcDbCircle
 10
23955.0167157178
 20
4258.4313295424
 30
0.0
 40
628.3239701872738
100
AcDbArc
 50
148.6473823087
 51
162.7470178146
  0
ARC
  5
84
330
1F
100
AcDbEntity
  8
0
  6
Continuous
 62
     7
370
    25
100
AcDbCircle
 10
23940.4726937375
 20
4267.2919499958
 30
0.0
 40
611.2934337916664
100
AcDbArc
 50
134.2541076943
 51
148.647335255
  0
ARC
  5
85
330
1F
100
AcDbEntity
  8
0
  6
Continuous
 62
     7
370
    25
100
AcDbCircle
 10
24072.0195005463
 20
4132.273757734799
 30
0.0
 40
799.799334555128
100
AcDbArc
 50
123.3927293528
 51
134.2540584355
  0
ARC
  5
86
330
1F
100
AcDbEntity
  8
0
  6
Continuous
 62
     7
370
    25
100
AcDbCircle
 10
23969.0251680616
 20
4288.514977959699
 30
0.0
 40
612.6652878909421
100
AcDbArc
 50
110.1288646891
 51
123.3926767427
  0
ARC
  5
87
330
1F
100
AcDbEntity
  8
0
  6
Continuous
 62
     7
370
    25
100
AcDbCircle
 10
23999.1099050608
 20
4206.433354797399
 30
0.0
 40
700.0865911369171
100
AcDbArc
 50
97.84201394580001
 51
110.1288824163
  0
ARC
  5
88
330
1F
100
AcDbEntity
  8
0
  6
Continuous
 62
     7
370
    25
100
AcDbCircle
 10
24084.0116845723
 20
3590.002457385901
 30
0.0
 40
1322.336832958859
100
AcDbArc
 50
90.20848683930001
 51
97.84204418649999
  0
ARC
  5
89
330
1F
100
AcDbEntity
  8
0
  6
Continuous
 62
     7
370
    25
100
AcDbCircle
 10
24089.3312020594
 20
2128.6625931522
 30
0.0
 40
2783.686379119222
100
AcDbArc
 50
88.3631853588
 51
90.2085279453
  0
ARC
  5
8A
330
1F
100
AcDbEntity
  8
0
  6
Continuous
 62
     7
370
    25
100
AcDbCircle
 10
24084.8004060745
 20
1970.0160420109
 30
0.0
 40
2942.397614684836
100
AcDbArc
 50
86.59306117479999
 51
88.36323637620001
  0
ARC
  5
8B
330
1F
100
AcDbEntity
  8
0
  6
Continuous
 62
     7
370
    25
100
AcDbCircle
 10
24104.53864608721
 20
2301.499505841301
 30
0.0
 40
2610.327012414968
100
AcDbArc
 50
84.83283244369999
 51
86.59315335569999
  0
ARC
  5
8C
330
1F
100
AcDbEntity
  8
0
  6
Continuous
 62
     7
370
    25
100
AcDbCircle
 10
24297.5731924068
 20
4436.145608852199
 30
0.0
 40
466.97069085475
100
AcDbArc
 50
78.5403367002
 51
84.83281102699999
  0
LINE
  5
8D
330
1F
100
AcDbEntity
  8
0
  6
Continuous
 62
     7
370
    25
100
AcDbLine
 10
24390.35
 20
4893.8071542
 30
0.0
 11
24485.6
 21
4874.4980996
 31
0.0
  0
LINE
  5
8E
330
1F
100
AcDbEntity
  8
0
  6
Continuous
 62
     7
370
    25
100
AcDbLine
 10
24485.6
 20
4874.4980996
 30
0.0
 11
24485.6
 21
4470.4
 31
0.0
  0
LINE
  5
8F
330
1F
100
AcDbEntity
  8
0
  6
Continuous
 62
     7
370
    25
100
AcDbLine
 10
24485.6
 20
4470.4
 30
0.0
 11
24995.1635732
 21
4470.4
 31
0.0
  0
LINE
  5
90
330
1F
100
AcDbEntity
  8
0
  6
Continuous
 62
     7
370
    25
100
AcDbLine
 10
24995.1635732
 20
4470.4
 30
0.0
 11
24980.9
 21
5092.7
 31
0.0
  0
LINE
  5
91
330
1F
100
AcDbEntity
  8
0
  6
Continuous
 62
     7
370
    25
100
AcDbLine
 10
24980.9
 20
5092.7
 30
0.0
 11
24857.7524942
 21
5175.000825999999
 31
0.0
  0
ARC
  5
92
330
1F
100
AcDbEntity
  8
0
  6
Continuous
 62
     7
370
    25
100
AcDbCircle
 10
24484.4950870764
 20
4616.491381286599
 30
0.0
 40
671.7543388819792
100
AcDbArc
 50
56.24479976479999
 51
62.13167739390001
  0
ARC
  5
93
330
1F
100
AcDbEntity
  8
0
  6
Continuous
 62
     7
370
    25
100
AcDbCircle
 10
24037.8729167993
 20
3771.8393140859
 30
0.0
 40
1627.216780639559
100
AcDbArc
 50
62.13168831259999
 51
65.17139493649999
  0
ARC
  5
94
330
1F
100
AcDbEntity
  8
0
  6
Continuous
 62
     7
370
    25
100
AcDbCircle
 10
24009.7210284644
 20
3710.9926451908
 30
0.0
 40
1694.260392806839
100
AcDbArc
 50
65.171397759
 51
68.18498206390001
  0
ARC
  5
95
330
1F
100
AcDbEntity
  8
0
  6
Continuous
 62
     7
370
    25
100
AcDbCircle
 10
24264.7491092198
 20
4348.124239566599
 30
0.0
 40
1007.983487669055
100
AcDbArc
 50
68.18497612770001
 51
72.6312582498
  0
ARC
  5
96
330
1F
100
AcDbEntity
  8
0
  6
Continuous
 62
     7
370
    25
100
AcDbCircle
 10
24228.4165986102
 20
4231.966680035099
 30
0.0
 40
1129.690636034641
100
AcDbArc
 50
72.6312330579
 51
82.6186649989
  0
ARC
  5
97
330
1F
100
AcDbEntity
  8
0
  6
Continuous
 62
     7
370
    25
100
AcDbCircle
 10
23993.5766954198
 20
2419.1596098259
 30
0.0
 40
2957.645573643681
100
AcDbArc
 50
82.6187061323
 51
87.48719821299999
  0
ARC
  5
98
330
1F
100
AcDbEntity
  8
0
  6
Continuous
 62
     7
370
    25
100
AcDbCircle
 10
23994.118374542
 20
2431.5261526578
 30
0.0
 40
2945.267173228686
100
AcDbArc
 50
87.487178308
 51
92.35017247280001
  0
ARC
  5
99
330
1F
100
AcDbEntity
  8
0
  6
Continuous
 62
     2
370
    25
100
AcDbCircle
 10
20152.9312858594
 20
5272.4686932613
 30
0.0
 40
63.07103210667515
100
AcDbArc
 50
89.83650922329999
 51
134.999986588
  0
ARC
  5
9A
330
1F
100
AcDbEntity
  8
0
  6
Continuous
 62
     2
370
    25
100
AcDbCircle
 10
20124.8933234298
 20
5300.506620632599
 30
0.0
 40
23.41939016741197
100
AcDbArc
 50
134.999903231
 51
174.2840209082
  0
ARC
  5
9B
330
1F
100
AcDbEntity
  8
0
  6
Continuous
 62
     2
370
    25
100
AcDbCircle
 10
22418.7709303357
 20
5070.9020081309
 30
0.0
 40
2328.759441775086
100
AcDbArc
 50
174.2840438492
 51
175.7636295032
  0
ARC
  5
9C
330
1F
100
AcDbEntity
  8
0
  6
Continuous
 62
     2
370
    25
100
AcDbCircle
 10
21729.5975361371
 20
5121.9505156583
 30
0.0
 40
1637.697999217107
100
AcDbArc
 50
175.7635918358
 51
178.2906916546
  0
ARC
  5
9D
330
1F
100
AcDbEntity
  8
0
  6
Continuous
 62
     2
370
    25
100
AcDbCircle
 10
22851.4178743852
 20
5088.4687160623
 30
0.0
 40
2760.017874385989
100
AcDbArc
 50
178.2905975442
 51
180.0000427196
  0
LINE
  5
9E
330
1F
100
AcDbEntity
  8
0
  6
Continuous
 62
     2
370
    25
100
AcDbLine
 10
20091.4
 20
5088.466658199999
 30
0.0
 11
20091.4
 21
4876.8
 31
0.0
  0
LINE
  5
9F
330
1F
100
AcDbEntity
  8
0
  6
Continuous
 62
     2
370
    25
100
AcDbLine
 10
20091.4
 20
4876.8
 30
0.0
 11
20371.3763006
 21
4876.8
 31
0.0
  0
LINE
  5
A0
330
1F
100
AcDbEntity
  8
0
  6
Continuous
 62
     2
370
    25
100
AcDbLine
 10
20371.3763006
 20
4876.8
 30
0.0
 11
20358.1
 21
2832.1
 31
0.0
  0
LINE
  5
A1
330
1F
100
AcDbEntity
  8
0
  6
Continuous
 62
     2
370
    25
100
AcDbLine
 10
20358.1
 20
2832.1
 30
0.0
 11
20089.3122216
 21
2816.672802
 31
0.0
  0
LINE
  5
A2
330
1F
100
AcDbEntity
  8
0
  6
Continuous
 62
     2
370
    25
100
AcDbLine
 10
20089.3122216
 20
2816.672802
 30
0.0
 11
20104.1
 21
2425.7
 31
0.0
  0
LINE
  5
A3
330
1F
100
AcDbEntity
  8
0
  6
Continuous
 62
     2
370
    25
100
AcDbLine
 10
20104.1
 20
2425.7
 30
0.0
 11
21361.4
 21
2412.112549400001
 31
0.0
  0
LINE
  5
A4
330
1F
100
AcDbEntity
  8
0
  6
Continuous
 62
     2
370
    25
100
AcDbLine
 10
21361.4
 20
2412.112549400001
 30
0.0
 11
21361.4
 21
2819.4
 31
0.0
  0
LINE
  5
A5
330
1F
100
AcDbEntity
  8
0
  6
Continuous
 62
     2
370
    25
100
AcDbLine
 10
21361.4
 20
2819.4
 30
0.0
 11
20955.0
 21
2819.4
 31
0.0
  0
LINE
  5
A6
330
1F
100
AcDbEntity
  8
0
  6
Continuous
 62
     2
370
    25
100
AcDbLine
 10
20955.0
 20
2819.4
 30
0.0
 11
20955.0
 21
3429.0
 31
0.0
  0
LINE
  5
A7
330
1F
100
AcDbEntity
  8
0
  6
Continuous
 62
     2
370
    25
100
AcDbLine
 10
20955.0
 20
3429.0
 30
0.0
 11
21286.535913
 21
3429.0
 31
0.0
  0
ARC
  5
A8
330
1F
100
AcDbEntity
  8
0
  6
Continuous
 62
     2
370
    25
100
AcDbCircle
 10
21286.5353459659
 20
7504.3426109479
 30
0.0
 40
4075.342610947916
100
AcDbArc
 50
270.000007972
 51
273.7878308011
  0
ARC
  5
A9
330
1F
100
AcDbEntity
  8
0
  6
Continuous
 62
     2
370
    25
100
AcDbCircle
 10
21444.7564508538
 20
5114.5241286083
 30
0.0
 40
1680.292236412346
100
AcDbArc
 50
273.7878529775
 51
281.1304294687
  0
ARC
  5
AA
330
1F
100
AcDbEntity
  8
0
  6
Continuous
 62
     2
370
    25
100
AcDbCircle
 10
21543.0001895521
 20
4615.1693991494
 30
0.0
 40
1171.364954745924
100
AcDbArc
 50
281.1304873272
 51
290.0977399855
  0
ARC
  5
AB
330
1F
100
AcDbEntity
  8
0
  6
Continuous
 62
     2
370
    25
100
AcDbCircle
 10
21634.3595040521
 20
4365.486373671699
 30
0.0
 40
905.49254632922
100
AcDbArc
 50
290.0977714906
 51
300.9741926648
  0
ARC
  5
AC
330
1F
100
AcDbEntity
  8
0
  6
Continuous
 62
     2
370
    25
100
AcDbCircle
 10
21674.6814866781
 20
4298.310750244399
 30
0.0
 40
827.1444342541682
100
AcDbArc
 50
300.974194672
 51
316.2029613921
  0
ARC
  5
AD
330
1F
100
AcDbEntity
  8
0
  6
Continuous
 62
     2
370
    25
100
AcDbCircle
 10
21794.1541993791
 20
4183.751983129201
 30
0.0
 40
661.6227130118926
100
AcDbArc
 50
316.2029868943
 51
334.2069257954
  0
ARC
  5
AE
330
1F
100
AcDbEntity
  8
0
  6
Continuous
 62
     2
370
    25
100
AcDbCircle
 10
21669.668481705
 20
4243.912027878599
 30
0.0
 40
799.8830648452837
100
AcDbArc
 50
334.2069347891
 51
350.330357764
  0
ARC
  5
AF
330
1F
100
AcDbEntity
  8
0
  6
Continuous
 62
     2
370
    25
100
AcDbCircle
 10
20862.311019049
 20
4381.474593743599
 30
0.0
 40
1618.876063614396
100
AcDbArc
 50
350.3304045507
 51
359.8452009699
  0
ARC
  5
B0
330
1F
100
AcDbEntity
  8
0
  6
Continuous
 62
     2
370
    25
100
AcDbCircle
 10
21060.4726144955
 20
4380.9383706802
 30
0.0
 40
1420.713742664407
100
AcDbArc
 50
359.8452347703
 51
12.3658714696
  0
ARC
  5
B1
330
1F
100
AcDbEntity
  8
0
  6
Continuous
 62
     2
370
    25
100
AcDbCircle
 10
21668.0669031521
 20
4514.1480551207
 30
0.0
 40
798.6883093934963
100
AcDbArc
 50
12.3658169265
 51
31.6362856225
  0
ARC
  5
B2
330
1F
100
AcDbEntity
  8
0
  6
Continuous
 62
     2
370
    25
100
AcDbCircle
 10
21763.5677466959
 20
4572.984771280399
 30
0.0
 40
686.5180357667817
100
AcDbArc
 50
31.6362287027
 51
52.6805236156
  0
ARC
  5
B3
330
1F
100
AcDbEntity
  8
0
  6
Continuous
 62
     2
370
    25
100
AcDbCircle
 10
21663.9870402257
 20
4442.3579228321
 30
0.0
 40
850.7729919676179
100
AcDbArc
 50
52.6805491006
 51
70.59861554600001
  0
ARC
  5
B4
330
1F
100
AcDbEntity
  8
0
  6
Continuous
 62
     2
370
    25
100
AcDbCircle
 10
21770.5478454959
 20
4744.930289274599
 30
0.0
 40
529.9845224826993
100
AcDbArc
 50
70.5986193258
 51
77.23459484760001
  0
ARC
  5
B5
330
1F
100
AcDbEntity
  8
0
  6
Continuous
 62
     2
370
    25
100
AcDbCircle
 10
21361.9242563332
 20
2941.314527485
 30
0.0
 40
2379.309549024711
100
AcDbArc
 50
77.2346603934
 51
79.4113761949
  0
ARC
  5
B6
330
1F
100
AcDbEntity
  8
0
  6
Continuous
 62
     2
370
    25
100
AcDbCircle
 10
21308.8312191922
 20
2657.2848889916
 30
0.0
 40
2668.258863137349
100
AcDbArc
 50
79.4114457921
 51
81.57189104910001
  0
ARC
  5
B7
330
1F
100
AcDbEntity
  8
0
  6
Continuous
 62
     2
370
    25
100
AcDbCircle
 10
21362.1725729318
 20
3017.290459709
 30
0.0
 40
2304.323002076199
100
AcDbArc
 50
81.5718879843
 51
83.983492923
  0
ARC
  5
B8
330
1F
100
AcDbEntity
  8
0
  6
Continuous
 62
     2
370
    25
100
AcDbCircle
 10
21262.9624391047
 20
2076.0307925274
 30
0.0
 40
3250.796674026516
100
AcDbArc
 50
83.9833952438
 51
88.92450510229998
  0
ARC
  5
B9
330
1F
100
AcDbEntity
  8
0
  6
Continuous
 62
     2
370
    25
100
AcDbCircle
 10
20540.8080630909
 20
-36389.9921336538
 30
0.0
 40
41723.59780287901
100
AcDbArc
 50
88.924468512
 51
89.68787465469999
  0
ARC
  5
BA
330
1F
100
AcDbEntity
  8
0
  6
Continuous
 62
     2
370
    25
100
AcDbCircle
 10
19475.6902005457
 20
-231930.2123546553
 30
0.0
 40
237266.7188788615
100
AcDbArc
 50
89.68790375360001
 51
89.8364143933
  0
ARC
  5
BB
330
1F
100
AcDbEntity
  8
0
  6
Continuous
 62
     2
370
    25
100
AcDbCircle
 10
21513.2191565073
 20
4467.9425790211
 30
0.0
 40
380.9777614382791
100
AcDbArc
 50
39.3858923682
 51
62.01381120609999
  0
ARC
  5
BC
330
1F
100
AcDbEntity
  8
0
  6
Continuous
 62
     2
370
    25
100
AcDbCircle
 10
21458.5233451936
 20
4423.0370186436
 30
0.0
 40
451.7459826112005
100
AcDbArc
 50
19.4713823817
 51
39.3859378544
  0
ARC
  5
BD
330
1F
100
AcDbEntity
  8
0
  6
Continuous
 62
     2
370
    25
100
AcDbCircle
 10
21363.9596064527
 20
4389.602673467299
 30
0.0
 40
552.0463122299816
100
AcDbArc
 50
1.662498962499999
 51
19.4714522865
  0
ARC
  5
BE
330
1F
100
AcDbEntity
  8
0
  6
Continuous
 62
     2
370
    25
100
AcDbCircle
 10
21116.6776619867
 20
4382.4246401013
 30
0.0
 40
799.432415763251
100
AcDbArc
 50
348.1689755472
 51
1.662561014799999
  0
ARC
  5
BF
330
1F
100
AcDbEntity
  8
0
  6
Continuous
 62
     2
370
    25
100
AcDbCircle
 10
21360.4398527165
 20
4331.362161781401
 30
0.0
 40
550.3794448483474
100
AcDbArc
 50
328.9342490521
 51
348.1689893214
  0
ARC
  5
C0
330
1F
100
AcDbEntity
  8
0
  6
Continuous
 62
     2
370
    25
100
AcDbCircle
 10
21571.4035816026
 20
4204.2729138659
 30
0.0
 40
304.0922713270232
100
AcDbArc
 50
298.9496355578
 51
328.9342043869
  0
ARC
  5
C1
330
1F
100
AcDbEntity
  8
0
  6
Continuous
 62
     2
370
    25
100
AcDbCircle
 10
21475.3847476457
 20
4377.856138346799
 30
0.0
 40
502.4625117752428
100
AcDbArc
 50
277.1003808951
 51
298.9495807937
  0
ARC
  5
C2
330
1F
100
AcDbEntity
  8
0
  6
Continuous
 62
     2
370
    25
100
AcDbCircle
 10
21249.0912711585
 20
6194.5269684132
 30
0.0
 40
2333.173205006929
100
AcDbArc
 50
270.1070374507
 51
277.1004515302
  0
LINE
  5
C3
330
1F
100
AcDbEntity
  8
0
  6
Continuous
 62
     2
370
    25
100
AcDbLine
 10
20955.0
 20
3860.800000000001
 30
0.0
 11
21253.45
 21
3861.357834800001
 31
0.0
  0
LINE
  5
C4
330
1F
100
AcDbEntity
  8
0
  6
Continuous
 62
     2
370
    25
100
AcDbLine
 10
20955.0
 20
4851.399999999999
 30
0.0
 11
20955.0
 21
3860.800000000001
 31
0.0
  0
LINE
  5
C5
330
1F
100
AcDbEntity
  8
0
  6
Continuous
 62
     2
370
    25
100
AcDbLine
 10
21279.2462908
 20
4851.399999999999
 30
0.0
 11
20955.0
 21
4851.399999999999
 31
0.0
  0
ARC
  5
C6
330
1F
100
AcDbEntity
  8
0
  6
Continuous
 62
     2
370
    25
100
AcDbCircle
 10
21279.2464741492
 20
-3118.1968338954
 30
0.0
 40
7969.596833895437
100
AcDbArc
 50
88.7459238129
 51
90.0000013182
  0
ARC
  5
C7
330
1F
100
AcDbEntity
  8
0
  6
Continuous
 62
     2
370
    25
100
AcDbCircle
 10
21428.5806324517
 20
3703.4458314756
 30
0.0
 40
1146.319809998046
100
AcDbArc
 50
83.4994559305
 51
88.7459159512
  0
ARC
  5
C8
330
1F
100
AcDbEntity
  8
0
  6
Continuous
 62
     2
370
    25
100
AcDbCircle
 10
21503.039676463
 20
4356.9129657352
 30
0.0
 40
488.624253686379
100
AcDbArc
 50
74.78205025369999
 51
83.4994073256
  0
ARC
  5
C9
330
1F
100
AcDbEntity
  8
0
  6
Continuous
 62
     2
370
    25
100
AcDbCircle
 10
21554.2430044888
 20
4545.141719549299
 30
0.0
 40
293.5554336183108
100
AcDbArc
 50
62.01384632199999
 51
74.78193357100001
  0
ARC
  5
CA
330
1F
100
AcDbEntity
  8
0
  6
Continuous
 62
     7
370
    25
100
AcDbCircle
 10
101627.1080732744
 20
5095.379125132801
 30
0.0
 40
84381.06889079772
100
AcDbArc
 50
180.7046485521
 51
181.0397140319
  0
ARC
  5
CB
330
1F
100
AcDbEntity
  8
0
  6
Continuous
 62
     7
370
    25
100
AcDbCircle
 10
21981.3499687137
 20
3649.9320338338
 30
0.0
 40
4722.195553649278
100
AcDbArc
 50
181.039689703
 51
183.7753186531
  0
ARC
  5
CC
330
1F
100
AcDbEntity
  8
0
  6
Continuous
 62
     7
370
    25
100
AcDbCircle
 10
18631.2326717016
 20
3428.8678120839
 30
0.0
 40
1364.792495648167
100
AcDbArc
 50
183.7753549239
 51
189.8049171502
  0
ARC
  5
CD
330
1F
100
AcDbEntity
  8
0
  6
Continuous
 62
     7
370
    25
100
AcDbCircle
 10
18137.9977109211
 20
3343.6278587679
 30
0.0
 40
864.2462178901672
100
AcDbArc
 50
189.8049244091
 51
198.2957098492
  0
ARC
  5
CE
330
1F
100
AcDbEntity
  8
0
  6
Continuous
 62
     7
370
    25
100
AcDbCircle
 10
18556.1216402442
 20
3481.8742365097
 30
0.0
 40
1304.632050122875
100
AcDbArc
 50
198.2957032016999
 51
209.1058099381
  0
ARC
  5
CF
330
1F
100
AcDbEntity
  8
0
  6
Continuous
 62
     7
370
    25
100
AcDbCircle
 10
18167.93894254649
 20
3265.7632764385
 30
0.0
 40
860.3463831757572
100
AcDbArc
 50
209.1058284288
 51
223.8736252551
  0
ARC
  5
D0
330
1F
100
AcDbEntity
  8
0
  6
Continuous
 62
     7
370
    25
100
AcDbCircle
 10
18147.8189873775
 20
3246.4191059952
 30
0.0
 40
832.4356410477964
100
AcDbArc
 50
223.8736185194
 51
238.9214348311
  0
ARC
  5
D1
330
1F
100
AcDbEntity
  8
0
  6
Continuous
 62
     7
370
    25
100
AcDbCircle
 10
18313.4612303917
 20
3521.2401285447
 30
0.0
 40
1153.315598517722
100
AcDbArc
 50
238.921443437
 51
250.7066413445
  0
ARC
  5
D2
330
1F
100
AcDbEntity
  8
0
  6
Continuous
 62
     7
370
    25
100
AcDbCircle
 10
18293.249212532
 20
3463.504993781401
 30
0.0
 40
1092.144760275946
100
AcDbArc
 50
250.7066895673
 51
256.3803334257
  0
ARC
  5
D3
330
1F
100
AcDbEntity
  8
0
  6
Continuous
 62
     7
370
    25
100
AcDbCircle
 10
18215.350211624
 20
3141.994877493801
 30
0.0
 40
761.332110552495
100
AcDbArc
 50
256.3803840337
 51
263.815912182
  0
ARC
  5
D4
330
1F
100
AcDbEntity
  8
0
  6
Continuous
 62
     7
370
    25
100
AcDbCircle
 10
18287.7860447619
 20
3810.528059832701
 30
0.0
 40
1433.778068089473
100
AcDbArc
 50
263.8160020134
 51
268.8091120061
  0
ARC
  5
D5
330
1F
100
AcDbEntity
  8
0
  6
Continuous
 62
     7
370
    25
100
AcDbCircle
 10
18465.8017906679
 20
12374.3996073566
 30
0.0
 40
9999.499607356783
100
AcDbArc
 50
268.809164975
 51
269.9999897397
  0
ARC
  5
D6
330
1F
100
AcDbEntity
  8
0
  6
Continuous
 62
     7
370
    25
100
AcDbCircle
 10
18465.7982093321
 20
12374.3996073566
 30
0.0
 40
9999.499607356783
100
AcDbArc
 50
270.0000102603
 51
271.190835025
  0
ARC
  5
D7
330
1F
100
AcDbEntity
  8
0
  6
Continuous
 62
     7
370
    25
100
AcDbCircle
 10
18643.8139552381
 20
3810.528059832701
 30
0.0
 40
1433.778068089473
100
AcDbArc
 50
271.1908879939
 51
276.1839979866
  0
ARC
  5
D8
330
1F
100
AcDbEntity
  8
0
  6
Continuous
 62
     7
370
    25
100
AcDbCircle
 10
18716.249788376
 20
3141.994877493801
 30
0.0
 40
761.3321105524947
100
AcDbArc
 50
276.184087818
 51
283.6196159663
  0
ARC
  5
D9
330
1F
100
AcDbEntity
  8
0
  6
Continuous
 62
     7
370
    25
100
AcDbCircle
 10
18638.350787468
 20
3463.504993781401
 30
0.0
 40
1092.144760275946
100
AcDbArc
 50
283.6196665743
 51
289.2933104327
  0
ARC
  5
DA
330
1F
100
AcDbEntity
  8
0
  6
Continuous
 62
     7
370
    25
100
AcDbCircle
 10
18618.1387696083
 20
3521.2401285447
 30
0.0
 40
1153.315598517722
100
AcDbArc
 50
289.2933586556
 51
301.078556563
  0
ARC
  5
DB
330
1F
100
AcDbEntity
  8
0
  6
Continuous
 62
     7
370
    25
100
AcDbCircle
 10
18783.7810126225
 20
3246.4191059952
 30
0.0
 40
832.4356410478058
100
AcDbArc
 50
301.0785651689
 51
316.1263814806
  0
ARC
  5
DC
330
1F
100
AcDbEntity
  8
0
  6
Continuous
 62
     7
370
    25
100
AcDbCircle
 10
18763.6610574535
 20
3265.7632764385
 30
0.0
 40
860.3463831757506
100
AcDbArc
 50
316.1263747449
 51
330.8941715712
  0
ARC
  5
DD
330
1F
100
AcDbEntity
  8
0
  6
Continuous
 62
     7
370
    25
100
AcDbCircle
 10
18375.4783597558
 20
3481.8742365097
 30
0.0
 40
1304.632050122877
100
AcDbArc
 50
330.8941900619
 51
341.7042967983
  0
ARC
  5
DE
330
1F
100
AcDbEntity
  8
0
  6
Continuous
 62
     7
370
    25
100
AcDbCircle
 10
18793.6022890789
 20
3343.6278587679
 30
0.0
 40
864.2462178901599
100
AcDbArc
 50
341.7042901508001
 51
350.1950755909
  0
ARC
  5
DF
330
1F
100
AcDbEntity
  8
0
  6
Continuous
 62
     7
370
    25
100
AcDbCircle
 10
18300.3673282984
 20
3428.8678120839
 30
0.0
 40
1364.792495648172
100
AcDbArc
 50
350.1950828498
 51
356.2246450761
  0
ARC
  5
E0
330
1F
100
AcDbEntity
  8
0
  6
Continuous
 62
     7
370
    25
100
AcDbCircle
 10
14950.2500312863
 20
3649.9320338338
 30
0.0
 40
4722.195553649284
100
AcDbArc
 50
356.2246813469
 51
358.960310297
  0
ARC
  5
E1
330
1F
100
AcDbEntity
  8
0
  6
Continuous
 62
     7
370
    25
100
AcDbCircle
 10
-64695.5080732744
 20
5095.3791251316
 30
0.0
 40
84381.06889079771
100
AcDbArc
 50
358.9602859681
 51
359.295351448
  0
LINE
  5
E2
330
1F
100
AcDbEntity
  8
0
  6
Continuous
 62
     7
370
    25
100
AcDbLine
 10
19679.1795138
 20
4057.65
 30
0.0
 11
19689.2549064
 21
4876.8
 31
0.0
  0
LINE
  5
E3
330
1F
100
AcDbEntity
  8
0
  6
Continuous
 62
     7
370
    25
100
AcDbLine
 10
19689.2549064
 20
4876.8
 30
0.0
 11
19913.6
 21
4876.8
 31
0.0
  0
LINE
  5
E4
330
1F
100
AcDbEntity
  8
0
  6
Continuous
 62
     7
370
    25
100
AcDbLine
 10
19913.6
 20
4876.8
 30
0.0
 11
19913.6
 21
5334.9537446
 31
0.0
  0
LINE
  5
E5
330
1F
100
AcDbEntity
  8
0
  6
Continuous
 62
     7
370
    25
100
AcDbLine
 10
19913.6
 20
5334.9537446
 30
0.0
 11
18757.9
 21
5321.3
 31
0.0
  0
LINE
  5
E6
330
1F
100
AcDbEntity
  8
0
  6
Continuous
 62
     7
370
    25
100
AcDbLine
 10
18757.9
 20
5321.3
 30
0.0
 11
18743.2222036
 21
4876.8
 31
0.0
  0
LINE
  5
E7
330
1F
100
AcDbEntity
  8
0
  6
Continuous
 62
     7
370
    25
100
AcDbLine
 10
18743.2222036
 20
4876.8
 30
0.0
 11
19105.0549064
 21
4876.8
 31
0.0
  0
LINE
  5
E8
330
1F
100
AcDbEntity
  8
0
  6
Continuous
 62
     7
370
    25
100
AcDbLine
 10
19105.0549064
 20
4876.8
 30
0.0
 11
19095.6340464
 21
4057.65
 31
0.0
  0
ARC
  5
E9
330
1F
100
AcDbEntity
  8
0
  6
Continuous
 62
     7
370
    25
100
AcDbCircle
 10
-25381.7964070574
 20
4569.2030249532
 30
0.0
 40
44480.37214591934
100
AcDbArc
 50
358.5698487004
 51
359.3410469818
  0
ARC
  5
EA
330
1F
100
AcDbEntity
  8
0
  6
Continuous
 62
     7
370
    25
100
AcDbCircle
 10
17366.8781265826
 20
3501.9382083106
 30
0.0
 40
1718.377003364065
100
AcDbArc
 50
350.4198655230001
 51
358.5698469443
  0
ARC
  5
EB
330
1F
100
AcDbEntity
  8
0
  6
Continuous
 62
     7
370
    25
100
AcDbCircle
 10
18632.6227512978
 20
3288.304184520901
 30
0.0
 40
434.7302641425361
100
AcDbArc
 50
329.9969102521
 51
350.4199604875
  0
ARC
  5
EC
330
1F
100
AcDbEntity
  8
0
  6
Continuous
 62
     7
370
    25
100
AcDbCircle
 10
18586.0696362787
 20
3315.1842253082
 30
0.0
 40
488.4864648111562
100
AcDbArc
 50
311.2834872118
 51
329.9969874545
  0
ARC
  5
ED
330
1F
100
AcDbEntity
  8
0
  6
Continuous
 62
     7
370
    25
100
AcDbCircle
 10
18595.436773195
 20
3304.5156341793
 30
0.0
 40
474.2892083619602
100
AcDbArc
 50
298.5010065165
 51
311.2834874843
  0
ARC
  5
EE
330
1F
100
AcDbEntity
  8
0
  6
Continuous
 62
     7
370
    25
100
AcDbCircle
 10
18599.6449099623
 20
3296.767092259801
 30
0.0
 40
465.4717077882692
100
AcDbArc
 50
285.5372646752
 51
298.5009150531
  0
ARC
  5
EF
330
1F
100
AcDbEntity
  8
0
  6
Continuous
 62
     7
370
    25
100
AcDbCircle
 10
18545.9456919616
 20
3489.9128608618
 30
0.0
 40
665.9433864431427
100
AcDbArc
 50
275.0006543899
 51
285.5372522179
  0
ARC
  5
F0
330
1F
100
AcDbEntity
  8
0
  6
Continuous
 62
     7
370
    25
100
AcDbCircle
 10
18444.5316441773
 20
4648.9432280323
 30
0.0
 40
1829.402109866935
100
AcDbArc
 50
270.0439265057
 51
275.0006135505
  0
ARC
  5
F1
330
1F
100
AcDbEntity
  8
0
  6
Continuous
 62
     7
370
    25
100
AcDbCircle
 10
18445.0827004309
 20
3930.236436917701
 30
0.0
 40
1110.695107495848
100
AcDbArc
 50
260.1676658889
 51
270.0439238826
  0
ARC
  5
F2
330
1F
100
AcDbEntity
  8
0
  6
Continuous
 62
     7
370
    25
100
AcDbCircle
 10
18338.9721304387
 20
3317.9866531413
 30
0.0
 40
489.3182083461486
100
AcDbArc
 50
241.9419878868001
 51
260.1677594406
  0
ARC
  5
F3
330
1F
100
AcDbEntity
  8
0
  6
Continuous
 62
     7
370
    25
100
AcDbCircle
 10
18308.1760283199
 20
3260.2099376187
 30
0.0
 40
423.8464681679557
100
AcDbArc
 50
222.0816398118
 51
241.9420594007
  0
ARC
  5
F4
330
1F
100
AcDbEntity
  8
0
  6
Continuous
 62
     7
370
    25
100
AcDbCircle
 10
18505.3641846457
 20
3438.2692931277
 30
0.0
 40
689.5310613966979
100
AcDbArc
 50
208.2878026396
 51
222.08169703
  0
ARC
  5
F5
330
1F
100
AcDbEntity
  8
0
  6
Continuous
 62
     7
370
    25
100
AcDbCircle
 10
18183.9003504672
 20
3265.2673532787
 30
0.0
 40
324.4712472892629
100
AcDbArc
 50
191.8381088081
 51
208.2878393404
  0
ARC
  5
F6
330
1F
100
AcDbEntity
  8
0
  6
Continuous
 62
     7
370
    25
100
AcDbCircle
 10
18700.1969502299
 20
3373.486532971301
 30
0.0
 40
851.987663886538
100
AcDbArc
 50
183.8367327691999
 51
191.838158957
  0
ARC
  5
F7
330
1F
100
AcDbEntity
  8
0
  6
Continuous
 62
     7
370
    25
100
AcDbCircle
 10
21744.1800869189
 20
3577.628243391301
 30
0.0
 40
3902.80840171768
100
AcDbArc
 50
180.8107799866
 51
183.8367380314
  0
ARC
  5
F8
330
1F
100
AcDbEntity
  8
0
  6
Continuous
 62
     7
370
    25
100
AcDbCircle
 10
130846.2385571196
 20
5121.4479794025
 30
0.0
 40
113015.7890310245
100
AcDbArc
 50
180.5457620048
 51
180.8106975712
  0
LINE
  5
F9
330
1F
100
AcDbEntity
  8
0
  6
Continuous
 62
     7
370
    25
100
AcDbLine
 10
17835.5765716
 20
4044.95
 30
0.0
 11
17827.6531686
 21
4876.8
 31
0.0
  0
LINE
  5
FA
330
1F
100
AcDbEntity
  8
0
  6
Continuous
 62
     7
370
    25
100
AcDbLine
 10
17827.6531686
 20
4876.8
 30
0.0
 11
18161.0
 21
4876.8
 31
0.0
  0
LINE
  5
FB
330
1F
100
AcDbEntity
  8
0
  6
Continuous
 62
     7
370
    25
100
AcDbLine
 10
18161.0
 20
4876.8
 30
0.0
 11
18161.0
 21
5334.0
 31
0.0
  0
LINE
  5
FC
330
1F
100
AcDbEntity
  8
0
  6
Continuous
 62
     7
370
    25
100
AcDbLine
 10
18161.0
 20
5334.0
 30
0.0
 11
17018.0
 21
5334.0
 31
0.0
  0
LINE
  5
FD
330
1F
100
AcDbEntity
  8
0
  6
Continuous
 62
     7
370
    25
100
AcDbLine
 10
17018.0
 20
5334.0
 30
0.0
 11
17018.0
 21
4876.8
 31
0.0
  0
LINE
  5
FE
330
1F
100
AcDbEntity
  8
0
  6
Continuous
 62
     7
370
    25
100
AcDbLine
 10
17018.0
 20
4876.8
 30
0.0
 11
17242.3450936
 21
4876.8
 31
0.0
  0
LINE
  5
FF
330
1F
100
AcDbEntity
  8
0
  6
Continuous
 62
     7
370
    25
100
AcDbLine
 10
17242.3450936
 20
4876.8
 30
0.0
 11
17252.4204862
 21
4057.65
 31
0.0
  0
ARC
  5
100
330
1F
100
AcDbEntity
  8
0
  6
Continuous
 62
     7
370
    25
100
AcDbCircle
 10
14063.5536002673
 20
5427.9568062258
 30
0.0
 40
3762.365497662079
100
AcDbArc
 50
121.2209301788
 51
122.8758327109
  0
ARC
  5
101
330
1F
100
AcDbEntity
  8
0
  6
Continuous
 62
     7
370
    25
100
AcDbCircle
 10
12879.4015617644
 20
7260.0745729757
 30
0.0
 40
1580.881699527631
100
AcDbArc
 50
122.8758993579
 51
132.6320568139
  0
ARC
  5
102
330
1F
100
AcDbEntity
  8
0
  6
Continuous
 62
     7
370
    25
100
AcDbCircle
 10
13367.8488146824
 20
6729.490093954699
 30
0.0
 40
2302.061710523591
100
AcDbArc
 50
132.6320871374
 51
139.9934373117
  0
ARC
  5
103
330
1F
100
AcDbEntity
  8
0
  6
Continuous
 62
     7
370
    25
100
AcDbCircle
 10
13381.1660465463
 20
6718.311836540999
 30
0.0
 40
2319.448547571222
100
AcDbArc
 50
139.9934151083
 51
147.3309547409
  0
ARC
  5
104
330
1F
100
AcDbEntity
  8
0
  6
Continuous
 62
     7
370
    25
100
AcDbCircle
 10
12821.8850738773
 20
7076.9367107353
 30
0.0
 40
1655.06386474041
100
AcDbArc
 50
147.3309377181
 51
156.7805286951
  0
ARC
  5
105
330
1F
100
AcDbEntity
  8
0
  6
Continuous
 62
     7
370
    25
100
AcDbCircle
 10
12731.9666721169
 20
7115.512341350402
 30
0.0
 40
1557.220120676949
100
AcDbArc
 50
156.7805414763
 51
166.9237462714
  0
ARC
  5
106
330
1F
100
AcDbEntity
  8
0
  6
Continuous
 62
     7
370
    25
100
AcDbCircle
 10
13670.3770451067
 20
6897.5487948102
 30
0.0
 40
2520.611077534017
100
AcDbArc
 50
166.9237781835
 51
173.9950411793
  0
ARC
  5
107
330
1F
100
AcDbEntity
  8
0
  6
Continuous
 62
     7
370
    25
100
AcDbCircle
 10
13712.5542704875
 20
6893.1126279601
 30
0.0
 40
2563.020957478105
100
AcDbArc
 50
173.9950529372
 51
181.0189198743
  0
ARC
  5
108
330
1F
100
AcDbEntity
  8
0
  6
Continuous
 62
     7
370
    25
100
AcDbCircle
 10
12887.6438150681
 20
6878.440112444001
 30
0.0
 40
1737.980023845273
100
AcDbArc
 50
181.0188813646
 51
190.4163068851
  0
ARC
  5
109
330
1F
100
AcDbEntity
  8
0
  6
Continuous
 62
     7
370
    25
100
AcDbCircle
 10
12592.9930300565
 20
6824.273547071
 30
0.0
 40
1438.391803265451
100
AcDbArc
 50
190.416254502
 51
197.3579210546
  0
ARC
  5
10A
330
1F
100
AcDbEntity
  8
0
  6
Continuous
 62
     7
370
    25
100
AcDbCircle
 10
13658.141467995
 20
7157.2104674714
 30
0.0
 40
2554.361421045225
100
AcDbArc
 50
197.357889418
 51
201.8735874812
  0
ARC
  5
10B
330
1F
100
AcDbEntity
  8
0
  6
Continuous
 62
     7
370
    25
100
AcDbCircle
 10
13691.2483973386
 20
7170.4991633895
 30
0.0
 40
2590.035756421483
100
AcDbArc
 50
201.8735365799
 51
206.3676997527
  0
ARC
  5
10C
330
1F
100
AcDbEntity
  8
0
  6
Continuous
 62
     7
370
    25
100
AcDbCircle
 10
12803.8185890458
 20
6730.5975659816
 30
0.0
 40
1599.558558275488
100
AcDbArc
 50
206.3676675322
 51
212.8158659974
  0
ARC
  5
10D
330
1F
100
AcDbEntity
  8
0
  6
Continuous
 62
     7
370
    25
100
AcDbCircle
 10
12168.9747701289
 20
6321.2197146908
 30
0.0
 40
844.1666735266002
100
AcDbArc
 50
212.8158617523
 51
219.6712045301
  0
ARC
  5
10E
330
1F
100
AcDbEntity
  8
0
  6
Continuous
 62
     7
370
    25
100
AcDbCircle
 10
15071.966267745
 20
8728.863062288102
 30
0.0
 40
4615.652604092915
100
AcDbArc
 50
219.671175166
 51
221.6198722555
  0
ARC
  5
10F
330
1F
100
AcDbEntity
  8
0
  6
Continuous
 62
     7
370
    25
100
AcDbCircle
 10
15514.3755875655
 20
9121.924478396399
 30
0.0
 40
5207.449260972725
100
AcDbArc
 50
221.6198521835
 51
223.5751951012
  0
ARC
  5
110
330
1F
100
AcDbEntity
  8
0
  6
Continuous
 62
     7
370
    25
100
AcDbCircle
 10
15288.1359356819
 20
8906.670869374
 30
0.0
 40
4895.169744723787
100
AcDbArc
 50
223.5752358857
 51
225.6233908842
  0
ARC
  5
111
330
1F
100
AcDbEntity
  8
0
  6
Continuous
 62
     7
370
    25
100
AcDbCircle
 10
5520.287053999901
 20
-1076.0937180419
 30
0.0
 40
9071.449766926532
100
AcDbArc
 50
44.1952122517
 51
45.6234629535
  0
ARC
  5
112
330
1F
100
AcDbEntity
  8
0
  6
Continuous
 62
     7
370
    25
100
AcDbCircle
 10
10773.5539473347
 20
4031.632024374699
 30
0.0
 40
1744.398838186465
100
AcDbArc
 50
39.3500641975
 51
44.1951900969
  0
ARC
  5
113
330
1F
100
AcDbEntity
  8
0
  6
Continuous
 62
     7
370
    25
100
AcDbCircle
 10
11396.0668215091
 20
4542.0633109941
 30
0.0
 40
939.3756230736324
100
AcDbArc
 50
32.320177663
 51
39.3499977612
  0
ARC
  5
114
330
1F
100
AcDbEntity
  8
0
  6
Continuous
 62
     7
370
    25
100
AcDbCircle
 10
11426.9997562254
 20
4561.6348215757
 30
0.0
 40
902.771108660668
100
AcDbArc
 50
25.0775846792
 51
32.3201095199
  0
ARC
  5
115
330
1F
100
AcDbEntity
  8
0
  6
Continuous
 62
     7
370
    25
100
AcDbCircle
 10
11097.4681734932
 20
4407.4296453995
 30
0.0
 40
1266.598403370931
100
AcDbArc
 50
13.2546096267
 51
25.0775225227
  0
ARC
  5
116
330
1F
100
AcDbEntity
  8
0
  6
Continuous
 62
     7
370
    25
100
AcDbCircle
 10
11119.8247018069
 20
4412.6950773609
 30
0.0
 40
1243.630183338234
100
AcDbArc
 50
1.268305285799999
 51
13.2546423668
  0
ARC
  5
117
330
1F
100
AcDbEntity
  8
0
  6
Continuous
 62
     7
370
    25
100
AcDbCircle
 10
11140.2960093951
 20
4413.147433287999
 30
0.0
 40
1223.153878508513
100
AcDbArc
 50
349.1780182251
 51
1.268346173199999
  0
ARC
  5
118
330
1F
100
AcDbEntity
  8
0
  6
Continuous
 62
     7
370
    25
100
AcDbCircle
 10
11186.9460598729
 20
4404.230060906099
 30
0.0
 40
1175.659176280162
100
AcDbArc
 50
336.7231832737
 51
349.1780110059
  0
LINE
  5
119
330
1F
100
AcDbEntity
  8
0
  6
Continuous
 62
     7
370
    25
100
AcDbLine
 10
12266.9140488
 20
3939.6403046
 30
0.0
 11
12208.1541968
 21
3803.0493662
 31
0.0
  0
LINE
  5
11A
330
1F
100
AcDbEntity
  8
0
  6
Continuous
 62
     7
370
    25
100
AcDbLine
 10
12208.1541968
 20
3803.0493662
 30
0.0
 11
11990.5270984
 21
3818.566277000001
 31
0.0
  0
ARC
  5
11B
330
1F
100
AcDbEntity
  8
0
  6
Continuous
 62
     7
370
    25
100
AcDbCircle
 10
12143.9157242383
 20
5969.8881460942
 30
0.0
 40
2156.783219282689
100
AcDbArc
 50
257.2245109579
 51
265.9217290129
  0
ARC
  5
11C
330
1F
100
AcDbEntity
  8
0
  6
Continuous
 62
     7
370
    25
100
AcDbCircle
 10
12262.1356527925
 20
6491.265658637901
 30
0.0
 40
2691.395660302824
100
AcDbArc
 50
249.8578867533001
 51
257.2245026991
  0
ARC
  5
11D
330
1F
100
AcDbEntity
  8
0
  6
Continuous
 62
     7
370
    25
100
AcDbCircle
 10
12280.8642250535
 20
6542.3225839225
 30
0.0
 40
2745.779196741486
100
AcDbArc
 50
242.5608354187
 51
249.8578509769
  0
ARC
  5
11E
330
1F
100
AcDbEntity
  8
0
  6
Continuous
 62
     7
370
    25
100
AcDbCircle
 10
12121.5408496128
 20
6235.470509046801
 30
0.0
 40
2400.030539741428
100
AcDbArc
 50
234.4889111367
 51
242.5608389597
  0
ARC
  5
11F
330
1F
100
AcDbEntity
  8
0
  6
Continuous
 62
     7
370
    25
100
AcDbCircle
 10
12087.2461722249
 20
6187.4084129243
 30
0.0
 40
2340.987420084559
100
AcDbArc
 50
223.8756660635
 51
234.4888768899
  0
ARC
  5
120
330
1F
100
AcDbEntity
  8
0
  6
Continuous
 62
     7
370
    25
100
AcDbCircle
 10
12356.2986309633
 20
6446.103035063901
 30
0.0
 40
2714.232826053743
100
AcDbArc
 50
214.3768796138
 51
223.8756608035
  0
ARC
  5
121
330
1F
100
AcDbEntity
  8
0
  6
Continuous
 62
     7
370
    25
100
AcDbCircle
 10
12402.8817001904
 20
6477.974025137699
 30
0.0
 40
2770.675206785937
100
AcDbArc
 50
204.9746920029
 51
214.3769222773
  0
ARC
  5
122
330
1F
100
AcDbEntity
  8
0
  6
Continuous
 62
     7
370
    25
100
AcDbCircle
 10
12240.328167287
 20
6402.2652658246
 30
0.0
 40
2591.355750832692
100
AcDbArc
 50
195.0886736481
 51
204.9747682082
  0
ARC
  5
123
330
1F
100
AcDbEntity
  8
0
  6
Continuous
 62
     7
370
    25
100
AcDbCircle
 10
10971.3967677452
 20
6060.1513903421
 30
0.0
 40
1277.114981209808
100
AcDbArc
 50
183.4633005198
 51
195.0887169593
  0
ARC
  5
124
330
1F
100
AcDbEntity
  8
0
  6
Continuous
 62
     7
370
    25
100
AcDbCircle
 10
15156.4560525222
 20
6313.432249923
 30
0.0
 40
5469.831572028601
100
AcDbArc
 50
179.5167223676
 51
183.4633238738
  0
ARC
  5
125
330
1F
100
AcDbEntity
  8
0
  6
Continuous
 62
     7
370
    25
100
AcDbCircle
 10
15145.8062822429
 20
6313.5232272795
 30
0.0
 40
5459.181413223927
100
AcDbArc
 50
175.5495125632
 51
179.5167344021
  0
ARC
  5
126
330
1F
100
AcDbEntity
  8
0
  6
Continuous
 62
     7
370
    25
100
AcDbCircle
 10
11067.1977974919
 20
6630.9698921816
 30
0.0
 40
1368.237810955817
100
AcDbArc
 50
164.452868365
 51
175.5494860712
  0
ARC
  5
127
330
1F
100
AcDbEntity
  8
0
  6
Continuous
 62
     7
370
    25
100
AcDbCircle
 10
11657.4294882273
 20
6466.761236833
 30
0.0
 40
1980.886104220168
100
AcDbArc
 50
158.2678031203
 51
164.4528701974
  0
ARC
  5
128
330
1F
100
AcDbEntity
  8
0
  6
Continuous
 62
     7
370
    25
100
AcDbCircle
 10
13053.8361724871
 20
5910.1573018286
 30
0.0
 40
3484.135773537792
100
AcDbArc
 50
154.2153962561
 51
158.2678481182
  0
ARC
  5
129
330
1F
100
AcDbEntity
  8
0
  6
Continuous
 62
     7
370
    25
100
AcDbCircle
 10
13026.3799432663
 20
5923.4226014218
 30
0.0
 40
3453.642943325135
100
AcDbArc
 50
150.1521991791
 51
154.2154192713
  0
ARC
  5
12A
330
1F
100
AcDbEntity
  8
0
  6
Continuous
 62
     7
370
    25
100
AcDbCircle
 10
11626.2582148763
 20
6726.832416180499
 30
0.0
 40
1839.391356750147
100
AcDbArc
 50
143.641041312
 51
150.1522147677
  0
ARC
  5
12B
330
1F
100
AcDbEntity
  8
0
  6
Continuous
 62
     7
370
    25
100
AcDbCircle
 10
5832.6855631256
 20
10991.824068678
 30
0.0
 40
5354.74777639086
100
AcDbArc
 50
323.6410081509
 51
324.4557507034
  0
ARC
  5
12C
330
1F
100
AcDbEntity
  8
0
  6
Continuous
 62
     7
370
    25
100
AcDbCircle
 10
7749.592469308201
 20
9622.2738645959
 30
0.0
 40
2998.861563419085
100
AcDbArc
 50
324.4557340229
 51
325.7132491717
  0
ARC
  5
12D
330
1F
100
AcDbEntity
  8
0
  6
Continuous
 62
     7
370
    25
100
AcDbCircle
 10
4401.2234006064
 20
11905.2432987689
 30
0.0
 40
7051.456393599721
100
AcDbArc
 50
325.7132402901
 51
326.1720642794
  0
ARC
  5
12E
330
1F
100
AcDbEntity
  8
0
  6
Continuous
 62
     7
370
    25
100
AcDbCircle
 10
10246.0102564627
 20
7988.3713162975
 30
0.0
 40
15.58974353734245
100
AcDbArc
 50
326.1720812714
 51
0.0001187189
  0
ARC
  5
12F
330
1F
100
AcDbEntity
  8
0
  6
Continuous
 62
     7
370
    25
100
AcDbCircle
 10
10231.9929177444
 20
7988.371368139599
 30
0.0
 40
29.60708225558402
100
AcDbArc
 50
359.9999621869
 51
130.8959185518
  0
ARC
  5
130
330
1F
100
AcDbEntity
  8
0
  6
Continuous
 62
     7
370
    25
100
AcDbCircle
 10
13101.089951547
 20
4675.7185807671
 30
0.0
 40
4412.002121393586
100
AcDbArc
 50
130.8959204147
 51
134.9215661795
  0
ARC
  5
131
330
1F
100
AcDbEntity
  8
0
  6
Continuous
 62
     7
370
    25
100
AcDbCircle
 10
13139.3037030092
 20
4637.4022975233
 30
0.0
 40
4466.117076442808
100
AcDbArc
 50
134.9215864308
 51
139.6526289487
  0
ARC
  5
132
330
1F
100
AcDbEntity
  8
0
  6
Continuous
 62
     7
370
    25
100
AcDbCircle
 10
11877.0035830643
 20
5709.7053526772
 30
0.0
 40
2809.845530196579
100
AcDbArc
 50
139.6526165175
 51
146.3472133069
  0
ARC
  5
133
330
1F
100
AcDbEntity
  8
0
  6
Continuous
 62
     7
370
    25
100
AcDbCircle
 10
12238.8777255969
 20
5468.797611955301
 30
0.0
 40
3244.574681015421
100
AcDbArc
 50
146.3472386417
 51
166.209023028
  0
ARC
  5
134
330
1F
100
AcDbEntity
  8
0
  6
Continuous
 62
     7
370
    25
100
AcDbCircle
 10
12207.3973364838
 20
5476.5250382691
 30
0.0
 40
3212.159745938726
100
AcDbArc
 50
166.2090292225
 51
186.220932692
  0
ARC
  5
135
330
1F
100
AcDbEntity
  8
0
  6
Continuous
 62
     7
370
    25
100
AcDbCircle
 10
12190.7396220505
 20
5474.711773998
 30
0.0
 40
3195.403631495127
100
AcDbArc
 50
186.2209772633
 51
206.2908766843
  0
ARC
  5
136
330
1F
100
AcDbEntity
  8
0
  6
Continuous
 62
     7
370
    25
100
AcDbCircle
 10
12179.5673166821
 20
5469.1964844774
 30
0.0
 40
3182.944144686065
100
AcDbArc
 50
206.2909443763
 51
226.4197468512
  0
ARC
  5
137
330
1F
100
AcDbEntity
  8
0
  6
Continuous
 62
     7
370
    25
100
AcDbCircle
 10
12366.2215936615
 20
5665.3357270215
 30
0.0
 40
3453.703117903951
100
AcDbArc
 50
226.4197196994
 51
236.7669475638
  0
ARC
  5
138
330
1F
100
AcDbEntity
  8
0
  6
Continuous
 62
     7
370
    25
100
AcDbCircle
 10
12123.9358155075
 20
5295.5479447147
 30
0.0
 40
3011.611043514958
100
AcDbArc
 50
236.766926092
 51
248.2334641916
  0
ARC
  5
139
330
1F
100
AcDbEntity
  8
0
  6
Continuous
 62
     7
370
    25
100
AcDbCircle
 10
12122.7062971623
 20
5292.4653234526
 30
0.0
 40
3008.292268496449
100
AcDbArc
 50
248.2334402382
 51
259.7068366245
  0
ARC
  5
13A
330
1F
100
AcDbEntity
  8
0
  6
Continuous
 62
     7
370
    25
100
AcDbCircle
 10
12199.4416234003
 20
5714.9839258599
 30
0.0
 40
3437.722448696448
100
AcDbArc
 50
259.7067913304
 51
270.0876402642
  0
ARC
  5
13B
330
1F
100
AcDbEntity
  8
0
  6
Continuous
 62
     7
370
    25
100
AcDbCircle
 10
12199.1523143151
 20
5903.8684169911
 30
0.0
 40
3626.607161390519
100
AcDbArc
 50
270.0876464104
 51
277.7221194734
  0
ARC
  5
13C
330
1F
100
AcDbEntity
  8
0
  6
Continuous
 62
     7
370
    25
100
AcDbCircle
 10
12291.140447923
 20
5225.496055022801
 30
0.0
 40
2942.026356661949
100
AcDbArc
 50
277.7220828165
 51
286.6531797271
  0
ARC
  5
13D
330
1F
100
AcDbEntity
  8
0
  6
Continuous
 62
     7
370
    25
100
AcDbCircle
 10
12304.7365987996
 20
5180.052607431401
 30
0.0
 40
2894.592589790296
100
AcDbArc
 50
286.6531241497
 51
295.6627105019
  0
ARC
  5
13E
330
1F
100
AcDbEntity
  8
0
  6
Continuous
 62
     7
370
    25
100
AcDbCircle
 10
12094.0583017353
 20
5618.538950416801
 30
0.0
 40
3381.065217836834
100
AcDbArc
 50
295.6627171882
 51
303.6815400247
  0
ARC
  5
13F
330
1F
100
AcDbEntity
  8
0
  6
Continuous
 62
     7
370
    25
100
AcDbCircle
 10
12094.7859496634
 20
5617.4465707414
 30
0.0
 40
3379.752676497431
100
AcDbArc
 50
303.6815452495
 51
313.9180720294
  0
ARC
  5
140
330
1F
100
AcDbEntity
  8
0
  6
Continuous
 62
     7
370
    25
100
AcDbCircle
 10
12256.5768546031
 20
5449.429809750101
 30
0.0
 40
3146.501891094103
100
AcDbArc
 50
313.9180371396
 51
324.7185395655
  0
ARC
  5
141
330
1F
100
AcDbEntity
  8
0
  6
Continuous
 62
     7
370
    25
100
AcDbCircle
 10
12280.6197772585
 20
5432.416783825
 30
0.0
 40
3117.048450213835
100
AcDbArc
 50
324.718560047
 51
335.572571718
  0
ARC
  5
142
330
1F
100
AcDbEntity
  8
0
  6
Continuous
 62
     7
370
    25
100
AcDbCircle
 10
12167.5003225055
 20
5483.7932361914
 30
0.0
 40
3241.288342751581
100
AcDbArc
 50
335.57260579
 51
346.1130914987001
  0
ARC
  5
143
330
1F
100
AcDbEntity
  8
0
  6
Continuous
 62
     7
370
    25
100
AcDbCircle
 10
12132.1610761288
 20
5492.530265397199
 30
0.0
 40
3277.691612025408
100
AcDbArc
 50
346.1130911832
 51
357.9636613303
  0
ARC
  5
144
330
1F
100
AcDbEntity
  8
0
  6
Continuous
 62
     7
370
    25
100
AcDbCircle
 10
12259.4962405173
 20
5488.0033043915
 30
0.0
 40
3150.276002834463
100
AcDbArc
 50
357.9636514986
 51
10.1719059146
  0
ARC
  5
145
330
1F
100
AcDbEntity
  8
0
  6
Continuous
 62
     7
370
    25
100
AcDbCircle
 10
12243.1839778266
 20
5485.0778623791
 30
0.0
 40
3166.848513909302
100
AcDbArc
 50
10.1718820408
 51
22.3463132453
  0
ARC
  5
146
330
1F
100
AcDbEntity
  8
0
  6
Continuous
 62
     7
370
    25
100
AcDbCircle
 10
12070.5015894342
 20
5414.0905168413
 30
0.0
 40
3353.552585862984
100
AcDbArc
 50
22.3463451892
 51
34.0087935395
  0
ARC
  5
147
330
1F
100
AcDbEntity
  8
0
  6
Continuous
 62
     7
370
    25
100
AcDbCircle
 10
13297.0473605709
 20
6241.6778147733
 30
0.0
 40
1873.919095979195
100
AcDbArc
 50
34.0088490337
 51
40.441246348
  0
ARC
  5
148
330
1F
100
AcDbEntity
  8
0
  6
Continuous
 62
     7
370
    25
100
AcDbCircle
 10
8506.708756625901
 20
2158.8335394844
 30
0.0
 40
8168.119705802737
100
AcDbArc
 50
40.44122838889999
 51
42.59709038999999
  0
ARC
  5
149
330
1F
100
AcDbEntity
  8
0
  6
Continuous
 62
     7
370
    25
100
AcDbCircle
 10
6130.437158037
 20
-26.0237211158
 30
0.0
 40
11396.16368929866
100
AcDbArc
 50
42.5970393604
 51
44.1263556079
  0
ARC
  5
14A
330
1F
100
AcDbEntity
  8
0
  6
Continuous
 62
     7
370
    25
100
AcDbCircle
 10
14034.008158042
 20
7640.122789409499
 30
0.0
 40
385.4308856676832
100
AcDbArc
 50
44.1263015368
 51
61.84504249479999
  0
ARC
  5
14B
330
1F
100
AcDbEntity
  8
0
  6
Continuous
 62
     7
370
    25
100
AcDbCircle
 10
14163.5563652333
 20
7882.186185250301
 30
0.0
 40
110.8813899616587
100
AcDbArc
 50
61.8449771951
 51
84.58273763359999
  0
ARC
  5
14C
330
1F
100
AcDbEntity
  8
0
  6
Continuous
 62
     7
370
    25
100
AcDbCircle
 10
14172.865941116
 20
7980.355428712299
 30
0.0
 40
12.27171211500369
100
AcDbArc
 50
84.58277547119999
 51
194.3911847314
  0
ARC
  5
14D
330
1F
100
AcDbEntity
  8
0
  6
Continuous
 62
     7
370
    25
100
AcDbCircle
 10
14327.2086242939
 20
8019.958595528901
 30
0.0
 40
171.6143450555773
100
AcDbArc
 50
194.3911886629
 51
213.3912814722
  0
ARC
  5
14E
330
1F
100
AcDbEntity
  8
0
  6
Continuous
 62
     7
370
    25
100
AcDbCircle
 10
17111.5235001271
 20
9855.273439917702
 30
0.0
 40
3506.399181565893
100
AcDbArc
 50
213.3913534846
 51
215.5105493766
  0
ARC
  5
14F
330
1F
100
AcDbEntity
  8
0
  6
Continuous
 62
     7
370
    25
100
AcDbCircle
 10
12033.5204888507
 20
6231.7549888778
 30
0.0
 40
2731.86985299548
100
AcDbArc
 50
26.4440406217
 51
35.510604866
  0
ARC
  5
150
330
1F
100
AcDbEntity
  8
0
  6
Continuous
 62
     7
370
    25
100
AcDbCircle
 10
12385.8754017694
 20
6407.0045801251
 30
0.0
 40
2338.339163101422
100
AcDbArc
 50
16.2557451126
 51
26.4440102097
  0
ARC
  5
151
330
1F
100
AcDbEntity
  8
0
  6
Continuous
 62
     7
370
    25
100
AcDbCircle
 10
12364.9676642927
 20
6400.908341522299
 30
0.0
 40
2360.117537960271
100
AcDbArc
 50
6.118256687599999
 51
16.255743114
  0
ARC
  5
152
330
1F
100
AcDbEntity
  8
0
  6
Continuous
 62
     7
370
    25
100
AcDbCircle
 10
11885.5760190572
 20
6349.5192820529
 30
0.0
 40
2842.255676827236
100
AcDbArc
 50
357.2997963557
 51
6.118304172999999
  0
ARC
  5
153
330
1F
100
AcDbEntity
  8
0
  6
Continuous
 62
     7
370
    25
100
AcDbCircle
 10
12005.8558520339
 20
6343.8474809023
 30
0.0
 40
2721.84219108591
100
AcDbArc
 50
347.750434607
 51
357.2997778469
  0
ARC
  5
154
330
1F
100
AcDbEntity
  8
0
  6
Continuous
 62
     7
370
    25
100
AcDbCircle
 10
12378.9401682078
 20
6262.850000147601
 30
0.0
 40
2340.066735032321
100
AcDbArc
 50
337.055026588
 51
347.75033647
  0
ARC
  5
155
330
1F
100
AcDbEntity
  8
0
  6
Continuous
 62
     7
370
    25
100
AcDbCircle
 10
12383.2221125946
 20
6261.0413033091
 30
0.0
 40
2335.418464580963
100
AcDbArc
 50
326.3481914816
 51
337.054935555
  0
ARC
  5
156
330
1F
100
AcDbEntity
  8
0
  6
Continuous
 62
     7
370
    25
100
AcDbCircle
 10
12080.7873305245
 20
6462.375627273101
 30
0.0
 40
2698.73968252377
100
AcDbArc
 50
316.7416045626
 51
326.3481435705
  0
ARC
  5
157
330
1F
100
AcDbEntity
  8
0
  6
Continuous
 62
     7
370
    25
100
AcDbCircle
 10
12184.2074777901
 20
6365.061963090401
 30
0.0
 40
2556.733780912261
100
AcDbArc
 50
306.6619419973
 51
316.7415578238
  0
ARC
  5
158
330
1F
100
AcDbEntity
  8
0
  6
Continuous
 62
     7
370
    25
100
AcDbCircle
 10
12134.508386455
 20
6431.833815339
 30
0.0
 40
2639.971272040645
100
AcDbArc
 50
296.8215617235
 51
306.6619045032
  0
ARC
  5
159
330
1F
100
AcDbEntity
  8
0
  6
Continuous
 62
     7
370
    25
100
AcDbCircle
 10
12161.1777598049
 20
6379.088798091999
 30
0.0
 40
2580.867191653548
100
AcDbArc
 50
286.8684218378
 51
296.8215413315
  0
ARC
  5
15A
330
1F
100
AcDbEntity
  8
0
  6
Continuous
 62
     7
370
    25
100
AcDbCircle
 10
12244.8212768581
 20
6103.2442160711
 30
0.0
 40
2292.619951644578
100
AcDbArc
 50
275.9908199985
 51
286.8683845092
  0
LINE
  5
15B
330
1F
100
AcDbEntity
  8
0
  6
Continuous
 62
     7
370
    25
100
AcDbLine
 10
12484.1
 20
3823.1451096
 30
0.0
 11
12331.7
 21
3807.151948800001
 31
0.0
  0
LINE
  5
15C
330
1F
100
AcDbEntity
  8
0
  6
Continuous
 62
     7
370
    25
100
AcDbLine
 10
12331.7
 20
3807.151948800001
 30
0.0
 11
12407.9
 21
3863.2222456
 31
0.0
  0
ARC
  5
15D
330
1F
100
AcDbEntity
  8
0
  6
Continuous
 62
     7
370
    25
100
AcDbCircle
 10
12090.0288800398
 20
4295.211579877199
 30
0.0
 40
536.3364931029671
100
AcDbArc
 50
306.3467849946
 51
312.1844204858001
  0
ARC
  5
15E
330
1F
100
AcDbEntity
  8
0
  6
Continuous
 62
     7
370
    25
100
AcDbCircle
 10
8505.161370680299
 20
8250.9254033175
 30
0.0
 40
5874.776987537386
100
AcDbArc
 50
312.1844546506
 51
313.1933122199
  0
ARC
  5
15F
330
1F
100
AcDbEntity
  8
0
  6
Continuous
 62
     7
370
    25
100
AcDbCircle
 10
8175.0229902197
 20
8602.5689804455
 30
0.0
 40
6357.109399457312
100
AcDbArc
 50
313.193314281
 51
314.288801242
  0
ARC
  5
160
330
1F
100
AcDbEntity
  8
0
  6
Continuous
 62
     7
370
    25
100
AcDbCircle
 10
7436.7373387271
 20
9359.417771165899
 30
0.0
 40
7414.410584177002
100
AcDbArc
 50
314.2887824405
 51
315.2648674386
  0
ARC
  5
161
330
1F
100
AcDbEntity
  8
0
  6
Continuous
 62
     7
370
    25
100
AcDbCircle
 10
9933.8745725315
 20
6885.2620965672
 30
0.0
 40
3899.138095933564
100
AcDbArc
 50
315.264866831
 51
317.8002162357
  0
ARC
  5
162
330
1F
100
AcDbEntity
  8
0
  6
Continuous
 62
     7
370
    25
100
AcDbCircle
 10
11912.0336952598
 20
5091.591637319099
 30
0.0
 40
1228.863347670677
100
AcDbArc
 50
317.8001783026
 51
323.7942415833
  0
ARC
  5
163
330
1F
100
AcDbEntity
  8
0
  6
Continuous
 62
     7
370
    25
100
AcDbCircle
 10
12036.5829625729
 20
5000.4158359918
 30
0.0
 40
1074.50808622542
100
AcDbArc
 50
323.7942542053
 51
330.3042826699
  0
ARC
  5
164
330
1F
100
AcDbEntity
  8
0
  6
Continuous
 62
     7
370
    25
100
AcDbCircle
 10
10859.5640265377
 20
5671.657980901801
 30
0.0
 40
2429.476570319558
100
AcDbArc
 50
330.304303293
 51
333.8421512268
  0
ARC
  5
165
330
1F
100
AcDbEntity
  8
0
  6
Continuous
 62
     7
370
    25
100
AcDbCircle
 10
9924.920250214801
 20
6130.7072690451
 30
0.0
 40
3470.766749646685
100
AcDbArc
 50
333.8421318753
 51
338.1356044319
  0
ARC
  5
166
330
1F
100
AcDbEntity
  8
0
  6
Continuous
 62
     7
370
    25
100
AcDbCircle
 10
11944.5671549117
 20
5320.2721212322
 30
0.0
 40
1294.582302394436
100
AcDbArc
 50
338.1355957409
 51
347.0994159107
  0
ARC
  5
167
330
1F
100
AcDbEntity
  8
0
  6
Continuous
 62
     7
370
    25
100
AcDbCircle
 10
11915.5707356008
 20
5326.9142422283
 30
0.0
 40
1324.329741001312
100
AcDbArc
 50
347.0993845631
 51
355.9382594237
  0
ARC
  5
168
330
1F
100
AcDbEntity
  8
0
  6
Continuous
 62
     7
370
    25
100
AcDbCircle
 10
9490.848786778801
 20
5499.098009396899
 30
0.0
 40
3755.157538021737
100
AcDbArc
 50
355.9381849469001
 51
0.0000303724
  0
ARC
  5
169
330
1F
100
AcDbEntity
  8
0
  6
Continuous
 62
     7
370
    25
100
AcDbCircle
 10
9485.357801903999
 20
5499.097164340999
 30
0.0
 40
3760.648522897056
100
AcDbArc
 50
0.000043203
 51
4.041039481499999
  0
ARC
  5
16A
330
1F
100
AcDbEntity
  8
0
  6
Continuous
 62
     7
370
    25
100
AcDbCircle
 10
11904.3512776039
 20
5669.9905444698
 30
0.0
 40
1335.626052310425
100
AcDbArc
 50
4.0410541959
 51
12.7890772391
  0
ARC
  5
16B
330
1F
100
AcDbEntity
  8
0
  6
Continuous
 62
     7
370
    25
100
AcDbCircle
 10
11961.3413136244
 20
5682.9269873735
 30
0.0
 40
1277.186204940524
100
AcDbArc
 50
12.7890750881
 51
21.7812703755
  0
ARC
  5
16C
330
1F
100
AcDbEntity
  8
0
  6
Continuous
 62
     7
370
    25
100
AcDbCircle
 10
10159.2270282993
 20
4962.811760038
 30
0.0
 40
3217.851513026249
100
AcDbArc
 50
21.7813396719
 51
26.2910812841
  0
ARC
  5
16D
330
1F
100
AcDbEntity
  8
0
  6
Continuous
 62
     7
370
    25
100
AcDbCircle
 10
11070.0678118846
 20
5412.8004137211
 30
0.0
 40
2201.91808927954
100
AcDbArc
 50
26.2910929313
 51
31.8046332059
  0
ARC
  5
16E
330
1F
100
AcDbEntity
  8
0
  6
Continuous
 62
     7
370
    25
100
AcDbCircle
 10
11343.1591267132
 20
5582.157058960401
 30
0.0
 40
1880.57630936743
100
AcDbArc
 50
31.80457412880001
 51
38.0104816325
  0
ARC
  5
16F
330
1F
100
AcDbEntity
  8
0
  6
Continuous
 62
     7
370
    25
100
AcDbCircle
 10
11335.2984483014
 20
5576.0160437943
 30
0.0
 40
1890.551394717476
100
AcDbArc
 50
38.0104163007
 51
44.19891862
  0
ARC
  5
170
330
1F
100
AcDbEntity
  8
0
  6
Continuous
 62
     7
370
    25
100
AcDbCircle
 10
11074.2755436492
 20
5322.194074660901
 30
0.0
 40
2254.637303214165
100
AcDbArc
 50
44.1988798301
 51
49.6217152467
  0
ARC
  5
171
330
1F
100
AcDbEntity
  8
0
  6
Continuous
 62
     7
370
    25
100
AcDbCircle
 10
13664.8976243677
 20
8368.502727289
 30
0.0
 40
1744.277446087604
100
AcDbArc
 50
223.3764077643
 51
229.6217056837
  0
ARC
  5
172
330
1F
100
AcDbEntity
  8
0
  6
Continuous
 62
     7
370
    25
100
AcDbCircle
 10
13583.2594839144
 20
8291.366827905902
 30
0.0
 40
1631.96211788841
100
AcDbArc
 50
216.8114660454
 51
223.3764537141
  0
ARC
  5
173
330
1F
100
AcDbEntity
  8
0
  6
Continuous
 62
     7
370
    25
100
AcDbCircle
 10
13456.1035391704
 20
8196.205471477702
 30
0.0
 40
1473.140463086591
100
AcDbArc
 50
209.9170658957
 51
216.8115637317
  0
ARC
  5
174
330
1F
100
AcDbEntity
  8
0
  6
Continuous
 62
     7
370
    25
100
AcDbCircle
 10
13057.8817875785
 20
7967.060466585801
 30
0.0
 40
1013.697325465024
100
AcDbArc
 50
200.7935502601
 51
209.9170912751
  0
ARC
  5
175
330
1F
100
AcDbEntity
  8
0
  6
Continuous
 62
     7
370
    25
100
AcDbCircle
 10
13013.4322956985
 20
7950.181387686299
 30
0.0
 40
966.1509204180402
100
AcDbArc
 50
195.1079947401
 51
200.7935488032
  0
ARC
  5
176
330
1F
100
AcDbEntity
  8
0
  6
Continuous
 62
     7
370
    25
100
AcDbCircle
 10
12728.5603583246
 20
7873.275190076701
 30
0.0
 40
671.0804475932762
100
AcDbArc
 50
187.6368173671
 51
195.1080602814
  0
ARC
  5
177
330
1F
100
AcDbEntity
  8
0
  6
Continuous
 62
     7
370
    25
100
AcDbCircle
 10
13089.3649559522
 20
7921.6532106245
 30
0.0
 40
1035.113949542174
100
AcDbArc
 50
181.9034164435
 51
187.6368400567
  0
ARC
  5
178
330
1F
100
AcDbEntity
  8
0
  6
Continuous
 62
     7
370
    25
100
AcDbCircle
 10
16623.6210650629
 20
8039.10328123
 30
0.0
 40
4571.321065064097
100
AcDbArc
 50
180.0000411261
 51
181.903363163
  0
ARC
  5
179
330
1F
100
AcDbEntity
  8
0
  6
Continuous
 62
     7
370
    25
100
AcDbCircle
 10
18018.6958236786
 20
8039.105766366601
 30
0.0
 40
5966.39582368137
100
AcDbArc
 50
178.3593614616
 51
180.0000553749
  0
ARC
  5
17A
330
1F
100
AcDbEntity
  8
0
  6
Continuous
 62
     7
370
    25
100
AcDbCircle
 10
12673.3079985096
 20
8192.2105769388
 30
0.0
 40
618.8158023554298
100
AcDbArc
 50
169.6880241324
 51
178.359381662
  0
ARC
  5
17B
330
1F
100
AcDbEntity
  8
0
  6
Continuous
 62
     7
370
    25
100
AcDbCircle
 10
12483.8460965822
 20
8226.682118041201
 30
0.0
 40
426.2434797655321
100
AcDbArc
 50
158.5211558908
 51
169.687966955
  0
ARC
  5
17C
330
1F
100
AcDbEntity
  8
0
  6
Continuous
 62
     7
370
    25
100
AcDbCircle
 10
13742.3444295855
 20
7731.484551714399
 30
0.0
 40
1778.66304627133
100
AcDbArc
 50
154.6575364708
 51
158.5211977746
  0
ARC
  5
17D
330
1F
100
AcDbEntity
  8
0
  6
Continuous
 62
     7
370
    25
100
AcDbCircle
 10
3884.3046866232
 20
12400.2881415254
 30
0.0
 40
9129.071573441466
100
AcDbArc
 50
334.6576053804
 51
335.125596657
  0
ARC
  5
17E
330
1F
100
AcDbEntity
  8
0
  6
Continuous
 62
     7
370
    25
100
AcDbCircle
 10
7582.888662665
 20
10685.4666293237
 30
0.0
 40
5052.291441214512
100
AcDbArc
 50
335.1256370348
 51
335.8544368936
  0
ARC
  5
17F
330
1F
100
AcDbEntity
  8
0
  6
Continuous
 62
     7
370
    25
100
AcDbCircle
 10
-1342.7498437473
 20
14686.6148283117
 30
0.0
 40
14833.71309951194
100
AcDbArc
 50
335.8544511792
 51
336.0698832467
  0
ARC
  5
180
330
1F
100
AcDbEntity
  8
0
  6
Continuous
 62
     7
370
    25
100
AcDbCircle
 10
12199.6033158705
 20
8676.951765561099
 30
0.0
 40
17.79668412948503
100
AcDbArc
 50
336.0698535125
 51
359.9999808086
  0
ARC
  5
181
330
1F
100
AcDbEntity
  8
0
  6
Continuous
 62
     7
370
    25
100
AcDbCircle
 10
12207.5116177207
 20
8676.951756369101
 30
0.0
 40
9.888382279340094
100
AcDbArc
 50
0.0000187206
 51
99.6364929797
  0
ARC
  5
182
330
1F
100
AcDbEntity
  8
0
  6
Continuous
 62
     7
370
    25
100
AcDbCircle
 10
12229.0733842134
 20
8549.962318273799
 30
0.0
 40
138.6953198333757
100
AcDbArc
 50
99.63645448920001
 51
114.4498972976
  0
ARC
  5
183
330
1F
100
AcDbEntity
  8
0
  6
Continuous
 62
     7
370
    25
100
AcDbCircle
 10
12402.6914585912
 20
8168.106654369001
 30
0.0
 40
558.1675880547354
100
AcDbArc
 50
114.4498532179
 51
121.2209311237
  0
ARC
  5
184
330
1F
100
AcDbEntity
  8
0
  6
Continuous
 62
     7
370
    25
100
AcDbCircle
 10
24106.1614245549
 20
7817.807327800299
 30
0.0
 40
169.2379542148995
100
AcDbArc
 50
94.96418138680001
 51
108.0813447329
  0
ARC
  5
185
330
1F
100
AcDbEntity
  8
0
  6
Continuous
 62
     7
370
    25
100
AcDbCircle
 10
24253.6955232323
 20
7365.9285440223
 30
0.0
 40
644.5912391528048
100
AcDbArc
 50
108.0813596322
 51
130.6786389711
  0
ARC
  5
186
330
1F
100
AcDbEntity
  8
0
  6
Continuous
 62
     7
370
    25
100
AcDbCircle
 10
24180.4139374692
 20
7451.189393483701
 30
0.0
 40
532.1652489985581
100
AcDbArc
 50
130.6785595976
 51
156.7668803315
  0
ARC
  5
187
330
1F
100
AcDbEntity
  8
0
  6
Continuous
 62
     7
370
    25
100
AcDbCircle
 10
24180.6650199735
 20
7451.081683794699
 30
0.0
 40
532.4384591670373
100
AcDbArc
 50
156.7668878715
 51
182.8472906556
  0
ARC
  5
188
330
1F
100
AcDbEntity
  8
0
  6
Continuous
 62
     7
370
    25
100
AcDbCircle
 10
24293.649075214
 20
7456.701180649099
 30
0.0
 40
645.5621767662208
100
AcDbArc
 50
182.8473060170999
 51
205.4209810411
  0
ARC
  5
189
330
1F
100
AcDbEntity
  8
0
  6
Continuous
 62
     7
370
    25
100
AcDbCircle
 10
24036.9013300519
 20
7334.672522266299
 30
0.0
 40
361.2904790684384
100
AcDbArc
 50
205.4208908715
 51
224.3597548164
  0
ARC
  5
18A
330
1F
100
AcDbEntity
  8
0
  6
Continuous
 62
     7
370
    25
100
AcDbCircle
 10
24047.9490309123
 20
7345.475885203801
 30
0.0
 40
376.7424803967227
100
AcDbArc
 50
224.3597380923
 51
242.7130365675
  0
ARC
  5
18B
330
1F
100
AcDbEntity
  8
0
  6
Continuous
 62
     7
370
    25
100
AcDbCircle
 10
24218.0132162816
 20
7675.152884167999
 30
0.0
 40
747.6990153052764
100
AcDbArc
 50
242.7130242149
 51
254.8223213895
  0
ARC
  5
18C
330
1F
100
AcDbEntity
  8
0
  6
Continuous
 62
     7
370
    25
100
AcDbCircle
 10
25026.3921838768
 20
10655.0660111895
 30
0.0
 40
3835.312786463317
100
AcDbArc
 50
254.8223073433
 51
258.4275187512
  0
ARC
  5
18D
330
1F
100
AcDbEntity
  8
0
  6
Continuous
 62
     7
370
    25
100
AcDbCircle
 10
23565.709466155
 20
3521.7758855185
 30
0.0
 40
3445.993553668838
100
AcDbArc
 50
73.6257117669
 51
78.42754124089999
  0
ARC
  5
18E
330
1F
100
AcDbEntity
  8
0
  6
Continuous
 62
     7
370
    25
100
AcDbCircle
 10
24428.7717764867
 20
6459.0760500111
 30
0.0
 40
384.52188013604
100
AcDbArc
 50
49.5357739944
 51
73.6257085205
  0
ARC
  5
18F
330
1F
100
AcDbEntity
  8
0
  6
Continuous
 62
     7
370
    25
100
AcDbCircle
 10
24547.0540714591
 20
6597.7423735508
 30
0.0
 40
202.2609392083307
100
AcDbArc
 50
12.6297897455
 51
49.53571408510001
  0
ARC
  5
190
330
1F
100
AcDbEntity
  8
0
  6
Continuous
 62
     7
370
    25
100
AcDbCircle
 10
24147.040754278
 20
6508.110682307099
 30
0.0
 40
612.1932433725652
100
AcDbArc
 50
356.4598200659
 51
12.6297647129
  0
ARC
  5
191
330
1F
100
AcDbEntity
  8
0
  6
Continuous
 62
     7
370
    25
100
AcDbCircle
 10
24096.6073234027
 20
6511.230430425699
 30
0.0
 40
662.7230739485317
100
AcDbArc
 50
346.0785477083
 51
356.4598540686
  0
ARC
  5
192
330
1F
100
AcDbEntity
  8
0
  6
Continuous
 62
     7
370
    25
100
AcDbCircle
 10
24454.2565945785
 20
6422.578986115799
 30
0.0
 40
294.2504430099699
100
AcDbArc
 50
327.031581896
 51
346.0785618865001
  0
ARC
  5
193
330
1F
100
AcDbEntity
  8
0
  6
Continuous
 62
     7
370
    25
100
AcDbCircle
 10
24455.242128535
 20
6421.939913156801
 30
0.0
 40
293.0758403510468
100
AcDbArc
 50
307.9381439236
 51
327.0315543052
  0
ARC
  5
194
330
1F
100
AcDbEntity
  8
0
  6
Continuous
 62
     7
370
    25
100
AcDbCircle
 10
24233.234297264
 20
6706.7315083368
 30
0.0
 40
654.1765601377806
100
AcDbArc
 50
297.461852099
 51
307.938072649
  0
ARC
  5
195
330
1F
100
AcDbEntity
  8
0
  6
Continuous
 62
     7
370
    25
100
AcDbCircle
 10
24251.8933508123
 20
6670.8302669879
 30
0.0
 40
613.715969317116
100
AcDbArc
 50
290.3887225468
 51
297.4618172622
  0
ARC
  5
196
330
1F
100
AcDbEntity
  8
0
  6
Continuous
 62
     7
370
    25
100
AcDbCircle
 10
24355.8587693526
 20
6391.1066213874
 30
0.0
 40
315.2965896511334
100
AcDbArc
 50
278.7459679282
 51
290.3887574386
  0
ARC
  5
197
330
1F
100
AcDbEntity
  8
0
  6
Continuous
 62
     7
370
    25
100
AcDbCircle
 10
24326.639330328
 20
6581.0350406911
 30
0.0
 40
507.4594894940997
100
AcDbArc
 50
270.1407883941
 51
278.7460060543
  0
ARC
  5
198
330
1F
100
AcDbEntity
  8
0
  6
Continuous
 62
     7
370
    25
100
AcDbCircle
 10
24320.3678993726
 20
9133.6239459179
 30
0.0
 40
3060.056098818217
100
AcDbArc
 50
267.8618505394
 51
270.1407723517
  0
ARC
  5
199
330
1F
100
AcDbEntity
  8
0
  6
Continuous
 62
     7
370
    25
100
AcDbCircle
 10
24282.2006582563
 20
8111.352253584099
 30
0.0
 40
2037.072154056229
100
AcDbArc
 50
264.9197774237
 51
267.8618686675
  0
ARC
  5
19A
330
1F
100
AcDbEntity
  8
0
  6
Continuous
 62
     7
370
    25
100
AcDbCircle
 10
24182.2197273928
 20
6986.713705413001
 30
0.0
 40
907.9981748294931
100
AcDbArc
 50
259.5373122993
 51
264.9198338985
  0
ARC
  5
19B
330
1F
100
AcDbEntity
  8
0
  6
Continuous
 62
     7
370
    25
100
AcDbCircle
 10
24131.6115559661
 20
6712.658529665699
 30
0.0
 40
629.309412284484
100
AcDbArc
 50
252.9977096938
 51
259.5372788241
  0
ARC
  5
19C
330
1F
100
AcDbEntity
  8
0
  6
Continuous
 62
     7
370
    25
100
AcDbCircle
 10
24060.0207991429
 20
6478.527085721899
 30
0.0
 40
384.477287135176
100
AcDbArc
 50
243.5386465518
 51
252.9976180553
  0
ARC
  5
19D
330
1F
100
AcDbEntity
  8
0
  6
Continuous
 62
     7
370
    25
100
AcDbCircle
 10
24204.0910170219
 20
6767.975679929699
 30
0.0
 40
707.7986696149179
100
AcDbArc
 50
237.789178686
 51
243.5386350512
  0
ARC
  5
19E
330
1F
100
AcDbEntity
  8
0
  6
Continuous
 62
     7
370
    25
100
AcDbCircle
 10
23869.1212123891
 20
6236.275445929901
 30
0.0
 40
79.38009187295827
100
AcDbArc
 50
209.0510982724
 51
237.7892010454
  0
ARC
  5
19F
330
1F
100
AcDbEntity
  8
0
  6
Continuous
 62
     7
370
    25
100
AcDbCircle
 10
23894.2160604165
 20
6250.2149523921
 30
0.0
 40
108.0865587040619
100
AcDbArc
 50
186.009935591
 51
209.0510674972
  0
ARC
  5
1A0
330
1F
100
AcDbEntity
  8
0
  6
Continuous
 62
     7
370
    25
100
AcDbCircle
 10
25526.6011104954
 20
6422.074062484999
 30
0.0
 40
1749.493426437575
100
AcDbArc
 50
182.9856572928
 51
186.0100113352
  0
ARC
  5
1A1
330
1F
100
AcDbEntity
  8
0
  6
Continuous
 62
     7
370
    25
100
AcDbCircle
 10
20867.7319399778
 20
6179.080038725899
 30
0.0
 40
2915.708395947632
100
AcDbArc
 50
2.9857057117
 51
4.8344858217
  0
ARC
  5
1A2
330
1F
100
AcDbEntity
  8
0
  6
Continuous
 62
     7
370
    25
100
AcDbCircle
 10
23692.8713743229
 20
6418.026015948701
 30
0.0
 40
80.48212569641263
100
AcDbArc
 50
4.8345658272
 51
29.4758238039
  0
ARC
  5
1A3
330
1F
100
AcDbEntity
  8
0
  6
Continuous
 62
     7
370
    25
100
AcDbCircle
 10
23736.2227198028
 20
6442.528818102601
 30
0.0
 40
30.685273704564
100
AcDbArc
 50
29.4759329685
 51
78.992139905
  0
ARC
  5
1A4
330
1F
100
AcDbEntity
  8
0
  6
Continuous
 62
     7
370
    25
100
AcDbCircle
 10
23696.9327082564
 20
6240.5466478418
 30
0.0
 40
236.4533521583493
100
AcDbArc
 50
78.9921640922
 51
90.00006538980001
  0
LINE
  5
1A5
330
1F
100
AcDbEntity
  8
0
  6
Continuous
 62
     7
370
    25
100
AcDbLine
 10
23696.9324384
 20
6477.0
 30
0.0
 11
23622.0
 21
6477.0
 31
0.0
  0
LINE
  5
1A6
330
1F
100
AcDbEntity
  8
0
  6
Continuous
 62
     7
370
    25
100
AcDbLine
 10
23622.0
 20
6477.0
 30
0.0
 11
23622.0
 21
6099.183254999999
 31
0.0
  0
LINE
  5
1A7
330
1F
100
AcDbEntity
  8
0
  6
Continuous
 62
     7
370
    25
100
AcDbLine
 10
23622.0
 20
6099.183254999999
 30
0.0
 11
23790.8658548
 21
6016.050858399999
 31
0.0
  0
ARC
  5
1A8
330
1F
100
AcDbEntity
  8
0
  6
Continuous
 62
     7
370
    25
100
AcDbCircle
 10
24452.2498299843
 20
7359.511794398899
 30
0.0
 40
1497.436492538394
100
AcDbArc
 50
243.7890400267
 51
247.9830812119
  0
ARC
  5
1A9
330
1F
100
AcDbEntity
  8
0
  6
Continuous
 62
     7
370
    25
100
AcDbCircle
 10
24092.8998450179
 20
6470.8454197197
 30
0.0
 40
538.8644622867311
100
AcDbArc
 50
247.9830988143
 51
256.9746076102
  0
ARC
  5
1AA
330
1F
100
AcDbEntity
  8
0
  6
Continuous
 62
     7
370
    25
100
AcDbCircle
 10
24119.8100547695
 20
6587.1705203289
 30
0.0
 40
658.2616499446049
100
AcDbArc
 50
256.9745959249
 51
264.8904109489
  0
ARC
  5
1AB
330
1F
100
AcDbEntity
  8
0
  6
Continuous
 62
     7
370
    25
100
AcDbCircle
 10
24323.1734519616
 20
8861.516930470999
 30
0.0
 40
2941.681949548633
100
AcDbArc
 50
264.8904164911
 51
267.4956579547
  0
ARC
  5
1AC
330
1F
100
AcDbEntity
  8
0
  6
Continuous
 62
     7
370
    25
100
AcDbCircle
 10
24251.3043387537
 20
7218.324034189901
 30
0.0
 40
1296.918117316207
100
AcDbArc
 50
267.4957020076
 51
282.5640558851
  0
ARC
  5
1AD
330
1F
100
AcDbEntity
  8
0
  6
Continuous
 62
     7
370
    25
100
AcDbCircle
 10
24415.6433853642
 20
6480.9389355001
 30
0.0
 40
541.4420382705234
100
AcDbArc
 50
282.5640984931
 51
311.4995783793
  0
ARC
  5
1AE
330
1F
100
AcDbEntity
  8
0
  6
Continuous
 62
     7
370
    25
100
AcDbCircle
 10
24476.9179841189
 20
6411.6797291113
 30
0.0
 40
448.9681818454096
100
AcDbArc
 50
311.4995652240001
 51
343.9795136329
  0
ARC
  5
1AF
330
1F
100
AcDbEntity
  8
0
  6
Continuous
 62
     7
370
    25
100
AcDbCircle
 10
24145.3735237902
 20
6506.8774933758
 30
0.0
 40
793.9092543424412
100
AcDbArc
 50
343.9794710029
 51
5.181244466999999
  0
ARC
  5
1B0
330
1F
100
AcDbEntity
  8
0
  6
Continuous
 62
     7
370
    25
100
AcDbCircle
 10
24269.1255373092
 20
6518.0985513801
 30
0.0
 40
669.6495545498751
100
AcDbArc
 50
5.1812797006
 51
22.2724839807
  0
ARC
  5
1B1
330
1F
100
AcDbEntity
  8
0
  6
Continuous
 62
     7
370
    25
100
AcDbCircle
 10
24596.934787428
 20
6652.359025366898
 30
0.0
 40
315.411245866814
100
AcDbArc
 50
22.2724880794
 51
52.2789090367
  0
ARC
  5
1B2
330
1F
100
AcDbEntity
  8
0
  6
Continuous
 62
     7
370
    25
100
AcDbCircle
 10
24460.8723288078
 20
6476.448160316201
 30
0.0
 40
537.8019495587598
100
AcDbArc
 50
52.2789404592
 51
73.59273190669999
  0
ARC
  5
1B3
330
1F
100
AcDbEntity
  8
0
  6
Continuous
 62
     7
370
    25
100
AcDbCircle
 10
23734.1725402551
 20
4008.4848267211
 30
0.0
 40
3110.53116163141
100
AcDbArc
 50
73.59275874159999
 51
79.41023915550001
  0
ARC
  5
1B4
330
1F
100
AcDbEntity
  8
0
  6
Continuous
 62
     7
370
    25
100
AcDbCircle
 10
25389.0204379374
 20
12859.851130417
 30
0.0
 40
5894.20131671972
100
AcDbArc
 50
257.8211388399
 51
259.4102691121
  0
ARC
  5
1B5
330
1F
100
AcDbEntity
  8
0
  6
Continuous
 62
     7
370
    25
100
AcDbCircle
 10
24298.2528522514
 20
7805.8261049937
 30
0.0
 40
723.8103369593273
100
AcDbArc
 50
250.3753353608
 51
257.8211658827
  0
ARC
  5
1B6
330
1F
100
AcDbEntity
  8
0
  6
Continuous
 62
     7
370
    25
100
AcDbCircle
 10
24165.2564353049
 20
7432.837133749202
 30
0.0
 40
327.819403236604
100
AcDbArc
 50
238.1334979873
 51
250.3753465527999
  0
ARC
  5
1B7
330
1F
100
AcDbEntity
  8
0
  6
Continuous
 62
     7
370
    25
100
AcDbCircle
 10
24189.8938329837
 20
7472.4704864909
 30
0.0
 40
374.4863510039983
100
AcDbArc
 50
227.0544931464
 51
238.133505025
  0
ARC
  5
1B8
330
1F
100
AcDbEntity
  8
0
  6
Continuous
 62
     7
370
    25
100
AcDbCircle
 10
24165.1534444314
 20
7445.889578039201
 30
0.0
 40
338.173384729165
100
AcDbArc
 50
208.1593968623
 51
227.054556763
  0
ARC
  5
1B9
330
1F
100
AcDbEntity
  8
0
  6
Continuous
 62
     7
370
    25
100
AcDbCircle
 10
24149.3898397681
 20
7437.451604454899
 30
0.0
 40
320.2934901491823
100
AcDbArc
 50
188.4786910318999
 51
208.1593999848
  0
ARC
  5
1BA
330
1F
100
AcDbEntity
  8
0
  6
Continuous
 62
     7
370
    25
100
AcDbCircle
 10
24189.9987134337
 20
7443.505157490299
 30
0.0
 40
361.3510853630146
100
AcDbArc
 50
170.0962381779
 51
188.4786840674
  0
ARC
  5
1BB
330
1F
100
AcDbEntity
  8
0
  6
Continuous
 62
     7
370
    25
100
AcDbCircle
 10
24348.0291420911
 20
7415.913592837199
 30
0.0
 40
521.7721276911229
100
AcDbArc
 50
156.1379201224
 51
170.096222188
  0
ARC
  5
1BC
330
1F
100
AcDbEntity
  8
0
  6
Continuous
 62
     7
370
    25
100
AcDbCircle
 10
24289.0298685232
 20
7442.011610396299
 30
0.0
 40
457.2584020039647
100
AcDbArc
 50
140.7129177824
 51
156.1379017837
  0
ARC
  5
1BD
330
1F
100
AcDbEntity
  8
0
  6
Continuous
 62
     7
370
    25
100
AcDbCircle
 10
24112.3727914768
 20
7586.537141620699
 30
0.0
 40
229.0143395483641
100
AcDbArc
 50
114.8392869663
 51
140.7128960639
  0
ARC
  5
1BE
330
1F
100
AcDbEntity
  8
0
  6
Continuous
 62
     7
370
    25
100
AcDbCircle
 10
24169.2946225027
 20
7463.5688225687
 30
0.0
 40
364.5182226580095
100
AcDbArc
 50
95.5708860991
 51
114.8393066941
  0
ARC
  5
1BF
330
1F
100
AcDbEntity
  8
0
  6
Continuous
 62
     7
370
    25
100
AcDbCircle
 10
24314.2270711193
 20
5977.6471938537
 30
0.0
 40
1857.491263722309
100
AcDbArc
 50
89.80650620530001
 51
95.57085007559999
  0
ARC
  5
1C0
330
1F
100
AcDbEntity
  8
0
  6
Continuous
 62
     7
370
    25
100
AcDbCircle
 10
24309.7467531143
 20
4652.1774368359
 30
0.0
 40
3182.96859284145
100
AcDbArc
 50
86.1980140892
 51
89.8064332661
  0
ARC
  5
1C1
330
1F
100
AcDbEntity
  8
0
  6
Continuous
 62
     7
370
    25
100
AcDbCircle
 10
24508.362850923
 20
7640.922299181401
 30
0.0
 40
187.6315155653281
100
AcDbArc
 50
57.78974516979999
 51
86.19796347940001
  0
ARC
  5
1C2
330
1F
100
AcDbEntity
  8
0
  6
Continuous
 62
     7
370
    25
100
AcDbCircle
 10
24557.7098269133
 20
7719.252760702099
 30
0.0
 40
95.05298003237943
100
AcDbArc
 50
12.1259994409
 51
57.78978100899999
  0
ARC
  5
1C3
330
1F
100
AcDbEntity
  8
0
  6
Continuous
 62
     7
370
    25
100
AcDbCircle
 10
24091.5996348958
 20
7619.10607793
 30
0.0
 40
571.8003651042769
100
AcDbArc
 50
0.0000248973
 51
12.1260057121
  0
LINE
  5
1C4
330
1F
100
AcDbEntity
  8
0
  6
Continuous
 62
     7
370
    25
100
AcDbLine
 10
24663.4
 20
7619.106326399999
 30
0.0
 11
24663.4
 21
7467.6
 31
0.0
  0
LINE
  5
1C5
330
1F
100
AcDbEntity
  8
0
  6
Continuous
 62
     7
370
    25
100
AcDbLine
 10
24663.4
 20
7467.6
 30
0.0
 11
24843.3368766
 21
7467.6
 31
0.0
  0
LINE
  5
1C6
330
1F
100
AcDbEntity
  8
0
  6
Continuous
 62
     7
370
    25
100
AcDbLine
 10
24843.3368766
 20
7467.6
 30
0.0
 11
24828.5
 21
7861.299999999999
 31
0.0
  0
LINE
  5
1C7
330
1F
100
AcDbEntity
  8
0
  6
Continuous
 62
     7
370
    25
100
AcDbLine
 10
24828.5
 20
7861.299999999999
 30
0.0
 11
24702.1878066
 21
7923.873712800001
 31
0.0
  0
ARC
  5
1C8
330
1F
100
AcDbEntity
  8
0
  6
Continuous
 62
     7
370
    25
100
AcDbCircle
 10
24396.7410961781
 20
7307.2945860665
 30
0.0
 40
688.0897560863973
100
AcDbArc
 50
63.6466766386
 51
70.404931468
  0
ARC
  5
1C9
330
1F
100
AcDbEntity
  8
0
  6
Continuous
 62
     7
370
    25
100
AcDbCircle
 10
24460.1994765493
 20
7485.5543025448
 30
0.0
 40
498.8716476554708
100
AcDbArc
 50
70.40495725470001
 51
79.0053688477
  0
ARC
  5
1CA
330
1F
100
AcDbEntity
  8
0
  6
Continuous
 62
     7
370
    25
100
AcDbCircle
 10
24415.770680012
 20
7256.873498522501
 30
0.0
 40
731.828356273219
100
AcDbArc
 50
79.0053697149
 51
85.831632161
  0
ARC
  5
1CB
330
1F
100
AcDbEntity
  8
0
  6
Continuous
 62
     7
370
    25
100
AcDbCircle
 10
24268.139071901
 20
5231.2136995536
 30
0.0
 40
2762.860781635295
100
AcDbArc
 50
85.83161615959999
 51
88.37292359440001
  0
ARC
  5
1CC
330
1F
100
AcDbEntity
  8
0
  6
Continuous
 62
     7
370
    25
100
AcDbCircle
 10
24273.3229824663
 20
5413.7794368363
 30
0.0
 40
2580.221461240601
100
AcDbArc
 50
88.3728801726
 51
90.4260767961
  0
ARC
  5
1CD
330
1F
100
AcDbEntity
  8
0
  6
Continuous
 62
     7
370
    25
100
AcDbCircle
 10
24270.0396272974
 20
5855.0310600909
 30
0.0
 40
2138.957622430511
100
AcDbArc
 50
90.4260245056
 51
92.78927705399999
  0
ARC
  5
1CE
330
1F
100
AcDbEntity
  8
0
  6
Continuous
 62
     7
370
    25
100
AcDbCircle
 10
24261.6019556967
 20
6028.226444288399
 30
0.0
 40
1965.556828288525
100
AcDbArc
 50
92.7892917568
 51
94.9641742586
  0
ARC
  5
1CF
330
1F
100
AcDbEntity
  8
0
  6
Continuous
 62
     7
370
    25
100
AcDbCircle
 10
22235.1541488044
 20
7435.9162523262
 30
0.0
 40
559.1327208607671
100
AcDbArc
 50
92.7661204854
 51
108.2666193044
  0
ARC
  5
1D0
330
1F
100
AcDbEntity
  8
0
  6
Continuous
 62
     7
370
    25
100
AcDbCircle
 10
22339.2392158049
 20
7120.573792117399
 30
0.0
 40
891.2088693308227
100
AcDbArc
 50
108.2665761957
 51
127.2621167665
  0
ARC
  5
1D1
330
1F
100
AcDbEntity
  8
0
  6
Continuous
 62
     7
370
    25
100
AcDbCircle
 10
22252.7580303251
 20
7234.251448628199
 30
0.0
 40
748.374682136821
100
AcDbArc
 50
127.2620717069
 51
148.915489923
  0
ARC
  5
1D2
330
1F
100
AcDbEntity
  8
0
  6
Continuous
 62
     7
370
    25
100
AcDbCircle
 10
22393.5531863153
 20
7149.3694044625
 30
0.0
 40
912.7773505203167
100
AcDbArc
 50
148.9154424577
 51
168.1993375173
  0
ARC
  5
1D3
330
1F
100
AcDbEntity
  8
0
  6
Continuous
 62
     7
370
    25
100
AcDbCircle
 10
23199.6257550323
 20
6980.962864221
 30
0.0
 40
1736.25397364565
100
AcDbArc
 50
168.1993543127
 51
180.1175804094
  0
ARC
  5
1D4
330
1F
100
AcDbEntity
  8
0
  6
Continuous
 62
     7
370
    25
100
AcDbCircle
 10
23073.9000453856
 20
6980.706578975601
 30
0.0
 40
1610.528002799977
100
AcDbArc
 50
180.1176417793999
 51
191.8347225142
  0
ARC
  5
1D5
330
1F
100
AcDbEntity
  8
0
  6
Continuous
 62
     7
370
    25
100
AcDbCircle
 10
22613.2986786921
 20
6884.1913197487
 30
0.0
 40
1139.923270287829
100
AcDbArc
 50
191.8347586072
 51
207.0162929344
  0
ARC
  5
1D6
330
1F
100
AcDbEntity
  8
0
  6
Continuous
 62
     7
370
    25
100
AcDbCircle
 10
22433.1122025564
 20
6792.316969807
 30
0.0
 40
937.6658542078121
100
AcDbArc
 50
207.0162818221
 51
223.8961981943
  0
ARC
  5
1D7
330
1F
100
AcDbEntity
  8
0
  6
Continuous
 62
     7
370
    25
100
AcDbCircle
 10
22286.6596952374
 20
6651.4014471318
 30
0.0
 40
734.4282557403561
100
AcDbArc
 50
223.896207102
 51
244.1687309206
  0
ARC
  5
1D8
330
1F
100
AcDbEntity
  8
0
  6
Continuous
 62
     7
370
    25
100
AcDbCircle
 10
22193.3037815913
 20
6458.554935119599
 30
0.0
 40
520.1734919477765
100
AcDbArc
 50
244.168769787
 51
259.1241640624001
  0
ARC
  5
1D9
330
1F
100
AcDbEntity
  8
0
  6
Continuous
 62
     7
370
    25
100
AcDbCircle
 10
22390.3810825498
 20
7484.296704228
 30
0.0
 40
1564.676071861546
100
AcDbArc
 50
259.1241937382
 51
265.7038370673
  0
ARC
  5
1DA
330
1F
100
AcDbEntity
  8
0
  6
Continuous
 62
     7
370
    25
100
AcDbCircle
 10
22395.7828093338
 20
7556.1886998749
 30
0.0
 40
1636.770715833382
100
AcDbArc
 50
265.7038027802
 51
272.2490968206
  0
ARC
  5
1DB
330
1F
100
AcDbEntity
  8
0
  6
Continuous
 62
     7
370
    25
100
AcDbCircle
 10
22425.259807221
 20
6805.658155290601
 30
0.0
 40
885.6615415064945
100
AcDbArc
 50
272.2490695615
 51
282.6143659472
  0
ARC
  5
1DC
330
1F
100
AcDbEntity
  8
0
  6
Continuous
 62
     7
370
    25
100
AcDbCircle
 10
22488.7284501015
 20
6522.050241969499
 30
0.0
 40
595.0385604340087
100
AcDbArc
 50
282.6143568813
 51
294.9078525674
  0
ARC
  5
1DD
330
1F
100
AcDbEntity
  8
0
  6
Continuous
 62
     7
370
    25
100
AcDbCircle
 10
22365.5653251833
 20
6787.289281624399
 30
0.0
 40
887.4781328181652
100
AcDbArc
 50
294.9077983804
 51
304.0189830828
  0
ARC
  5
1DE
330
1F
100
AcDbEntity
  8
0
  6
Continuous
 62
     7
370
    25
100
AcDbCircle
 10
22347.6984159072
 20
6813.759401211601
 30
0.0
 40
919.4139070849759
100
AcDbArc
 50
304.0189740589
 51
312.9859978847
  0
ARC
  5
1DF
330
1F
100
AcDbEntity
  8
0
  6
Continuous
 62
     7
370
    25
100
AcDbCircle
 10
22478.2545462918
 20
6673.6866346526
 30
0.0
 40
727.9320982558238
100
AcDbArc
 50
312.9859894593
 51
323.6689503547
  0
ARC
  5
1E0
330
1F
100
AcDbEntity
  8
0
  6
Continuous
 62
     7
370
    25
100
AcDbCircle
 10
22380.70739085
 20
6745.4245571593
 30
0.0
 40
849.0179234370513
100
AcDbArc
 50
323.6688963378
 51
343.677843082
  0
ARC
  5
1E1
330
1F
100
AcDbEntity
  8
0
  6
Continuous
 62
     7
370
    25
100
AcDbCircle
 10
21563.3166859576
 20
6984.790907259299
 30
0.0
 40
1700.736077525443
100
AcDbArc
 50
343.6777972118
 51
355.576595292
  0
ARC
  5
1E2
330
1F
100
AcDbEntity
  8
0
  6
Continuous
 62
     7
370
    25
100
AcDbCircle
 10
21473.5878430033
 20
6991.7312227363
 30
0.0
 40
1790.732928782669
100
AcDbArc
 50
355.5766212636001
 51
7.224668387599999
  0
ARC
  5
1E3
330
1F
100
AcDbEntity
  8
0
  6
Continuous
 62
     7
370
    25
100
AcDbCircle
 10
22084.9595172988
 20
7069.232202830701
 30
0.0
 40
1174.468597471994
100
AcDbArc
 50
7.224700409299999
 51
23.202392491
  0
ARC
  5
1E4
330
1F
100
AcDbEntity
  8
0
  6
Continuous
 62
     7
370
    25
100
AcDbCircle
 10
22579.2211067838
 20
7281.097072091999
 30
0.0
 40
636.7128521124345
100
AcDbArc
 50
23.2024213675
 51
35.3571982997
  0
ARC
  5
1E5
330
1F
100
AcDbEntity
  8
0
  6
Continuous
 62
     7
370
    25
100
AcDbCircle
 10
22337.1817024377
 20
7109.3594027549
 30
0.0
 40
933.4903787631862
100
AcDbArc
 50
35.3572584391
 51
44.4819435544
  0
ARC
  5
1E6
330
1F
100
AcDbEntity
  8
0
  6
Continuous
 62
     7
370
    25
100
AcDbCircle
 10
22343.2307200568
 20
7115.298043200799
 30
0.0
 40
925.0134652615267
100
AcDbArc
 50
44.48203046129999
 51
53.6424112781
  0
ARC
  5
1E7
330
1F
100
AcDbEntity
  8
0
  6
Continuous
 62
     7
370
    25
100
AcDbCircle
 10
22534.568671463
 20
7375.225011033499
 30
0.0
 40
602.2562186270113
100
AcDbArc
 50
53.64241780770001
 51
66.2768442964
  0
ARC
  5
1E8
330
1F
100
AcDbEntity
  8
0
  6
Continuous
 62
     7
370
    25
100
AcDbCircle
 10
22528.7959372488
 20
7362.0894142371
 30
0.0
 40
616.6043322118694
100
AcDbArc
 50
66.27682067939999
 51
80.7782499187
  0
ARC
  5
1E9
330
1F
100
AcDbEntity
  8
0
  6
Continuous
 62
     7
370
    25
100
AcDbCircle
 10
22304.9749757287
 20
5983.4902288296
 30
0.0
 40
2013.25444473895
100
AcDbArc
 50
80.77826329999998
 51
86.78423593659999
  0
ARC
  5
1EA
330
1F
100
AcDbEntity
  8
0
  6
Continuous
 62
     7
370
    25
100
AcDbCircle
 10
22305.1656220165
 20
5986.8893669724
 30
0.0
 40
2009.849964454049
100
AcDbArc
 50
86.78422645290002
 51
92.7661513185
  0
ARC
  5
1EB
330
1F
100
AcDbEntity
  8
0
  6
Continuous
 62
     7
370
    25
100
AcDbCircle
 10
22468.3457740754
 20
7263.548669463101
 30
0.0
 40
560.2725584522658
100
AcDbArc
 50
48.7618927293
 51
61.4879406038
  0
ARC
  5
1EC
330
1F
100
AcDbEntity
  8
0
  6
Continuous
 62
     7
370
    25
100
AcDbCircle
 10
22415.1139682594
 20
7202.8252248724
 30
0.0
 40
641.0250313111707
100
AcDbArc
 50
37.258019734
 51
48.7618209436
  0
ARC
  5
1ED
330
1F
100
AcDbEntity
  8
0
  6
Continuous
 62
     7
370
    25
100
AcDbCircle
 10
22390.8952711073
 20
7184.4043125797
 30
0.0
 40
671.45323042133
100
AcDbArc
 50
26.0243950385
 51
37.2579678725
  0
ARC
  5
1EE
330
1F
100
AcDbEntity
  8
0
  6
Continuous
 62
     7
370
    25
100
AcDbCircle
 10
22370.2524001932
 20
7174.325354513901
 30
0.0
 40
694.4252463376405
100
AcDbArc
 50
15.0706762726
 51
26.0243857667
  0
ARC
  5
1EF
330
1F
100
AcDbEntity
  8
0
  6
Continuous
 62
     7
370
    25
100
AcDbCircle
 10
22725.337091988
 20
7269.9391643687
 30
0.0
 40
326.6928178225478
100
AcDbArc
 50
4.4596013311
 51
15.0707539289
  0
ARC
  5
1F0
330
1F
100
AcDbEntity
  8
0
  6
Continuous
 62
     7
370
    25
100
AcDbCircle
 10
20185.1302737404
 20
7071.818594666599
 30
0.0
 40
2874.614017469231
100
AcDbArc
 50
2.316881609499999
 51
4.459681321699999
  0
ARC
  5
1F1
330
1F
100
AcDbEntity
  8
0
  6
Continuous
 62
     7
370
    25
100
AcDbCircle
 10
19707.3370455513
 20
7052.4847678075
 30
0.0
 40
3352.798255768996
100
AcDbArc
 50
0.1250865643
 51
2.316927077699999
  0
ARC
  5
1F2
330
1F
100
AcDbEntity
  8
0
  6
Continuous
 62
     7
370
    25
100
AcDbCircle
 10
18680.5774997731
 20
7050.2436150744
 30
0.0
 40
4379.560247474965
100
AcDbArc
 50
358.3310719521
 51
0.1250807567
  0
ARC
  5
1F3
330
1F
100
AcDbEntity
  8
0
  6
Continuous
 62
     7
370
    25
100
AcDbCircle
 10
15441.9024253716
 20
7144.6065523372
 30
0.0
 40
7619.609722633935
100
AcDbArc
 50
356.953704137
 51
358.331078093
  0
ARC
  5
1F4
330
1F
100
AcDbEntity
  8
0
  6
Continuous
 62
     7
370
    25
100
AcDbCircle
 10
21862.3274549311
 20
6802.923763483299
 30
0.0
 40
1190.099267833185
100
AcDbArc
 50
351.5230952666
 51
356.9537185411
  0
ARC
  5
1F5
330
1F
100
AcDbEntity
  8
0
  6
Continuous
 62
     7
370
    25
100
AcDbCircle
 10
22432.8785374734
 20
6717.889005838699
 30
0.0
 40
613.2462121963988
100
AcDbArc
 50
343.3431688896
 51
351.5231352091
  0
ARC
  5
1F6
330
1F
100
AcDbEntity
  8
0
  6
Continuous
 62
     7
370
    25
100
AcDbCircle
 10
22339.9506263877
 20
6745.6915004553
 30
0.0
 40
710.2440233315326
100
AcDbArc
 50
336.0162315711999
 51
343.3432395675
  0
ARC
  5
1F7
330
1F
100
AcDbEntity
  8
0
  6
Continuous
 62
     7
370
    25
100
AcDbCircle
 10
22436.2162510836
 20
6702.8639561275
 30
0.0
 40
604.8814633243745
100
AcDbArc
 50
323.4199628297
 51
336.0162315872
  0
ARC
  5
1F8
330
1F
100
AcDbEntity
  8
0
  6
Continuous
 62
     7
370
    25
100
AcDbCircle
 10
22269.1209714582
 20
6826.870633879202
 30
0.0
 40
812.9643520959906
100
AcDbArc
 50
313.3277053389
 51
323.4199018402
  0
ARC
  5
1F9
330
1F
100
AcDbEntity
  8
0
  6
Continuous
 62
     7
370
    25
100
AcDbCircle
 10
22301.8704426532
 20
6792.1528565277
 30
0.0
 40
765.2375050736217
100
AcDbArc
 50
302.9723971102
 51
313.3276300317
  0
ARC
  5
1FA
330
1F
100
AcDbEntity
  8
0
  6
Continuous
 62
     7
370
    25
100
AcDbCircle
 10
22491.0389909863
 20
6500.5516766369
 30
0.0
 40
417.6515620435641
100
AcDbArc
 50
286.6786069958
 51
302.9723748731
  0
ARC
  5
1FB
330
1F
100
AcDbEntity
  8
0
  6
Continuous
 62
     7
370
    25
100
AcDbCircle
 10
22445.5829991923
 20
6652.271697498699
 30
0.0
 40
576.0346795786315
100
AcDbArc
 50
275.7509215375
 51
286.6785636512
  0
ARC
  5
1FC
330
1F
100
AcDbEntity
  8
0
  6
Continuous
 62
     7
370
    25
100
AcDbCircle
 10
22357.6413434586
 20
7525.478479010999
 30
0.0
 40
1453.6586412457
100
AcDbArc
 50
270.2770138052
 51
275.7509281784
  0
ARC
  5
1FD
330
1F
100
AcDbEntity
  8
0
  6
Continuous
 62
     7
370
    25
100
AcDbCircle
 10
22357.5971332159
 20
7534.519021297301
 30
0.0
 40
1462.69929161647
100
AcDbArc
 50
264.8042643055
 51
270.2770334165
  0
ARC
  5
1FE
330
1F
100
AcDbEntity
  8
0
  6
Continuous
 62
     7
370
    25
100
AcDbCircle
 10
22281.8037509702
 20
6700.9921229699
 30
0.0
 40
625.7335055622623
100
AcDbArc
 50
254.4816505282
 51
264.8041769147
  0
ARC
  5
1FF
330
1F
100
AcDbEntity
  8
0
  6
Continuous
 62
     7
370
    25
100
AcDbCircle
 10
22209.45422445721
 20
6440.4311571481
 30
0.0
 40
355.3144402275815
100
AcDbArc
 50
236.2111970768
 51
254.4816043437
  0
ARC
  5
200
330
1F
100
AcDbEntity
  8
0
  6
Continuous
 62
     7
370
    25
100
AcDbCircle
 10
22451.8073321907
 20
6802.606800781899
 30
0.0
 40
791.0967547719101
100
AcDbArc
 50
226.1677145312
 51
236.211189172
  0
ARC
  5
201
330
1F
100
AcDbEntity
  8
0
  6
Continuous
 62
     7
370
    25
100
AcDbCircle
 10
22501.9621416881
 20
6854.8482331016
 30
0.0
 40
863.516863625732
100
AcDbArc
 50
216.462775854
 51
226.1676887781
  0
ARC
  5
202
330
1F
100
AcDbEntity
  8
0
  6
Continuous
 62
     7
370
    25
100
AcDbCircle
 10
22323.0081895458
 20
6722.609351105001
 30
0.0
 40
641.0047540698456
100
AcDbArc
 50
204.328813371
 51
216.4627931457
  0
ARC
  5
203
330
1F
100
AcDbEntity
  8
0
  6
Continuous
 62
     7
370
    25
100
AcDbCircle
 10
22381.3767247733
 20
6748.999249362801
 30
0.0
 40
705.0618585520656
100
AcDbArc
 50
196.6089619336
 51
204.3288244102
  0
ARC
  5
204
330
1F
100
AcDbEntity
  8
0
  6
Continuous
 62
     7
370
    25
100
AcDbCircle
 10
22177.5242846239
 20
6688.193715788
 30
0.0
 40
492.3340271144946
100
AcDbArc
 50
186.5046689693
 51
196.6089886089
  0
ARC
  5
205
330
1F
100
AcDbEntity
  8
0
  6
Continuous
 62
     7
370
    25
100
AcDbCircle
 10
22892.1006753579
 20
6769.669634738399
 30
0.0
 40
1211.540356037333
100
AcDbArc
 50
180.8835342928
 51
186.5047270788
  0
ARC
  5
206
330
1F
100
AcDbEntity
  8
0
  6
Continuous
 62
     7
370
    25
100
AcDbCircle
 10
36855.4704794622
 20
6985.006724053
 30
0.0
 40
15176.57047946365
100
AcDbArc
 50
180.0000253852
 51
180.8835219287
  0
ARC
  5
207
330
1F
100
AcDbEntity
  8
0
  6
Continuous
 62
     7
370
    25
100
AcDbCircle
 10
41823.8254592826
 20
6985.003908059001
 30
0.0
 40
20144.92545928293
100
AcDbArc
 50
179.274190607
 51
180.0000111152
  0
ARC
  5
208
330
1F
100
AcDbEntity
  8
0
  6
Continuous
 62
     7
370
    25
100
AcDbCircle
 10
22498.5609206079
 20
7229.825302092601
 30
0.0
 40
818.1102274676215
100
AcDbArc
 50
171.8652488593
 51
179.2742196397
  0
ARC
  5
209
330
1F
100
AcDbEntity
  8
0
  6
Continuous
 62
     7
370
    25
100
AcDbCircle
 10
22002.4403674841
 20
7300.740781599199
 30
0.0
 40
316.9469721649609
100
AcDbArc
 50
157.511521255
 51
171.8652558828
  0
ARC
  5
20A
330
1F
100
AcDbEntity
  8
0
  6
Continuous
 62
     7
370
    25
100
AcDbCircle
 10
22558.3987905237
 20
7070.5848548568
 30
0.0
 40
918.6624520745793
100
AcDbArc
 50
151.0213366237
 51
157.5114421916
  0
ARC
  5
20B
330
1F
100
AcDbEntity
  8
0
  6
Continuous
 62
     7
370
    25
100
AcDbCircle
 10
22351.4823646776
 20
7185.1800986821
 30
0.0
 40
682.1323753565609
100
AcDbArc
 50
135.0742287884
 51
151.0213590685
  0
ARC
  5
20C
330
1F
100
AcDbEntity
  8
0
  6
Continuous
 62
     7
370
    25
100
AcDbCircle
 10
22258.4643706224
 20
7277.9572182578
 30
0.0
 40
550.7552801884677
100
AcDbArc
 50
116.3527480196
 51
135.074216287
  0
ARC
  5
20D
330
1F
100
AcDbEntity
  8
0
  6
Continuous
 62
     7
370
    25
100
AcDbCircle
 10
22288.2921501018
 20
7217.744115670699
 30
0.0
 40
617.9513675129975
100
AcDbArc
 50
98.8303645863
 51
116.3527151959
  0
ARC
  5
20E
330
1F
100
AcDbEntity
  8
0
  6
Continuous
 62
     7
370
    25
100
AcDbCircle
 10
22350.9971654055
 20
6814.1058912826
 30
0.0
 40
1026.431152975249
100
AcDbArc
 50
86.84811170739999
 51
98.8303347621
  0
ARC
  5
20F
330
1F
100
AcDbEntity
  8
0
  6
Continuous
 62
     7
370
    25
100
AcDbCircle
 10
22314.5474334506
 20
6152.196302260101
 30
0.0
 40
1689.343580826163
100
AcDbArc
 50
83.32398567309999
 51
86.84808588360001
  0
ARC
  5
210
330
1F
100
AcDbEntity
  8
0
  6
Continuous
 62
     7
370
    25
100
AcDbCircle
 10
22439.9306130305
 20
7223.3982169941
 30
0.0
 40
610.8286370953127
100
AcDbArc
 50
75.7953238884
 51
83.3240301828
  0
ARC
  5
211
330
1F
100
AcDbEntity
  8
0
  6
Continuous
 62
     7
370
    25
100
AcDbCircle
 10
22466.6901984758
 20
7329.114820781301
 30
0.0
 40
501.7778428317964
100
AcDbArc
 50
67.32902657449999
 51
75.7953229674
  0
ARC
  5
212
330
1F
100
AcDbEntity
  8
0
  6
Continuous
 62
     7
370
    25
100
AcDbCircle
 10
22342.6440895361
 20
7032.1511565023
 30
0.0
 40
823.6083184631091
100
AcDbArc
 50
61.48793954979999
 51
67.3290105565
  0
ARC
  5
213
330
1F
100
AcDbEntity
  8
0
  6
Continuous
 62
     7
370
    25
100
AcDbCircle
 10
19545.0908377062
 20
7899.399830809599
 30
0.0
 40
317.2908377061971
100
AcDbArc
 50
179.9999694479
 51
188.2902594614
  0
ARC
  5
214
330
1F
100
AcDbEntity
  8
0
  6
Continuous
 62
     7
370
    25
100
AcDbCircle
 10
19259.6959899821
 20
7857.814780260899
 30
0.0
 40
28.88221173153289
100
AcDbArc
 50
188.2902699554
 51
236.309881292
  0
ARC
  5
215
330
1F
100
AcDbEntity
  8
0
  6
Continuous
 62
     7
370
    25
100
AcDbCircle
 10
19273.0890190419
 20
7877.904284616899
 30
0.0
 40
53.02680559161531
100
AcDbArc
 50
236.3098810816
 51
267.2151381481
  0
ARC
  5
216
330
1F
100
AcDbEntity
  8
0
  6
Continuous
 62
     7
370
    25
100
AcDbCircle
 10
19342.099746069
 20
9296.6005654922
 30
0.0
 40
1473.400565492199
100
AcDbArc
 50
267.2151137015
 51
270.0000098746
  0
LINE
  5
217
330
1F
100
AcDbEntity
  8
0
  6
Continuous
 62
     7
370
    25
100
AcDbLine
 10
19342.1
 20
7823.199999999999
 30
0.0
 11
19456.4
 21
7823.199999999999
 31
0.0
  0
LINE
  5
218
330
1F
100
AcDbEntity
  8
0
  6
Continuous
 62
     7
370
    25
100
AcDbLine
 10
19456.4
 20
7823.199999999999
 30
0.0
 11
19456.4
 21
6096.0
 31
0.0
  0
LINE
  5
219
330
1F
100
AcDbEntity
  8
0
  6
Continuous
 62
     7
370
    25
100
AcDbLine
 10
19456.4
 20
6096.0
 30
0.0
 11
19342.1
 21
6096.0
 31
0.0
  0
ARC
  5
21A
330
1F
100
AcDbEntity
  8
0
  6
Continuous
 62
     7
370
    25
100
AcDbCircle
 10
19342.099746069
 20
4622.5994345078
 30
0.0
 40
1473.400565492199
100
AcDbArc
 50
89.9999901254
 51
92.7848862985
  0
ARC
  5
21B
330
1F
100
AcDbEntity
  8
0
  6
Continuous
 62
     7
370
    25
100
AcDbCircle
 10
19273.0890190419
 20
6041.2957153831
 30
0.0
 40
53.02680559161531
100
AcDbArc
 50
92.78486185190001
 51
123.6901189184
  0
ARC
  5
21C
330
1F
100
AcDbEntity
  8
0
  6
Continuous
 62
     7
370
    25
100
AcDbCircle
 10
19259.6959899821
 20
6061.385219739101
 30
0.0
 40
28.88221173153578
100
AcDbArc
 50
123.690118708
 51
171.7097300445999
  0
ARC
  5
21D
330
1F
100
AcDbEntity
  8
0
  6
Continuous
 62
     7
370
    25
100
AcDbCircle
 10
19545.0908377061
 20
6019.8001691904
 30
0.0
 40
317.2908377061897
100
AcDbArc
 50
171.7097405386
 51
180.0000305521
  0
LINE
  5
21E
330
1F
100
AcDbEntity
  8
0
  6
Continuous
 62
     7
370
    25
100
AcDbLine
 10
19227.8
 20
6019.8
 30
0.0
 11
19227.8
 21
5943.6
 31
0.0
  0
LINE
  5
21F
330
1F
100
AcDbEntity
  8
0
  6
Continuous
 62
     7
370
    25
100
AcDbLine
 10
19227.8
 20
5943.6
 30
0.0
 11
19913.6
 21
5943.6
 31
0.0
  0
LINE
  5
220
330
1F
100
AcDbEntity
  8
0
  6
Continuous
 62
     7
370
    25
100
AcDbLine
 10
19913.6
 20
5943.6
 30
0.0
 11
19913.6
 21
6096.0
 31
0.0
  0
LINE
  5
221
330
1F
100
AcDbEntity
  8
0
  6
Continuous
 62
     7
370
    25
100
AcDbLine
 10
19913.6
 20
6096.0
 30
0.0
 11
19608.8
 21
6096.0
 31
0.0
  0
LINE
  5
222
330
1F
100
AcDbEntity
  8
0
  6
Continuous
 62
     7
370
    25
100
AcDbLine
 10
19608.8
 20
6096.0
 30
0.0
 11
19608.8
 21
6963.8333418
 31
0.0
  0
ARC
  5
223
330
1F
100
AcDbEntity
  8
0
  6
Continuous
 62
     7
370
    25
100
AcDbCircle
 10
68074.5152193609
 20
6963.7989678563
 30
0.0
 40
48465.71521937311
100
AcDbArc
 50
179.6078274311
 51
179.9999593634
  0
ARC
  5
224
330
1F
100
AcDbEntity
  8
0
  6
Continuous
 62
     7
370
    25
100
AcDbCircle
 10
43168.4525033448
 20
7134.2539943155
 30
0.0
 40
23559.06922017926
100
AcDbArc
 50
178.9351228557
 51
179.6077733758
  0
ARC
  5
225
330
1F
100
AcDbEntity
  8
0
  6
Continuous
 62
     7
370
    25
100
AcDbCircle
 10
142396.0582794206
 20
5289.9150266051
 30
0.0
 40
122803.8138381132
100
AcDbArc
 50
178.822630907
 51
178.9351598089
  0
ARC
  5
226
330
1F
100
AcDbEntity
  8
0
  6
Continuous
 62
     7
370
    25
100
AcDbCircle
 10
19621.9583737774
 20
7813.1511414762
 30
0.0
 40
3.788072105183617
100
AcDbArc
 50
44.99988129680001
 51
178.8226455434999
  0
ARC
  5
227
330
1F
100
AcDbEntity
  8
0
  6
Continuous
 62
     7
370
    25
100
AcDbCircle
 10
19578.4153268561
 20
7769.607947392699
 30
0.0
 40
65.36734366781164
100
AcDbArc
 50
29.3868899133
 51
45.0000843312
  0
LINE
  5
228
330
1F
100
AcDbEntity
  8
0
  6
Continuous
 62
     7
370
    25
100
AcDbLine
 10
19635.3716004
 20
7801.6839902
 30
0.0
 11
19786.1251724
 21
7533.8524964
 31
0.0
  0
ARC
  5
229
330
1F
100
AcDbEntity
  8
0
  6
Continuous
 62
     7
370
    25
100
AcDbCircle
 10
-65200.1204718161
 20
-40276.5133970234
 30
0.0
 40
97511.50206802307
100
AcDbArc
 50
29.157795801
 51
29.36062280760001
  0
ARC
  5
22A
330
1F
100
AcDbEntity
  8
0
  6
Continuous
 62
     7
370
    25
100
AcDbCircle
 10
-141992.1317682262
 20
-83120.05122059259
 30
0.0
 40
185446.6016141097
100
AcDbArc
 50
29.0324693413
 51
29.1578324943
  0
LINE
  5
22B
330
1F
100
AcDbEntity
  8
0
  6
Continuous
 62
     7
370
    25
100
AcDbLine
 10
20152.1449636
 20
6878.146391
 30
0.0
 11
20663.816051
 21
5956.3
 31
0.0
  0
LINE
  5
22C
330
1F
100
AcDbEntity
  8
0
  6
Continuous
 62
     7
370
    25
100
AcDbLine
 10
20663.816051
 20
5956.3
 30
0.0
 11
20955.0
 21
5941.0648768
 31
0.0
  0
LINE
  5
22D
330
1F
100
AcDbEntity
  8
0
  6
Continuous
 62
     7
370
    25
100
AcDbLine
 10
20955.0
 20
5941.0648768
 30
0.0
 11
20955.0
 21
7823.199999999999
 31
0.0
  0
LINE
  5
22E
330
1F
100
AcDbEntity
  8
0
  6
Continuous
 62
     7
370
    25
100
AcDbLine
 10
20955.0
 20
7823.199999999999
 30
0.0
 11
21069.3
 21
7823.199999999999
 31
0.0
  0
ARC
  5
22F
330
1F
100
AcDbEntity
  8
0
  6
Continuous
 62
     7
370
    25
100
AcDbCircle
 10
21069.300253931
 20
9296.6005654922
 30
0.0
 40
1473.400565492199
100
AcDbArc
 50
269.9999901254
 51
272.7848862985
  0
ARC
  5
230
330
1F
100
AcDbEntity
  8
0
  6
Continuous
 62
     7
370
    25
100
AcDbCircle
 10
21138.3109809581
 20
7877.904284616899
 30
0.0
 40
53.02680559162262
100
AcDbArc
 50
272.7848618519
 51
303.6901189184
  0
ARC
  5
231
330
1F
100
AcDbEntity
  8
0
  6
Continuous
 62
     7
370
    25
100
AcDbCircle
 10
21151.7040100179
 20
7857.814780260899
 30
0.0
 40
28.88221173153578
100
AcDbArc
 50
303.690118708
 51
351.7097300446
  0
ARC
  5
232
330
1F
100
AcDbEntity
  8
0
  6
Continuous
 62
     7
370
    25
100
AcDbCircle
 10
20866.3091622939
 20
7899.399830809599
 30
0.0
 40
317.2908377061935
100
AcDbArc
 50
351.7097405386
 51
0.0000305521
  0
LINE
  5
233
330
1F
100
AcDbEntity
  8
0
  6
Continuous
 62
     7
370
    25
100
AcDbLine
 10
21183.6
 20
7899.399999999999
 30
0.0
 11
21183.6
 21
7975.6
 31
0.0
  0
LINE
  5
234
330
1F
100
AcDbEntity
  8
0
  6
Continuous
 62
     7
370
    25
100
AcDbLine
 10
21183.6
 20
7975.6
 30
0.0
 11
20497.8
 21
7975.6
 31
0.0
  0
LINE
  5
235
330
1F
100
AcDbEntity
  8
0
  6
Continuous
 62
     7
370
    25
100
AcDbLine
 10
20497.8
 20
7975.6
 30
0.0
 11
20497.8
 21
7899.399999999999
 31
0.0
  0
ARC
  5
236
330
1F
100
AcDbEntity
  8
0
  6
Continuous
 62
     7
370
    25
100
AcDbCircle
 10
20780.0351074604
 20
7899.399840929001
 30
0.0
 40
282.2351074604435
100
AcDbArc
 50
179.9999677074
 51
189.4900548766
  0
ARC
  5
237
330
1F
100
AcDbEntity
  8
0
  6
Continuous
 62
     7
370
    25
100
AcDbCircle
 10
20529.1241556933
 20
7857.4565394578
 30
0.0
 40
27.84260313889313
100
AcDbArc
 50
189.4900987811
 51
241.3895223866
  0
ARC
  5
238
330
1F
100
AcDbEntity
  8
0
  6
Continuous
 62
     7
370
    25
100
AcDbCircle
 10
20548.7042025413
 20
7893.353235585
 30
0.0
 40
68.73210090322572
100
AcDbArc
 50
241.3895105392
 51
268.1662254092
  0
ARC
  5
239
330
1F
100
AcDbEntity
  8
0
  6
Continuous
 62
     7
370
    25
100
AcDbCircle
 10
20637.4985515342
 20
10666.636052531
 30
0.0
 40
2843.436052531352
100
AcDbArc
 50
268.166145018
 51
270.0000291869
  0
LINE
  5
23A
330
1F
100
AcDbEntity
  8
0
  6
Continuous
 62
     7
370
    25
100
AcDbLine
 10
20637.5
 20
7823.199999999999
 30
0.0
 11
20777.2
 21
7823.199999999999
 31
0.0
  0
LINE
  5
23B
330
1F
100
AcDbEntity
  8
0
  6
Continuous
 62
     7
370
    25
100
AcDbLine
 10
20777.2
 20
7823.199999999999
 30
0.0
 11
20777.2
 21
6985.0
 31
0.0
  0
ARC
  5
23C
330
1F
100
AcDbEntity
  8
0
  6
Continuous
 62
     7
370
    25
100
AcDbCircle
 10
-57234.74632932901
 20
6984.944566319599
 30
0.0
 40
78011.94632934874
100
AcDbArc
 50
359.7639821851
 51
0.0000407132
  0
ARC
  5
23D
330
1F
100
AcDbEntity
  8
0
  6
Continuous
 62
     7
370
    25
100
AcDbCircle
 10
-18620.1966022668
 20
6825.879149818199
 30
0.0
 40
39397.0689835577
100
AcDbArc
 50
359.3704752554
 51
359.7639822824
  0
LINE
  5
23E
330
1F
100
AcDbEntity
  8
0
  6
Continuous
 62
     7
370
    25
100
AcDbLine
 10
20774.494392
 20
6393.02125
 30
0.0
 11
20771.7721724
 21
6150.539642
 31
0.0
  0
ARC
  5
23F
330
1F
100
AcDbEntity
  8
0
  6
Continuous
 62
     7
370
    25
100
AcDbCircle
 10
20767.9894203085
 20
6150.5830005751
 30
0.0
 40
3.783000575145341
100
AcDbArc
 50
270.000095288
 51
359.3432943755999
  0
ARC
  5
240
330
1F
100
AcDbEntity
  8
0
  6
Continuous
 62
     7
370
    25
100
AcDbCircle
 10
20767.9894116525
 20
6153.2083231164
 30
0.0
 40
6.408323116401487
100
AcDbArc
 50
209.3038697347
 51
270.0001336432
  0
LINE
  5
241
330
1F
100
AcDbEntity
  8
0
  6
Continuous
 62
     7
370
    25
100
AcDbLine
 10
20762.4011218
 20
6150.071824800001
 30
0.0
 11
20613.5267688
 21
6415.404999999999
 31
0.0
  0
ARC
  5
242
330
1F
100
AcDbEntity
  8
0
  6
Continuous
 62
     7
370
    25
100
AcDbCircle
 10
82027.3912305663
 20
40863.0960805517
 30
0.0
 40
70415.24102713367
100
AcDbArc
 50
209.0135117827
 51
209.2885313924
  0
ARC
  5
243
330
1F
100
AcDbEntity
  8
0
  6
Continuous
 62
     7
370
    25
100
AcDbCircle
 10
141419.9122687517
 20
73803.28990223929
 30
0.0
 40
138330.8351442416
100
AcDbArc
 50
208.8476084595
 51
209.013537008
  0
LINE
  5
244
330
1F
100
AcDbEntity
  8
0
  6
Continuous
 62
     7
370
    25
100
AcDbLine
 10
20255.0931702
 20
7061.199999999999
 30
0.0
 11
19751.4075126
 21
7975.6
 31
0.0
  0
LINE
  5
245
330
1F
100
AcDbEntity
  8
0
  6
Continuous
 62
     7
370
    25
100
AcDbLine
 10
19751.4075126
 20
7975.6
 30
0.0
 11
19227.8
 21
7975.6
 31
0.0
  0
LINE
  5
246
330
1F
100
AcDbEntity
  8
0
  6
Continuous
 62
     7
370
    25
100
AcDbLine
 10
19227.8
 20
7975.6
 30
0.0
 11
19227.8
 21
7899.399999999999
 31
0.0
  0
ARC
  5
247
330
1F
100
AcDbEntity
  8
0
  6
Continuous
 62
     7
370
    25
100
AcDbCircle
 10
17814.1804960653
 20
7935.781603744399
 30
0.0
 40
23.44452555588536
100
AcDbArc
 50
111.1798080155
 51
159.870179616
  0
ARC
  5
248
330
1F
100
AcDbEntity
  8
0
  6
Continuous
 62
     7
370
    25
100
AcDbCircle
 10
18763.0571471368
 20
7587.9811870707
 30
0.0
 40
1034.054256751309
100
AcDbArc
 50
159.8701393767
 51
161.3316203098
  0
LINE
  5
249
330
1F
100
AcDbEntity
  8
0
  6
Continuous
 62
     7
370
    25
100
AcDbLine
 10
17783.4075116
 20
7918.9718176
 30
0.0
 11
17702.3263936
 21
7678.9359248
 31
0.0
  0
LINE
  5
24A
330
1F
100
AcDbEntity
  8
0
  6
Continuous
 62
     7
370
    25
100
AcDbLine
 10
17702.3263936
 20
7678.9359248
 30
0.0
 11
17610.0162658
 21
7405.3196826
 31
0.0
  0
LINE
  5
24B
330
1F
100
AcDbEntity
  8
0
  6
Continuous
 62
     7
370
    25
100
AcDbLine
 10
17610.0162658
 20
7405.3196826
 30
0.0
 11
17502.6662646
 21
7086.6
 31
0.0
  0
LINE
  5
24C
330
1F
100
AcDbEntity
  8
0
  6
Continuous
 62
     7
370
    25
100
AcDbLine
 10
17502.6662646
 20
7086.6
 30
0.0
 11
17394.0851
 21
6764.424825200001
 31
0.0
  0
ARC
  5
24D
330
1F
100
AcDbEntity
  8
0
  6
Continuous
 62
     7
370
    25
100
AcDbCircle
 10
-241430.2037004415
 20
94104.7482123184
 30
0.0
 40
273163.5857181933
100
AcDbArc
 50
341.2899944277
 51
341.3530197836
  0
LINE
  5
24E
330
1F
100
AcDbEntity
  8
0
  6
Continuous
 62
     7
370
    25
100
AcDbLine
 10
17297.8541774
 20
6479.771013000001
 30
0.0
 11
17215.9816462
 21
6238.2508458
 31
0.0
  0
ARC
  5
24F
330
1F
100
AcDbEntity
  8
0
  6
Continuous
 62
     7
370
    25
100
AcDbCircle
 10
14019.2404599636
 20
7322.902896210401
 30
0.0
 40
3375.740553158597
100
AcDbArc
 50
340.2108310709
 51
341.2579614508
  0
ARC
  5
250
330
1F
100
AcDbEntity
  8
0
  6
Continuous
 62
     7
370
    25
100
AcDbCircle
 10
16917.3257100778
 20
6280.1467309374
 30
0.0
 40
295.7667647727276
100
AcDbArc
 50
331.4257509159
 51
340.2108473267
  0
ARC
  5
251
330
1F
100
AcDbEntity
  8
0
  6
Continuous
 62
     7
370
    25
100
AcDbCircle
 10
17103.2874939975
 20
6178.865449478299
 30
0.0
 40
84.01293823685474
100
AcDbArc
 50
309.0080257378
 51
331.4257640578
  0
ARC
  5
252
330
1F
100
AcDbEntity
  8
0
  6
Continuous
 62
     7
370
    25
100
AcDbCircle
 10
17106.6601788451
 20
6174.7018182204
 30
0.0
 40
78.65468961163102
100
AcDbArc
 50
285.6306723287
 51
309.0079821784
  0
ARC
  5
253
330
1F
100
AcDbEntity
  8
0
  6
Continuous
 62
     7
370
    25
100
AcDbCircle
 10
17062.4502722258
 20
6332.7181787955
 30
0.0
 40
242.7390765979887
100
AcDbArc
 50
275.5377320155
 51
285.6306147338001
  0
ARC
  5
254
330
1F
100
AcDbEntity
  8
0
  6
Continuous
 62
     7
370
    25
100
AcDbCircle
 10
17116.5162170041
 20
5775.0711902753
 30
0.0
 40
317.5227284454012
100
AcDbArc
 50
95.5377286641
 51
103.3264963174
  0
ARC
  5
255
330
1F
100
AcDbEntity
  8
0
  6
Continuous
 62
     7
370
    25
100
AcDbCircle
 10
17056.37690946399
 20
6028.9536879213
 30
0.0
 40
56.61458575461925
100
AcDbArc
 50
103.3264505505
 51
131.2321692025
  0
ARC
  5
256
330
1F
100
AcDbEntity
  8
0
  6
Continuous
 62
     7
370
    25
100
AcDbCircle
 10
17050.3949259258
 20
6035.779278579901
 30
0.0
 40
47.53863870343368
100
AcDbArc
 50
131.2322979161
 51
162.5490538173
  0
ARC
  5
257
330
1F
100
AcDbEntity
  8
0
  6
Continuous
 62
     7
370
    25
100
AcDbCircle
 10
17193.1125498045
 20
5990.9149156817
 30
0.0
 40
197.1418847371716
100
AcDbArc
 50
162.5490628021
 51
173.4362313174
  0
LINE
  5
258
330
1F
100
AcDbEntity
  8
0
  6
Continuous
 62
     7
370
    25
100
AcDbLine
 10
16997.2628812
 20
6013.45
 30
0.0
 11
16989.225737
 21
5943.6
 31
0.0
  0
LINE
  5
259
330
1F
100
AcDbEntity
  8
0
  6
Continuous
 62
     7
370
    25
100
AcDbLine
 10
16989.225737
 20
5943.6
 30
0.0
 11
17653.0
 21
5943.6
 31
0.0
  0
LINE
  5
25A
330
1F
100
AcDbEntity
  8
0
  6
Continuous
 62
     7
370
    25
100
AcDbLine
 10
17653.0
 20
5943.6
 30
0.0
 11
17653.0
 21
6019.8
 31
0.0
  0
ARC
  5
25B
330
1F
100
AcDbEntity
  8
0
  6
Continuous
 62
     7
370
    25
100
AcDbCircle
 10
17385.4434808797
 20
6019.800231089
 30
0.0
 40
267.5565191203621
100
AcDbArc
 50
359.9999505135
 51
10.0594371338
  0
ARC
  5
25C
330
1F
100
AcDbEntity
  8
0
  6
Continuous
 62
     7
370
    25
100
AcDbCircle
 10
17621.5785336241
 20
6061.689856543901
 30
0.0
 40
27.73470223261447
100
AcDbArc
 50
10.0593926571
 51
63.1612779783
  0
ARC
  5
25D
330
1F
100
AcDbEntity
  8
0
  6
Continuous
 62
     7
370
    25
100
AcDbCircle
 10
17599.6405428774
 20
6018.332848375799
 30
0.0
 40
76.32591126569126
100
AcDbArc
 50
63.1612787486
 51
88.41946162760001
  0
ARC
  5
25E
330
1F
100
AcDbEntity
  8
0
  6
Continuous
 62
     7
370
    25
100
AcDbCircle
 10
17502.4000229337
 20
2494.0130926946
 30
0.0
 40
3601.986907306456
100
AcDbArc
 50
88.41953505659999
 51
89.99995678679999
  0
LINE
  5
25F
330
1F
100
AcDbEntity
  8
0
  6
Continuous
 62
     7
370
    25
100
AcDbLine
 10
17502.4027396
 20
6096.0
 30
0.0
 11
17351.8054538
 21
6096.0
 31
0.0
  0
LINE
  5
260
330
1F
100
AcDbEntity
  8
0
  6
Continuous
 62
     7
370
    25
100
AcDbLine
 10
17351.8054538
 20
6096.0
 30
0.0
 11
17517.8108876
 21
6591.3
 31
0.0
  0
LINE
  5
261
330
1F
100
AcDbEntity
  8
0
  6
Continuous
 62
     7
370
    25
100
AcDbLine
 10
17517.8108876
 20
6591.3
 30
0.0
 11
18378.7537174
 21
6605.153032999999
 31
0.0
  0
LINE
  5
262
330
1F
100
AcDbEntity
  8
0
  6
Continuous
 62
     7
370
    25
100
AcDbLine
 10
18378.7537174
 20
6605.153032999999
 30
0.0
 11
18451.1192318
 21
6382.3265038
 31
0.0
  0
ARC
  5
263
330
1F
100
AcDbEntity
  8
0
  6
Continuous
 62
     7
370
    25
100
AcDbCircle
 10
53531.7574960048
 20
17775.1946912375
 30
0.0
 40
36884.2598754579
100
AcDbArc
 50
197.9918417806
 51
198.1350812108
  0
ARC
  5
264
330
1F
100
AcDbEntity
  8
0
  6
Continuous
 62
     7
370
    25
100
AcDbCircle
 10
41737.3867737337
 20
13912.2231329566
 30
0.0
 40
24473.38843167803
100
AcDbArc
 50
198.1351203298
 51
198.3299259332
  0
ARC
  5
265
330
1F
100
AcDbEntity
  8
0
  6
Continuous
 62
     7
370
    25
100
AcDbCircle
 10
48120.38219440469
 20
16026.9085923426
 30
0.0
 40
31197.56311206343
100
AcDbArc
 50
198.3299475433
 51
198.458290076
  0
ARC
  5
266
330
1F
100
AcDbEntity
  8
0
  6
Continuous
 62
     7
370
    25
100
AcDbCircle
 10
19091.5152348065
 20
6337.477785618101
 30
0.0
 40
594.2922686331642
100
AcDbArc
 50
198.4582695766
 51
200.6650056209
  0
ARC
  5
267
330
1F
100
AcDbEntity
  8
0
  6
Continuous
 62
     7
370
    25
100
AcDbCircle
 10
18523.5691162704
 20
6123.265161009399
 30
0.0
 40
12.70842502542613
100
AcDbArc
 50
307.348550151
 51
20.6649675046
  0
ARC
  5
268
330
1F
100
AcDbEntity
  8
0
  6
Continuous
 62
     7
370
    25
100
AcDbCircle
 10
18497.8095764068
 20
6157.0200609011
 30
0.0
 40
55.16955031299819
100
AcDbArc
 50
282.5061124331
 51
307.3485223178
  0
ARC
  5
269
330
1F
100
AcDbEntity
  8
0
  6
Continuous
 62
     7
370
    25
100
AcDbCircle
 10
18456.3020089716
 20
6344.153979052099
 30
0.0
 40
246.8515303656815
100
AcDbArc
 50
272.3322644352
 51
282.5061194706
  0
ARC
  5
26A
330
1F
100
AcDbEntity
  8
0
  6
Continuous
 62
     7
370
    25
100
AcDbCircle
 10
18392.3182824776
 20
7915.1259972144
 30
0.0
 40
1819.125997214597
100
AcDbArc
 50
269.9999760037
 51
272.3322920779001
  0
LINE
  5
26B
330
1F
100
AcDbEntity
  8
0
  6
Continuous
 62
     7
370
    25
100
AcDbLine
 10
18392.3175206
 20
6096.0
 30
0.0
 11
18237.2
 21
6096.0
 31
0.0
  0
LINE
  5
26C
330
1F
100
AcDbEntity
  8
0
  6
Continuous
 62
     7
370
    25
100
AcDbLine
 10
18237.2
 20
6096.0
 30
0.0
 11
18237.2
 21
5943.6
 31
0.0
  0
LINE
  5
26D
330
1F
100
AcDbEntity
  8
0
  6
Continuous
 62
     7
370
    25
100
AcDbLine
 10
18237.2
 20
5943.6
 30
0.0
 11
18897.6
 21
5943.6
 31
0.0
  0
LINE
  5
26E
330
1F
100
AcDbEntity
  8
0
  6
Continuous
 62
     7
370
    25
100
AcDbLine
 10
18897.6
 20
5943.6
 30
0.0
 11
18897.6
 21
6018.1907068
 31
0.0
  0
ARC
  5
26F
330
1F
100
AcDbEntity
  8
0
  6
Continuous
 62
     7
370
    25
100
AcDbCircle
 10
18617.0912454911
 20
6018.190806745
 30
0.0
 40
280.5087545088859
100
AcDbArc
 50
359.9999795856
 51
8.4740575658
  0
ARC
  5
270
330
1F
100
AcDbEntity
  8
0
  6
Continuous
 62
     7
370
    25
100
AcDbCircle
 10
18855.586222989
 20
6053.723695638399
 30
0.0
 40
39.38131831629382
100
AcDbArc
 50
8.474106308799999
 51
44.5354882752
  0
ARC
  5
271
330
1F
100
AcDbEntity
  8
0
  6
Continuous
 62
     7
370
    25
100
AcDbCircle
 10
18851.8726997108
 20
6050.069973363001
 30
0.0
 40
44.590919222433
100
AcDbArc
 50
44.53542329029999
 51
77.6480739519
  0
ARC
  5
272
330
1F
100
AcDbEntity
  8
0
  6
Continuous
 62
     7
370
    25
100
AcDbCircle
 10
18778.6431472148
 20
5715.669164131
 30
0.0
 40
386.9160111653359
100
AcDbArc
 50
77.6479504345
 51
84.4032284723
  0
LINE
  5
273
330
1F
100
AcDbEntity
  8
0
  6
Continuous
 62
     7
370
    25
100
AcDbLine
 10
18816.3778358
 20
6100.7407068
 30
0.0
 11
18735.1556716
 21
6108.699999999999
 31
0.0
  0
LINE
  5
274
330
1F
100
AcDbEntity
  8
0
  6
Continuous
 62
     7
370
    25
100
AcDbLine
 10
18735.1556716
 20
6108.699999999999
 30
0.0
 11
18103.2802526
 21
7975.6
 31
0.0
  0
LINE
  5
275
330
1F
100
AcDbEntity
  8
0
  6
Continuous
 62
     7
370
    25
100
AcDbLine
 10
18103.2802526
 20
7975.6
 30
0.0
 11
17953.54296
 21
7975.6
 31
0.0
  0
ARC
  5
276
330
1F
100
AcDbEntity
  8
0
  6
Continuous
 62
     7
370
    25
100
AcDbCircle
 10
17953.5436686504
 20
6881.772348571701
 30
0.0
 40
1093.827651428486
100
AcDbArc
 50
90.00003711979999
 51
93.4155294327
  0
ARC
  5
277
330
1F
100
AcDbEntity
  8
0
  6
Continuous
 62
     7
370
    25
100
AcDbCircle
 10
17910.2261021164
 20
7607.5704836623
 30
0.0
 40
366.7380115138031
100
AcDbArc
 50
93.41556151559998
 51
101.1306166021
  0
ARC
  5
278
330
1F
100
AcDbEntity
  8
0
  6
Continuous
 62
     7
370
    25
100
AcDbCircle
 10
17878.1165001165
 20
7770.7717058992
 30
0.0
 40
200.4080217942304
100
AcDbArc
 50
101.1305547151
 51
111.1797479312
  0
LINE
  5
279
330
1F
100
AcDbEntity
  8
0
  6
Continuous
 62
     2
370
    25
100
AcDbLine
 10
18298.7071414
 20
6837.604308
 30
0.0
 11
18248.6917474
 21
6987.06375
 31
0.0
  0
ARC
  5
27A
330
1F
100
AcDbEntity
  8
0
  6
Continuous
 62
     2
370
    25
100
AcDbCircle
 10
19122.5110903505
 20
7113.4623645895
 30
0.0
 40
868.7638423022642
100
AcDbArc
 50
198.5135787401
 51
200.1950651054
  0
ARC
  5
27B
330
1F
100
AcDbEntity
  8
0
  6
Continuous
 62
     2
370
    25
100
AcDbCircle
 10
18295.7072598257
 20
6809.338664005699
 30
0.0
 40
12.19915319037087
100
AcDbArc
 50
281.7107895811
 51
20.1949473662
  0
ARC
  5
27C
330
1F
100
AcDbEntity
  8
0
  6
Continuous
 62
     2
370
    25
100
AcDbCircle
 10
18191.8453541555
 20
7310.392912254901
 30
0.0
 40
523.9047864776444
100
AcDbArc
 50
275.011629465
 51
281.7108060041
  0
ARC
  5
27D
330
1F
100
AcDbEntity
  8
0
  6
Continuous
 62
     2
370
    25
100
AcDbCircle
 10
18112.2767365908
 20
8217.733336037099
 30
0.0
 40
1434.727386949353
100
AcDbArc
 50
270.8265647473
 51
275.0116707775
  0
ARC
  5
27E
330
1F
100
AcDbEntity
  8
0
  6
Continuous
 62
     2
370
    25
100
AcDbCircle
 10
17945.1067071448
 20
19803.7798167644
 30
0.0
 40
13021.97981676614
100
AcDbArc
 50
269.999970489
 51
270.8266304108
  0
ARC
  5
27F
330
1F
100
AcDbEntity
  8
0
  6
Continuous
 62
     2
370
    25
100
AcDbCircle
 10
17945.0932928552
 20
19803.7798167644
 30
0.0
 40
13021.97981676614
100
AcDbArc
 50
269.1733695892
 51
270.000029511
  0
ARC
  5
280
330
1F
100
AcDbEntity
  8
0
  6
Continuous
 62
     2
370
    25
100
AcDbCircle
 10
17777.9232634092
 20
8217.7333360372
 30
0.0
 40
1434.727386949446
100
AcDbArc
 50
264.9883292225
 51
269.1734352527
  0
ARC
  5
281
330
1F
100
AcDbEntity
  8
0
  6
Continuous
 62
     2
370
    25
100
AcDbCircle
 10
17698.3546458445
 20
7310.392912254799
 30
0.0
 40
523.9047864775837
100
AcDbArc
 50
258.2891939959
 51
264.988370535
  0
ARC
  5
282
330
1F
100
AcDbEntity
  8
0
  6
Continuous
 62
     2
370
    25
100
AcDbCircle
 10
17594.4927401743
 20
6809.338664005699
 30
0.0
 40
12.19915319037138
100
AcDbArc
 50
159.8050526338
 51
258.2892104189
  0
ARC
  5
283
330
1F
100
AcDbEntity
  8
0
  6
Continuous
 62
     2
370
    25
100
AcDbCircle
 10
16767.6889096495
 20
7113.4623645897
 30
0.0
 40
868.7638423023093
100
AcDbArc
 50
339.8049348945999
 51
341.4864212598
  0
LINE
  5
284
330
1F
100
AcDbEntity
  8
0
  6
Continuous
 62
     2
370
    25
100
AcDbLine
 10
17641.5082526
 20
6987.06375
 30
0.0
 11
17591.4928586
 21
6837.604308
 31
0.0
  0
LINE
  5
285
330
1F
100
AcDbEntity
  8
0
  6
Continuous
 62
     2
370
    25
100
AcDbLine
 10
17699.3116168
 20
7160.2305614
 30
0.0
 11
17641.5082526
 21
6987.06375
 31
0.0
  0
LINE
  5
286
330
1F
100
AcDbEntity
  8
0
  6
Continuous
 62
     2
370
    25
100
AcDbLine
 10
17765.6725712
 20
7359.649999999999
 30
0.0
 11
17699.3116168
 21
7160.2305614
 31
0.0
  0
ARC
  5
287
330
1F
100
AcDbEntity
  8
0
  6
Continuous
 62
     2
370
    25
100
AcDbCircle
 10
53269.5771490454
 20
-4440.526089280299
 30
0.0
 40
37413.5188937204
100
AcDbArc
 50
161.2965496505
 51
161.6151139794
  0
ARC
  5
288
330
1F
100
AcDbEntity
  8
0
  6
Continuous
 62
     2
370
    25
100
AcDbCircle
 10
35892.5766874571
 20
1442.4321044978
 30
0.0
 40
19067.69260674781
100
AcDbArc
 50
160.7689758356
 51
161.2965544415
  0
LINE
  5
289
330
1F
100
AcDbEntity
  8
0
  6
Continuous
 62
     2
370
    25
100
AcDbLine
 10
17940.5522043666
 20
7870.772981441401
 30
0.0
 11
17888.8964294
 21
7722.909674799999
 31
0.0
  0
ARC
  5
28A
330
1F
100
AcDbEntity
  8
0
  6
Continuous
 62
     2
370
    25
100
AcDbCircle
 10
17945.0999979422
 20
7869.1819216559
 30
0.0
 40
4.818082228917686
100
AcDbArc
 50
19.2825326739
 51
160.717451164
  0
LINE
  5
28B
330
1F
100
AcDbEntity
  8
0
  6
Continuous
 62
     2
370
    25
100
AcDbLine
 10
18001.3035706
 20
7722.909674799999
 30
0.0
 11
17949.6477938
 21
7870.772980799999
 31
0.0
  0
ARC
  5
28C
330
1F
100
AcDbEntity
  8
0
  6
Continuous
 62
     2
370
    25
100
AcDbCircle
 10
-2.3766874571
 20
1442.4321044978
 30
0.0
 40
19067.69260674781
100
AcDbArc
 50
18.7034455585
 51
19.2310241644
  0
ARC
  5
28D
330
1F
100
AcDbEntity
  8
0
  6
Continuous
 62
     2
370
    25
100
AcDbCircle
 10
-17379.3771490454
 20
-4440.5260892809
 30
0.0
 40
37413.51889372059
100
AcDbArc
 50
18.3848860206
 51
18.7034503495
  0
LINE
  5
28E
330
1F
100
AcDbEntity
  8
0
  6
Continuous
 62
     2
370
    25
100
AcDbLine
 10
18190.8883832
 20
7160.2305614
 30
0.0
 11
18124.5274288
 21
7359.649999999999
 31
0.0
  0
LINE
  5
28F
330
1F
100
AcDbEntity
  8
0
  6
Continuous
 62
     2
370
    25
100
AcDbLine
 10
18248.6917474
 20
6987.06375
 30
0.0
 11
18190.8883832
 21
7160.2305614
 31
0.0
  0
ARC
  5
290
330
1F
100
AcDbEntity
  8
0
  6
Continuous
 62
     7
370
    25
100
AcDbCircle
 10
20410.7413608315
 20
8357.101519395401
 30
0.0
 40
47.31265722858024
100
AcDbArc
 50
273.5290355408
 51
319.9302406198
  0
ARC
  5
291
330
1F
100
AcDbEntity
  8
0
  6
Continuous
 62
     7
370
    25
100
AcDbCircle
 10
20404.2246119171
 20
8462.770128959698
 30
0.0
 40
153.1820251479668
100
AcDbArc
 50
252.8477320902
 51
273.5290462398
  0
ARC
  5
292
330
1F
100
AcDbEntity
  8
0
  6
Continuous
 62
     7
370
    25
100
AcDbCircle
 10
21338.8083092575
 20
11490.8549161757
 30
0.0
 40
3322.210924653882
100
AcDbArc
 50
250.634832875
 51
252.8477562882
  0
ARC
  5
293
330
1F
100
AcDbEntity
  8
0
  6
Continuous
 62
     7
370
    25
100
AcDbCircle
 10
19797.9545743393
 20
7106.8542356647
 30
0.0
 40
1324.690429919652
100
AcDbArc
 50
70.63489329789999
 51
73.35631490859999
  0
ARC
  5
294
330
1F
100
AcDbEntity
  8
0
  6
Continuous
 62
     7
370
    25
100
AcDbCircle
 10
19808.8344855418
 20
7143.2469455122
 30
0.0
 40
1286.70619901355
100
AcDbArc
 50
73.3563384924
 51
76.1377974257
  0
ARC
  5
295
330
1F
100
AcDbEntity
  8
0
  6
Continuous
 62
     7
370
    25
100
AcDbCircle
 10
19845.7115653339
 20
7292.6767609099
 30
0.0
 40
1132.793273171493
100
AcDbArc
 50
76.137872882
 51
78.88060549390001
  0
ARC
  5
296
330
1F
100
AcDbEntity
  8
0
  6
Continuous
 62
     7
370
    25
100
AcDbCircle
 10
20031.3482675081
 20
8237.1813176954
 30
0.0
 40
170.2186823046752
100
AcDbArc
 50
78.8806828413
 51
89.99993641879999
  0
ARC
  5
297
330
1F
100
AcDbEntity
  8
0
  6
Continuous
 62
     7
370
    25
100
AcDbCircle
 10
20031.3484732183
 20
8236.918026208101
 30
0.0
 40
170.4819737919142
100
AcDbArc
 50
90.00000565229999
 51
112.8072059962
  0
ARC
  5
298
330
1F
100
AcDbEntity
  8
0
  6
Continuous
 62
     7
370
    25
100
AcDbCircle
 10
20032.8230685407
 20
8233.411778451602
 30
0.0
 40
174.2856831217654
100
AcDbArc
 50
112.807262228
 51
135.2402092676
  0
ARC
  5
299
330
1F
100
AcDbEntity
  8
0
  6
Continuous
 62
     7
370
    25
100
AcDbCircle
 10
20039.4688929937
 20
8226.8214676668
 30
0.0
 40
183.6451264224886
100
AcDbArc
 50
135.2402140341
 51
157.0201444732
  0
ARC
  5
29A
330
1F
100
AcDbEntity
  8
0
  6
Continuous
 62
     7
370
    25
100
AcDbCircle
 10
20058.0134478395
 20
8218.957059749
 30
0.0
 40
203.7883492580082
100
AcDbArc
 50
157.0200396259
 51
177.1649888048
  0
ARC
  5
29B
330
1F
100
AcDbEntity
  8
0
  6
Continuous
 62
     7
370
    25
100
AcDbCircle
 10
20360.1802105514
 20
8203.993175539599
 30
0.0
 40
506.3254053658093
100
AcDbArc
 50
177.1649464699
 51
182.5525073146
  0
ARC
  5
29C
330
1F
100
AcDbEntity
  8
0
  6
Continuous
 62
     7
370
    25
100
AcDbCircle
 10
19913.5254593529
 20
8184.081668935402
 30
0.0
 40
59.2270550407267
100
AcDbArc
 50
182.5524914788
 51
208.6858302233
  0
ARC
  5
29D
330
1F
100
AcDbEntity
  8
0
  6
Continuous
 62
     7
370
    25
100
AcDbCircle
 10
19891.1830849053
 20
8171.856747715001
 30
0.0
 40
33.75883180464338
100
AcDbArc
 50
208.6858165117
 51
246.686126603
  0
ARC
  5
29E
330
1F
100
AcDbEntity
  8
0
  6
Continuous
 62
     7
370
    25
100
AcDbCircle
 10
19923.4669784894
 20
8246.769448549398
 30
0.0
 40
115.3318820801438
100
AcDbArc
 50
246.6861804904
 51
261.916772591
  0
ARC
  5
29F
330
1F
100
AcDbEntity
  8
0
  6
Continuous
 62
     7
370
    25
100
AcDbCircle
 10
19928.2805923337
 20
8280.661893212402
 30
0.0
 40
149.5644496651448
100
AcDbArc
 50
261.916724508
 51
272.5235319506
  0
ARC
  5
2A0
330
1F
100
AcDbEntity
  8
0
  6
Continuous
 62
     7
370
    25
100
AcDbCircle
 10
19933.5120271955
 20
8161.962134784799
 30
0.0
 40
30.74946508210876
100
AcDbArc
 50
272.5234454018
 51
306.7901680337
  0
ARC
  5
2A1
330
1F
100
AcDbEntity
  8
0
  6
Continuous
 62
     7
370
    25
100
AcDbCircle
 10
19936.6386875208
 20
8157.7811220028
 30
0.0
 40
25.5286535864759
100
AcDbArc
 50
306.7902004003
 51
345.4924090838
  0
ARC
  5
2A2
330
1F
100
AcDbEntity
  8
0
  6
Continuous
 62
     7
370
    25
100
AcDbCircle
 10
19868.8511886173
 20
8175.3218600213
 30
0.0
 40
95.5488113828018
100
AcDbArc
 50
345.4923412343
 51
359.999933666
  0
ARC
  5
2A3
330
1F
100
AcDbEntity
  8
0
  6
Continuous
 62
     7
370
    25
100
AcDbCircle
 10
20028.6021915723
 20
8175.3218161796
 30
0.0
 40
64.20219157231821
100
AcDbArc
 50
137.6806454694
 51
180.0000595959
  0
ARC
  5
2A4
330
1F
100
AcDbEntity
  8
0
  6
Continuous
 62
     7
370
    25
100
AcDbCircle
 10
20031.9414372524
 20
8172.281401768101
 30
0.0
 40
68.71823868208696
100
AcDbArc
 50
97.45693036780002
 51
137.6807243532
  0
ARC
  5
2A5
330
1F
100
AcDbEntity
  8
0
  6
Continuous
 62
     7
370
    25
100
AcDbCircle
 10
20047.4837204186
 20
8053.5372910316
 30
0.0
 40
188.4751858734818
100
AcDbArc
 50
75.90167923029999
 51
97.4569675374
  0
ARC
  5
2A6
330
1F
100
AcDbEntity
  8
0
  6
Continuous
 62
     7
370
    25
100
AcDbCircle
 10
19900.255284161
 20
7467.3223801234
 30
0.0
 40
792.8956804084822
100
AcDbArc
 50
68.487464271
 51
75.9017007523
  0
ARC
  5
2A7
330
1F
100
AcDbEntity
  8
0
  6
Continuous
 62
     7
370
    25
100
AcDbCircle
 10
20548.8858172937
 20
9112.909883314699
 30
0.0
 40
975.9117707210993
100
AcDbArc
 50
248.4874403393
 51
258.6445979008
  0
ARC
  5
2A8
330
1F
100
AcDbEntity
  8
0
  6
Continuous
 62
     7
370
    25
100
AcDbCircle
 10
20406.7491345303
 20
8405.147260056999
 30
0.0
 40
254.0178952327637
100
AcDbArc
 50
258.6445805519
 51
286.2759096752
  0
ARC
  5
2A9
330
1F
100
AcDbEntity
  8
0
  6
Continuous
 62
     7
370
    25
100
AcDbCircle
 10
20441.1801650939
 20
8287.218375753601
 30
0.0
 40
131.1654731210506
100
AcDbArc
 50
286.2758976747
 51
328.1475842339
  0
ARC
  5
2AA
330
1F
100
AcDbEntity
  8
0
  6
Continuous
 62
     7
370
    25
100
AcDbCircle
 10
20378.1413574621
 20
8326.383799944901
 30
0.0
 40
205.3801732801157
100
AcDbArc
 50
328.147626314
 51
358.0925445212
  0
ARC
  5
2AB
330
1F
100
AcDbEntity
  8
0
  6
Continuous
 62
     7
370
    25
100
AcDbCircle
 10
20316.2316511785
 20
8328.4456556019
 30
0.0
 40
267.3242043152134
100
AcDbArc
 50
358.0925371473
 51
14.099878194
  0
ARC
  5
2AC
330
1F
100
AcDbEntity
  8
0
  6
Continuous
 62
     7
370
    25
100
AcDbCircle
 10
20521.0154679504
 20
8379.883310593699
 30
0.0
 40
56.17912631731304
100
AcDbArc
 50
14.0998995619
 51
64.9298374592
  0
ARC
  5
2AD
330
1F
100
AcDbEntity
  8
0
  6
Continuous
 62
     7
370
    25
100
AcDbCircle
 10
20530.5655947599
 20
8400.298142040401
 30
0.0
 40
33.6409306249451
100
AcDbArc
 50
64.9299638049
 51
136.1524276924
  0
ARC
  5
2AE
330
1F
100
AcDbEntity
  8
0
  6
Continuous
 62
     7
370
    25
100
AcDbCircle
 10
20618.4378779156
 20
8315.891636651301
 30
0.0
 40
155.4850782029513
100
AcDbArc
 50
136.1524677687
 51
159.1831634022
  0
ARC
  5
2AF
330
1F
100
AcDbEntity
  8
0
  6
Continuous
 62
     7
370
    25
100
AcDbCircle
 10
20328.8358966731
 20
8425.9982545215
 30
0.0
 40
154.3419297199451
100
AcDbArc
 50
319.9303029284
 51
339.1832488826
  0
ARC
  5
2B0
330
1F
100
AcDbEntity
  8
0
  6
Continuous
 62
     7
370
    25
100
AcDbCircle
 10
26350.7692983042
 20
-2074.4848093709
 30
0.0
 40
27904.75845700989
100
AcDbArc
 50
148.7144516102
 51
149.3703719032
  0
ARC
  5
2B1
330
1F
100
AcDbEntity
  8
0
  6
Continuous
 62
     7
370
    25
100
AcDbCircle
 10
5254.8068902719
 20
10416.3587190779
 30
0.0
 40
3388.217061999488
100
AcDbArc
 50
149.3703332062
 51
152.4684710464
  0
ARC
  5
2B2
330
1F
100
AcDbEntity
  8
0
  6
Continuous
 62
     7
370
    25
100
AcDbCircle
 10
3869.8846481019
 20
11138.274398057
 30
0.0
 40
1826.432229057442
100
AcDbArc
 50
152.4685236825
 51
156.1321620894
  0
ARC
  5
2B3
330
1F
100
AcDbEntity
  8
0
  6
Continuous
 62
     7
370
    25
100
AcDbCircle
 10
2237.3381704515
 20
11860.6233398582
 30
0.0
 40
41.21627701967301
100
AcDbArc
 50
156.1321754958
 51
212.1246228737
  0
ARC
  5
2B4
330
1F
100
AcDbEntity
  8
0
  6
Continuous
 62
     7
370
    25
100
AcDbCircle
 10
2262.3833670209
 20
11876.3491097328
 30
0.0
 40
70.78926654298243
100
AcDbArc
 50
212.1245852473
 51
262.6547747245
  0
ARC
  5
2B5
330
1F
100
AcDbEntity
  8
0
  6
Continuous
 62
     7
370
    25
100
AcDbCircle
 10
2511.0120927718
 20
13805.1355190851
 30
0.0
 40
2015.534302832002
100
AcDbArc
 50
262.6548339725
 51
267.1361678112
  0
ARC
  5
2B6
330
1F
100
AcDbEntity
  8
0
  6
Continuous
 62
     7
370
    25
100
AcDbCircle
 10
2884.4545049573
 20
21270.3211506291
 30
0.0
 40
9490.054738861784
100
AcDbArc
 50
267.1361874467
 51
268.9700716156
  0
ARC
  5
2B7
330
1F
100
AcDbEntity
  8
0
  6
Continuous
 62
     7
370
    25
100
AcDbCircle
 10
12408.5034443523
 20
551016.2979074751
 30
0.0
 40
539321.6387334937
100
AcDbArc
 50
268.970018563
 51
269.0710883115
  0
LINE
  5
2B8
330
1F
100
AcDbEntity
  8
0
  6
Continuous
 62
     7
370
    25
100
AcDbLine
 10
3665.0980546
 20
11765.5372512
 30
0.0
 11
4777.4961092
 21
11747.5
 31
0.0
  0
LINE
  5
2B9
330
1F
100
AcDbEntity
  8
0
  6
Continuous
 62
     7
370
    25
100
AcDbLine
 10
4777.4961092
 20
11747.5
 30
0.0
 11
4167.0182852
 21
10502.9
 31
0.0
  0
LINE
  5
2BA
330
1F
100
AcDbEntity
  8
0
  6
Continuous
 62
     7
370
    25
100
AcDbLine
 10
4167.0182852
 20
10502.9
 30
0.0
 11
3916.765471
 21
9992.875493000001
 31
0.0
  0
LINE
  5
2BB
330
1F
100
AcDbEntity
  8
0
  6
Continuous
 62
     7
370
    25
100
AcDbLine
 10
3916.765471
 20
9992.875493000001
 30
0.0
 11
3669.652096800001
 21
9489.598749999998
 31
0.0
  0
LINE
  5
2BC
330
1F
100
AcDbEntity
  8
0
  6
Continuous
 62
     7
370
    25
100
AcDbLine
 10
3669.652096800001
 20
9489.598749999998
 30
0.0
 11
3455.8051534
 21
9054.375287199901
 31
0.0
  0
ARC
  5
2BD
330
1F
100
AcDbEntity
  8
0
  6
Continuous
 62
     7
370
    25
100
AcDbCircle
 10
-203530.770526906
 20
110791.7926479402
 30
0.0
 40
230638.1247822929
100
AcDbArc
 50
333.7549694646
 51
333.8250994966
  0
LINE
  5
2BE
330
1F
100
AcDbEntity
  8
0
  6
Continuous
 62
     7
370
    25
100
AcDbLine
 10
3331.1235384
 20
8801.100000000001
 30
0.0
 11
3105.706641000001
 21
8343.899999999999
 31
0.0
  0
LINE
  5
2BF
330
1F
100
AcDbEntity
  8
0
  6
Continuous
 62
     7
370
    25
100
AcDbLine
 10
3105.706641000001
 20
8343.899999999999
 30
0.0
 11
3616.603333199999
 21
8327.093429599999
 31
0.0
  0
ARC
  5
2C0
330
1F
100
AcDbEntity
  8
0
  6
Continuous
 62
     7
370
    25
100
AcDbCircle
 10
3316.1207501261
 20
-806.9872524297
 30
0.0
 40
9139.021812456711
100
AcDbArc
 50
84.9817152539
 51
88.11582819200001
  0
ARC
  5
2C1
330
1F
100
AcDbEntity
  8
0
  6
Continuous
 62
     7
370
    25
100
AcDbCircle
 10
3835.5060535075
 20
5107.910130608499
 30
0.0
 40
3201.364686518032
100
AcDbArc
 50
78.1274588806
 51
84.98165676760001
  0
ARC
  5
2C2
330
1F
100
AcDbEntity
  8
0
  6
Continuous
 62
     7
370
    25
100
AcDbCircle
 10
4010.272527054399
 20
5939.2079431728
 30
0.0
 40
2351.894632043029
100
AcDbArc
 50
69.91981104069999
 51
78.12747308590001
  0
ARC
  5
2C3
330
1F
100
AcDbEntity
  8
0
  6
Continuous
 62
     7
370
    25
100
AcDbCircle
 10
3845.1468819912
 20
5487.491122800601
 30
0.0
 40
2832.846359830054
100
AcDbArc
 50
62.78104489409999
 51
69.9198519512
  0
ARC
  5
2C4
330
1F
100
AcDbEntity
  8
0
  6
Continuous
 62
     7
370
    25
100
AcDbCircle
 10
4363.9636478321
 20
6496.1757558187
 30
0.0
 40
1698.55560107279
100
AcDbArc
 50
51.0868637265
 51
62.78108588489999
  0
ARC
  5
2C5
330
1F
100
AcDbEntity
  8
0
  6
Continuous
 62
     7
370
    25
100
AcDbCircle
 10
4453.6094852143
 20
6607.218724908701
 30
0.0
 40
1555.842892680789
100
AcDbArc
 50
38.5971725498
 51
51.0869615524
  0
ARC
  5
2C6
330
1F
100
AcDbEntity
  8
0
  6
Continuous
 62
     7
370
    25
100
AcDbCircle
 10
4453.65890922
 20
6607.2558120685
 30
0.0
 40
1555.781128796148
100
AcDbArc
 50
26.1072230723
 51
38.5972405781
  0
ARC
  5
2C7
330
1F
100
AcDbEntity
  8
0
  6
Continuous
 62
     7
370
    25
100
AcDbCircle
 10
4325.7509093223
 20
6544.572497312799
 30
0.0
 40
1698.22288666266
100
AcDbArc
 50
14.4114564337
 51
26.1072787
  0
ARC
  5
2C8
330
1F
100
AcDbEntity
  8
0
  6
Continuous
 62
     7
370
    25
100
AcDbCircle
 10
4545.237390374
 20
6600.972236019901
 30
0.0
 40
1471.60592814468
100
AcDbArc
 50
5.923706387899999
 51
14.4115165335
  0
ARC
  5
2C9
330
1F
100
AcDbEntity
  8
0
  6
Continuous
 62
     7
370
    25
100
AcDbCircle
 10
3193.1468784533
 20
6460.678767777401
 30
0.0
 40
2830.955408466977
100
AcDbArc
 50
0.7219757374000001
 51
5.9237682671
  0
ARC
  5
2CA
330
1F
100
AcDbEntity
  8
0
  6
Continuous
 62
     7
370
    25
100
AcDbCircle
 10
3257.527000713
 20
6461.488183225201
 30
0.0
 40
2766.570198271203
100
AcDbArc
 50
355.4982317747
 51
0.7220145034000001
  0
ARC
  5
2CB
330
1F
100
AcDbEntity
  8
0
  6
Continuous
 62
     7
370
    25
100
AcDbCircle
 10
4865.561841504
 20
6334.8834949494
 30
0.0
 40
1153.559102124966
100
AcDbArc
 50
345.4561131564
 51
355.4982153373
  0
ARC
  5
2CC
330
1F
100
AcDbEntity
  8
0
  6
Continuous
 62
     7
370
    25
100
AcDbCircle
 10
4559.9411353407
 20
6414.173791086501
 30
0.0
 40
1469.297866129925
100
AcDbArc
 50
332.0969932244
 51
345.4560525931
  0
ARC
  5
2CD
330
1F
100
AcDbEntity
  8
0
  6
Continuous
 62
     7
370
    25
100
AcDbCircle
 10
4561.5362223069
 20
6413.329847550901
 30
0.0
 40
1467.493276781345
100
AcDbArc
 50
318.7255752095
 51
332.0969684257
  0
ARC
  5
2CE
330
1F
100
AcDbEntity
  8
0
  6
Continuous
 62
     7
370
    25
100
AcDbCircle
 10
4441.8326834393
 20
6518.3954378722
 30
0.0
 40
1626.765733550039
100
AcDbArc
 50
306.0841160248
 51
318.7256256081
  0
ARC
  5
2CF
330
1F
100
AcDbEntity
  8
0
  6
Continuous
 62
     7
370
    25
100
AcDbCircle
 10
4077.9613894748
 20
7017.675421319499
 30
0.0
 40
2244.570573641628
100
AcDbArc
 50
296.1529988404
 51
306.0841581334
  0
ARC
  5
2D0
330
1F
100
AcDbEntity
  8
0
  6
Continuous
 62
     7
370
    25
100
AcDbCircle
 10
3621.9786110003
 20
7946.2807200664
 30
0.0
 40
3279.088864985124
100
AcDbArc
 50
290.7587662027999
 51
296.1529696812
  0
ARC
  5
2D1
330
1F
100
AcDbEntity
  8
0
  6
Continuous
 62
     7
370
    25
100
AcDbCircle
 10
4225.5997399949
 20
6353.7908378036
 30
0.0
 40
1576.037928439043
100
AcDbArc
 50
281.4278521691
 51
290.7586966794
  0
ARC
  5
2D2
330
1F
100
AcDbEntity
  8
0
  6
Continuous
 62
     7
370
    25
100
AcDbCircle
 10
4158.3525112265
 20
6686.475044948799
 30
0.0
 40
1915.450614497924
100
AcDbArc
 50
273.151923564
 51
281.4277938929
  0
ARC
  5
2D3
330
1F
100
AcDbEntity
  8
0
  6
Continuous
 62
     7
370
    25
100
AcDbCircle
 10
3907.4094697211
 20
11243.628969177
 30
0.0
 40
6479.508490903359
100
AcDbArc
 50
269.8124525537
 51
273.1518725956
  0
ARC
  5
2D4
330
1F
100
AcDbEntity
  8
0
  6
Continuous
 62
     7
370
    25
100
AcDbCircle
 10
3912.053149635
 20
12658.7934660842
 30
0.0
 40
7894.680606571158
100
AcDbArc
 50
267.3906821143
 51
269.812369989
  0
ARC
  5
2D5
330
1F
100
AcDbEntity
  8
0
  6
Continuous
 62
     7
370
    25
100
AcDbCircle
 10
3638.493728421
 20
6656.0646347236
 30
0.0
 40
1885.721613552698
100
AcDbArc
 50
260.3745657753
 51
267.3906477949
  0
ARC
  5
2D6
330
1F
100
AcDbEntity
  8
0
  6
Continuous
 62
     7
370
    25
100
AcDbCircle
 10
3573.0756671658
 20
6270.3293827213
 30
0.0
 40
1494.47845722208
100
AcDbArc
 50
252.2547864456
 51
260.3745537942
  0
ARC
  5
2D7
330
1F
100
AcDbEntity
  8
0
  6
Continuous
 62
     7
370
    25
100
AcDbCircle
 10
4201.098586241999
 20
8232.837836629499
 30
0.0
 40
3555.025039696313
100
AcDbArc
 50
248.0053055908
 51
252.2547902725
  0
ARC
  5
2D8
330
1F
100
AcDbEntity
  8
0
  6
Continuous
 62
     7
370
    25
100
AcDbCircle
 10
3604.541264106301
 20
6755.9185107593
 30
0.0
 40
1962.174973395431
100
AcDbArc
 50
238.3814405669
 51
248.0053668513999
  0
ARC
  5
2D9
330
1F
100
AcDbEntity
  8
0
  6
Continuous
 62
     7
370
    25
100
AcDbCircle
 10
3575.6912896694
 20
6709.0580146752
 30
0.0
 40
1907.145643777491
100
AcDbArc
 50
228.5500265512
 51
238.3814476422
  0
ARC
  5
2DA
330
1F
100
AcDbEntity
  8
0
  6
Continuous
 62
     7
370
    25
100
AcDbCircle
 10
3498.05255725
 20
6621.145597387701
 30
0.0
 40
1789.85810871896
100
AcDbArc
 50
218.4010345641
 51
228.5499577152
  0
ARC
  5
2DB
330
1F
100
AcDbEntity
  8
0
  6
Continuous
 62
     7
370
    25
100
AcDbCircle
 10
3225.2659041309
 20
6404.9290883534
 30
0.0
 40
1441.774588714432
100
AcDbArc
 50
206.465423603
 51
218.401020487
  0
ARC
  5
2DC
330
1F
100
AcDbEntity
  8
0
  6
Continuous
 62
     7
370
    25
100
AcDbCircle
 10
4474.893265259
 20
7027.033800896799
 30
0.0
 40
2837.691067247235
100
AcDbArc
 50
204.566542253
 51
206.4655101103
  0
ARC
  5
2DD
330
1F
100
AcDbEntity
  8
0
  6
Continuous
 62
     7
370
    25
100
AcDbCircle
 10
3727.182563622701
 20
6685.236859893001
 30
0.0
 40
2015.561854650664
100
AcDbArc
 50
202.112639922
 51
204.5666389601
  0
ARC
  5
2DE
330
1F
100
AcDbEntity
  8
0
  6
Continuous
 62
     7
370
    25
100
AcDbCircle
 10
3787.2859312262
 20
6709.660274905601
 30
0.0
 40
2080.438028958858
100
AcDbArc
 50
200.1342155445
 51
202.1127042523
  0
ARC
  5
2DF
330
1F
100
AcDbEntity
  8
0
  6
Continuous
 62
     7
370
    25
100
AcDbCircle
 10
1913.6588215842
 20
6022.7411916645
 30
0.0
 40
84.85882158419554
100
AcDbArc
 50
179.9999990983
 51
200.1342596365
  0
ARC
  5
2E0
330
1F
100
AcDbEntity
  8
0
  6
Continuous
 62
     7
370
    25
100
AcDbCircle
 10
1799.5054376523
 20
6022.7412048018
 30
0.0
 40
29.29456234766002
100
AcDbArc
 50
359.9999769175
 51
76.1983314018
  0
ARC
  5
2E1
330
1F
100
AcDbEntity
  8
0
  6
Continuous
 62
     7
370
    25
100
AcDbCircle
 10
1693.8335636034
 20
5592.574943423
 30
0.0
 40
472.2500424961966
100
AcDbArc
 50
76.1983758474
 51
86.29697703259999
  0
ARC
  5
2E2
330
1F
100
AcDbEntity
  8
0
  6
Continuous
 62
     7
370
    25
100
AcDbCircle
 10
1545.236709817
 20
3296.54607087
 30
0.0
 40
2773.082415475846
100
AcDbArc
 50
86.2970248709
 51
89.7558230511
  0
ARC
  5
2E3
330
1F
100
AcDbEntity
  8
0
  6
Continuous
 62
     7
370
    25
100
AcDbCircle
 10
1089.2194075871
 20
-103727.5940003608
 30
0.0
 40
109798.1940004033
100
AcDbArc
 50
89.7558696761
 51
89.99994960459998
  0
LINE
  5
2E4
330
1F
100
AcDbEntity
  8
0
  6
Continuous
 62
     7
370
    25
100
AcDbLine
 10
1089.3159824
 20
6070.6
 30
0.0
 11
349.8319648
 21
6070.6
 31
0.0
  0
LINE
  5
2E5
330
1F
100
AcDbEntity
  8
0
  6
Continuous
 62
     7
370
    25
100
AcDbLine
 10
349.8319648
 20
6070.6
 30
0.0
 11
367.758345
 21
5951.058456000001
 31
0.0
  0
ARC
  5
2E6
330
1F
100
AcDbEntity
  8
0
  6
Continuous
 62
     7
370
    25
100
AcDbCircle
 10
2001.4041941211
 20
6196.0397142892
 30
0.0
 40
1651.912399996885
100
AcDbArc
 50
188.5285148245
 51
194.5026527645
  0
ARC
  5
2E7
330
1F
100
AcDbEntity
  8
0
  6
Continuous
 62
     7
370
    25
100
AcDbCircle
 10
4211.0057086537
 20
6767.589991892599
 30
0.0
 40
3934.237655707195
100
AcDbArc
 50
194.5026432399
 51
197.6264448599
  0
ARC
  5
2E8
330
1F
100
AcDbEntity
  8
0
  6
Continuous
 62
     7
370
    25
100
AcDbCircle
 10
4390.1623594756
 20
6824.508653062401
 30
0.0
 40
4122.218610880313
100
AcDbArc
 50
197.626389223
 51
200.7149031256
  0
ARC
  5
2E9
330
1F
100
AcDbEntity
  8
0
  6
Continuous
 62
     7
370
    25
100
AcDbCircle
 10
2943.1009418166
 20
6277.279911901801
 30
0.0
 40
2575.141999451689
100
AcDbArc
 50
200.7149110703
 51
205.1085006785
  0
ARC
  5
2EA
330
1F
100
AcDbEntity
  8
0
  6
Continuous
 62
     7
370
    25
100
AcDbCircle
 10
3322.414518776201
 20
6455.035135958
 30
0.0
 40
2994.040208254616
100
AcDbArc
 50
205.1085549236
 51
210.327985433
  0
ARC
  5
2EB
330
1F
100
AcDbEntity
  8
0
  6
Continuous
 62
     7
370
    25
100
AcDbCircle
 10
3381.1878149122
 20
6489.418467707
 30
0.0
 40
3062.132159619592
100
AcDbArc
 50
210.3279930206
 51
215.46014929
  0
ARC
  5
2EC
330
1F
100
AcDbEntity
  8
0
  6
Continuous
 62
     7
370
    25
100
AcDbCircle
 10
3493.7862226153
 20
6569.6125841753
 30
0.0
 40
3200.369266526076
100
AcDbArc
 50
215.4600990554
 51
220.4770327267
  0
ARC
  5
2ED
330
1F
100
AcDbEntity
  8
0
  6
Continuous
 62
     7
370
    25
100
AcDbCircle
 10
3867.2644837687
 20
6888.328441125302
 30
0.0
 40
3691.353796840569
100
AcDbArc
 50
220.4769632601
 51
224.9846430224
  0
ARC
  5
2EE
330
1F
100
AcDbEntity
  8
0
  6
Continuous
 62
     7
370
    25
100
AcDbCircle
 10
3751.3309812564
 20
6772.4553840282
 30
0.0
 40
3527.441801049212
100
AcDbArc
 50
224.9846236619
 51
233.7607950447
  0
ARC
  5
2EF
330
1F
100
AcDbEntity
  8
0
  6
Continuous
 62
     7
370
    25
100
AcDbCircle
 10
3859.571242145301
 20
6920.129517954599
 30
0.0
 40
3710.536322810221
100
AcDbArc
 50
233.7607467005
 51
242.2101066297
  0
ARC
  5
2F0
330
1F
100
AcDbEntity
  8
0
  6
Continuous
 62
     7
370
    25
100
AcDbCircle
 10
3975.176988988
 20
7139.491380503399
 30
0.0
 40
3958.496633027158
100
AcDbArc
 50
242.2101219594
 51
250.3793303705
  0
ARC
  5
2F1
330
1F
100
AcDbEntity
  8
0
  6
Continuous
 62
     7
370
    25
100
AcDbCircle
 10
4238.9896034934
 20
7879.526241661899
 30
0.0
 40
4744.148395130572
100
AcDbArc
 50
250.3793622844
 51
257.5115294716
  0
ARC
  5
2F2
330
1F
100
AcDbEntity
  8
0
  6
Continuous
 62
     7
370
    25
100
AcDbCircle
 10
3656.8915422835
 20
5251.3540080348
 30
0.0
 40
2052.285203497328
100
AcDbArc
 50
257.5115603351
 51
265.0409534371
  0
ARC
  5
2F3
330
1F
100
AcDbEntity
  8
0
  6
Continuous
 62
     7
370
    25
100
AcDbCircle
 10
4165.1304181405
 20
11108.8913313943
 30
0.0
 40
7931.830275137945
100
AcDbArc
 50
265.0410300563
 51
267.7963659262
  0
ARC
  5
2F4
330
1F
100
AcDbEntity
  8
0
  6
Continuous
 62
     7
370
    25
100
AcDbCircle
 10
4164.789442485399
 20
11100.2081513212
 30
0.0
 40
7923.140405537359
100
AcDbArc
 50
267.7964154247
 51
270.5696249773
  0
ARC
  5
2F5
330
1F
100
AcDbEntity
  8
0
  6
Continuous
 62
     7
370
    25
100
AcDbCircle
 10
4220.9282496491
 20
5453.5216431217
 30
0.0
 40
2276.17484095804
100
AcDbArc
 50
270.5696614111
 51
277.5882620822
  0
ARC
  5
2F6
330
1F
100
AcDbEntity
  8
0
  6
Continuous
 62
     7
370
    25
100
AcDbCircle
 10
3961.096623345301
 20
7403.918025853001
 30
0.0
 40
4243.8024794605
100
AcDbArc
 50
277.5882601832
 51
284.6013656124
  0
ARC
  5
2F7
330
1F
100
AcDbEntity
  8
0
  6
Continuous
 62
     7
370
    25
100
AcDbCircle
 10
3951.8557792163
 20
7439.380674066601
 30
0.0
 40
4280.449343066998
100
AcDbArc
 50
284.6013994665
 51
291.5693978141
  0
ARC
  5
2F8
330
1F
100
AcDbEntity
  8
0
  6
Continuous
 62
     7
370
    25
100
AcDbCircle
 10
3997.704177965501
 20
7323.3996551057
 30
0.0
 40
4155.734979711979
100
AcDbArc
 50
291.5693990082
 51
298.6404330388999
  0
ARC
  5
2F9
330
1F
100
AcDbEntity
  8
0
  6
Continuous
 62
     7
370
    25
100
AcDbCircle
 10
4234.7780611842
 20
6889.314081999799
 30
0.0
 40
3661.12977264329
100
AcDbArc
 50
298.6403615799
 51
306.4163097717
  0
ARC
  5
2FA
330
1F
100
AcDbEntity
  8
0
  6
Continuous
 62
     7
370
    25
100
AcDbCircle
 10
8795.612231670601
 20
706.838243151
 30
0.0
 40
4021.592129692501
100
AcDbArc
 50
125.2454554403
 51
126.4163418031
  0
ARC
  5
2FB
330
1F
100
AcDbEntity
  8
0
  6
Continuous
 62
     7
370
    25
100
AcDbCircle
 10
7647.0276571639
 20
2332.326909579
 30
0.0
 40
2031.250468203069
100
AcDbArc
 50
123.2936403711
 51
125.2455457919
  0
ARC
  5
2FC
330
1F
100
AcDbEntity
  8
0
  6
Continuous
 62
     7
370
    25
100
AcDbCircle
 10
9314.762863545501
 20
-207.1713319141
 30
0.0
 40
5069.406494010719
100
AcDbArc
 50
122.6315333835
 51
123.2936415695
  0
ARC
  5
2FD
330
1F
100
AcDbEntity
  8
0
  6
Continuous
 62
     7
370
    25
100
AcDbCircle
 10
6583.6683480676
 20
4058.148418196299
 30
0.0
 40
4.642943443425004
100
AcDbArc
 50
35.3241530744
 51
122.6315223486
  0
ARC
  5
2FE
330
1F
100
AcDbEntity
  8
0
  6
Continuous
 62
     7
370
    25
100
AcDbCircle
 10
6561.614358607099
 20
4042.5193828584
 30
0.0
 40
31.67339287943054
100
AcDbArc
 50
18.6826508508
 51
35.3241215521
  0
LINE
  5
2FF
330
1F
100
AcDbEntity
  8
0
  6
Continuous
 62
     7
370
    25
100
AcDbLine
 10
6591.618795399999
 20
4052.665199199999
 30
0.0
 11
6631.0788638
 21
3935.8132104
 31
0.0
  0
ARC
  5
300
330
1F
100
AcDbEntity
  8
0
  6
Continuous
 62
     7
370
    25
100
AcDbCircle
 10
-20445.9278734019
 20
-5195.670862349
 30
0.0
 40
28575.30918848206
100
AcDbArc
 50
18.3568552562
 51
18.6362293387
  0
ARC
  5
301
330
1F
100
AcDbEntity
  8
0
  6
Continuous
 62
     7
370
    25
100
AcDbCircle
 10
-44304.767042918
 20
-13112.4954113089
 30
0.0
 40
53713.33451776821
100
AcDbArc
 50
18.1826704409
 51
18.3568495771
  0
ARC
  5
302
330
1F
100
AcDbEntity
  8
0
  6
Continuous
 62
     7
370
    25
100
AcDbCircle
 10
12692.4715727964
 20
5608.1455183377
 30
0.0
 40
6279.561783656747
100
AcDbArc
 50
198.1826988569
 51
204.5255551655
  0
ARC
  5
303
330
1F
100
AcDbEntity
  8
0
  6
Continuous
 62
     7
370
    25
100
AcDbCircle
 10
11800.5894619753
 20
5201.2215949998
 30
0.0
 40
5299.234910172476
100
AcDbArc
 50
204.5256602729
 51
211.7294916274
  0
ARC
  5
304
330
1F
100
AcDbEntity
  8
0
  6
Continuous
 62
     7
370
    25
100
AcDbCircle
 10
11848.3635182683
 20
5230.7632468605
 30
0.0
 40
5355.404916821851
100
AcDbArc
 50
211.7295081161
 51
218.8928138997
  0
ARC
  5
305
330
1F
100
AcDbEntity
  8
0
  6
Continuous
 62
     7
370
    25
100
AcDbCircle
 10
12799.2141995917
 20
5997.7990674645
 30
0.0
 40
6577.068114367802
100
AcDbArc
 50
218.8927659275
 51
225.0331746036
  0
ARC
  5
306
330
1F
100
AcDbEntity
  8
0
  6
Continuous
 62
     7
370
    25
100
AcDbCircle
 10
13396.4998446697
 20
6595.7818802257
 30
0.0
 40
7422.250690006011
100
AcDbArc
 50
225.0332024415
 51
228.497270631
  0
ARC
  5
307
330
1F
100
AcDbEntity
  8
0
  6
Continuous
 62
     7
370
    25
100
AcDbCircle
 10
12037.9188514496
 20
5060.332387527
 30
0.0
 40
5372.044002921247
100
AcDbArc
 50
228.4972677036
 51
232.9112470791
  0
ARC
  5
308
330
1F
100
AcDbEntity
  8
0
  6
Continuous
 62
     7
370
    25
100
AcDbCircle
 10
11944.6986601587
 20
4937.0091098276
 30
0.0
 40
5217.452169968533
100
AcDbArc
 50
232.9111557827
 51
237.3959260529
  0
ARC
  5
309
330
1F
100
AcDbEntity
  8
0
  6
Continuous
 62
     7
370
    25
100
AcDbCircle
 10
12660.8697536488
 20
6056.6784022353
 30
0.0
 40
6546.572314843031
100
AcDbArc
 50
237.3959221558
 51
241.1789334523
  0
LINE
  5
30A
330
1F
100
AcDbEntity
  8
0
  6
Continuous
 62
     7
370
    25
100
AcDbLine
 10
9504.925389399998
 20
321.0333432
 30
0.0
 11
9675.350753400001
 21
227.2597944
 31
0.0
  0
LINE
  5
30B
330
1F
100
AcDbEntity
  8
0
  6
Continuous
 62
     7
370
    25
100
AcDbLine
 10
9675.350753400001
 20
227.2597944
 30
0.0
 11
9711.911411799999
 21
285.0798972
 31
0.0
  0
ARC
  5
30C
330
1F
100
AcDbEntity
  8
0
  6
Continuous
 62
     7
370
    25
100
AcDbCircle
 10
5399.204835216
 20
3012.0738922271
 30
0.0
 40
5102.541941486148
100
AcDbArc
 50
327.6941716327
 51
330.0835482477
  0
ARC
  5
30D
330
1F
100
AcDbEntity
  8
0
  6
Continuous
 62
     7
370
    25
100
AcDbCircle
 10
-66704.42156056389
 20
44501.02156646349
 30
0.0
 40
88290.67642313971
100
AcDbArc
 50
330.0835653188
 51
330.3828783008
  0
LINE
  5
30E
330
1F
100
AcDbEntity
  8
0
  6
Continuous
 62
     7
370
    25
100
AcDbLine
 10
10050.8383692
 20
867.6213279999998
 30
0.0
 11
10309.4093786
 21
1322.6470372
 31
0.0
  0
ARC
  5
30F
330
1F
100
AcDbEntity
  8
0
  6
Continuous
 62
     7
370
    25
100
AcDbCircle
 10
10302.0945970584
 20
1326.8021168287
 30
0.0
 40
8.4125332523771
100
AcDbArc
 50
330.4017447782
 51
48.39450049619999
  0
ARC
  5
310
330
1F
100
AcDbEntity
  8
0
  6
Continuous
 62
     7
370
    25
100
AcDbCircle
 10
10285.8195940663
 20
1308.4746168408
 30
0.0
 40
32.92320395302922
100
AcDbArc
 50
48.3945773076
 51
62.3426043131
  0
ARC
  5
311
330
1F
100
AcDbEntity
  8
0
  6
Continuous
 62
     7
370
    25
100
AcDbCircle
 10
2824.650259188
 20
-12928.5801032558
 30
0.0
 40
16106.59033210863
100
AcDbArc
 50
62.3424539325
 51
62.52190427729999
  0
ARC
  5
312
330
1F
100
AcDbEntity
  8
0
  6
Continuous
 62
     7
370
    25
100
AcDbCircle
 10
7278.5285394848
 20
-4364.7769213163
 30
0.0
 40
6453.831313328048
100
AcDbArc
 50
62.5219425198
 51
63.04081221260001
  0
ARC
  5
313
330
1F
100
AcDbEntity
  8
0
  6
Continuous
 62
     7
370
    25
100
AcDbCircle
 10
5051.172762848699
 20
-8743.9025505988
 30
0.0
 40
11366.86042302476
100
AcDbArc
 50
63.0407785266
 51
63.3804276589
  0
ARC
  5
314
330
1F
100
AcDbEntity
  8
0
  6
Continuous
 62
     7
370
    25
100
AcDbCircle
 10
11215.37372571
 20
3555.222064195301
 30
0.0
 40
2390.531764479145
100
AcDbArc
 50
237.8361458415
 51
243.3803787843
  0
ARC
  5
315
330
1F
100
AcDbEntity
  8
0
  6
Continuous
 62
     7
370
    25
100
AcDbCircle
 10
13433.984639098
 20
7083.246877930799
 30
0.0
 40
6558.168201518292
100
AcDbArc
 50
235.2253882709
 51
237.8361294171
  0
ARC
  5
316
330
1F
100
AcDbEntity
  8
0
  6
Continuous
 62
     7
370
    25
100
AcDbCircle
 10
13609.1266134435
 20
7335.465963246
 30
0.0
 40
6865.233631189486
100
AcDbArc
 50
232.6308427242
 51
235.2253139673
  0
ARC
  5
317
330
1F
100
AcDbEntity
  8
0
  6
Continuous
 62
     7
370
    25
100
AcDbCircle
 10
11894.1634387507
 20
5089.8737056778
 30
0.0
 40
4039.674699270315
100
AcDbArc
 50
228.771225479
 51
232.6307626578
  0
ARC
  5
318
330
1F
100
AcDbEntity
  8
0
  6
Continuous
 62
     7
370
    25
100
AcDbCircle
 10
11854.2707382104
 20
5044.3543999241
 30
0.0
 40
3979.148384770296
100
AcDbArc
 50
221.0971821978
 51
228.7712597312
  0
ARC
  5
319
330
1F
100
AcDbEntity
  8
0
  6
Continuous
 62
     7
370
    25
100
AcDbCircle
 10
12523.8185302996
 20
5628.3906543236
 30
0.0
 40
4867.626067266378
100
AcDbArc
 50
214.4995412567
 51
221.0972750924
  0
ARC
  5
31A
330
1F
100
AcDbEntity
  8
0
  6
Continuous
 62
     7
370
    25
100
AcDbCircle
 10
12645.1437802068
 20
5711.7801975643
 30
0.0
 40
5014.845740406872
100
AcDbArc
 50
207.9957563823
 51
214.4996018895
  0
ARC
  5
31B
330
1F
100
AcDbEntity
  8
0
  6
Continuous
 62
     7
370
    25
100
AcDbCircle
 10
12325.9742637633
 20
5542.104932074799
 30
0.0
 40
4653.378071111718
100
AcDbArc
 50
201.1165983818
 51
207.9957548101
  0
ARC
  5
31C
330
1F
100
AcDbEntity
  8
0
  6
Continuous
 62
     7
370
    25
100
AcDbCircle
 10
11811.5589267611
 20
5343.4370492764
 30
0.0
 40
4101.93263718498
100
AcDbArc
 50
190.3590833388
 51
201.1165945771
  0
ARC
  5
31D
330
1F
100
AcDbEntity
  8
0
  6
Continuous
 62
     7
370
    25
100
AcDbCircle
 10
12536.0990437124
 20
5475.880928077
 30
0.0
 40
4838.47846882295
100
AcDbArc
 50
180.854590085
 51
190.3590910101
  0
ARC
  5
31E
330
1F
100
AcDbEntity
  8
0
  6
Continuous
 62
     7
370
    25
100
AcDbCircle
 10
12570.6472216823
 20
5476.398878502
 30
0.0
 40
4873.030529064089
100
AcDbArc
 50
171.3830657052
 51
180.8546207921
  0
ARC
  5
31F
330
1F
100
AcDbEntity
  8
0
  6
Continuous
 62
     7
370
    25
100
AcDbCircle
 10
11957.2176776857
 20
5569.3558528135
 30
0.0
 40
4252.597773223539
100
AcDbArc
 50
160.893109841
 51
171.3830526278
  0
ARC
  5
320
330
1F
100
AcDbEntity
  8
0
  6
Continuous
 62
     7
370
    25
100
AcDbCircle
 10
12369.7713163057
 20
5426.4372578335
 30
0.0
 40
4689.20541117735
100
AcDbArc
 50
146.1414769162
 51
160.8930691365
  0
ARC
  5
321
330
1F
100
AcDbEntity
  8
0
  6
Continuous
 62
     7
370
    25
100
AcDbCircle
 10
12266.8907696782
 20
5495.4602994071
 30
0.0
 40
4565.315996212869
100
AcDbArc
 50
131.0906756712
 51
146.1414585351
  0
ARC
  5
322
330
1F
100
AcDbEntity
  8
0
  6
Continuous
 62
     7
370
    25
100
AcDbCircle
 10
12276.6782360414
 20
5484.234585096699
 30
0.0
 40
4580.209322134779
100
AcDbArc
 50
116.0661154622
 51
131.0906555735
  0
ARC
  5
323
330
1F
100
AcDbEntity
  8
0
  6
Continuous
 62
     7
370
    25
100
AcDbCircle
 10
12352.6032048372
 20
5329.026341110001
 30
0.0
 40
4752.993001575181
100
AcDbArc
 50
101.453099933
 51
116.0661481708
  0
ARC
  5
324
330
1F
100
AcDbEntity
  8
0
  6
Continuous
 62
     7
370
    25
100
AcDbCircle
 10
12066.2151517463
 20
6742.593010982199
 30
0.0
 40
3310.70702191431
100
AcDbArc
 50
98.309601603
 51
101.4531092865
  0
ARC
  5
325
330
1F
100
AcDbEntity
  8
0
  6
Continuous
 62
     7
370
    25
100
AcDbCircle
 10
11885.6173005593
 20
7979.097988706801
 30
0.0
 40
2061.083020948134
100
AcDbArc
 50
93.826215395
 51
98.30961109290001
  0
ARC
  5
326
330
1F
100
AcDbEntity
  8
0
  6
Continuous
 62
     7
370
    25
100
AcDbCircle
 10
11995.9203905128
 20
6329.8173020378
 30
0.0
 40
3714.048100758509
100
AcDbArc
 50
90.7377017291
 51
93.82621563169999
  0
ARC
  5
327
330
1F
100
AcDbEntity
  8
0
  6
Continuous
 62
     7
370
    25
100
AcDbCircle
 10
12280.8894664277
 20
-15801.4734843983
 30
0.0
 40
25847.17348440043
100
AcDbArc
 50
89.99997665009999
 51
90.73771455899999
  0
ARC
  5
328
330
1F
100
AcDbEntity
  8
0
  6
Continuous
 62
     7
370
    25
100
AcDbCircle
 10
12280.9105335723
 20
-15801.4734843984
 30
0.0
 40
25847.17348440057
100
AcDbArc
 50
89.262285441
 51
90.0000233499
  0
ARC
  5
329
330
1F
100
AcDbEntity
  8
0
  6
Continuous
 62
     7
370
    25
100
AcDbCircle
 10
12565.8796094872
 20
6329.8173020378
 30
0.0
 40
3714.048100758509
100
AcDbArc
 50
86.1737843683
 51
89.26229827090001
  0
ARC
  5
32A
330
1F
100
AcDbEntity
  8
0
  6
Continuous
 62
     7
370
    25
100
AcDbCircle
 10
12676.1826994407
 20
7979.097988706801
 30
0.0
 40
2061.083020948157
100
AcDbArc
 50
81.6903889071
 51
86.17378460499999
  0
ARC
  5
32B
330
1F
100
AcDbEntity
  8
0
  6
Continuous
 62
     7
370
    25
100
AcDbCircle
 10
12495.5848482537
 20
6742.5930109823
 30
0.0
 40
3310.707021914276
100
AcDbArc
 50
78.54689071350001
 51
81.69039839699999
  0
ARC
  5
32C
330
1F
100
AcDbEntity
  8
0
  6
Continuous
 62
     7
370
    25
100
AcDbCircle
 10
12184.5695999819
 20
5207.4708549487
 30
0.0
 40
4877.018139988373
100
AcDbArc
 50
73.7088750532
 51
78.5468994461
  0
ARC
  5
32D
330
1F
100
AcDbEntity
  8
0
  6
Continuous
 62
     7
370
    25
100
AcDbCircle
 10
12236.1852896961
 20
5384.067048489299
 30
0.0
 40
4693.033371669414
100
AcDbArc
 50
68.72933953909999
 51
73.7089341277
  0
ARC
  5
32E
330
1F
100
AcDbEntity
  8
0
  6
Continuous
 62
     7
370
    25
100
AcDbCircle
 10
12240.2062132573
 20
5394.3908822603
 30
0.0
 40
4681.954140341571
100
AcDbArc
 50
63.7438108771
 51
68.72936141069999
  0
ARC
  5
32F
330
1F
100
AcDbEntity
  8
0
  6
Continuous
 62
     7
370
    25
100
AcDbCircle
 10
12178.4886234471
 20
5269.2765633978
 30
0.0
 40
4821.462755398933
100
AcDbArc
 50
58.8668297111
 51
63.7437977345
  0
ARC
  5
330
330
1F
100
AcDbEntity
  8
0
  6
Continuous
 62
     7
370
    25
100
AcDbCircle
 10
15857.0306023975
 20
11359.2890444533
 30
0.0
 40
2293.305203594098
100
AcDbArc
 50
238.8668037663
 51
241.3079700135
  0
ARC
  5
331
330
1F
100
AcDbEntity
  8
0
  6
Continuous
 62
     7
370
    25
100
AcDbCircle
 10
15341.9656119525
 20
10418.1930139803
 30
0.0
 40
1220.480109296755
100
AcDbArc
 50
241.30797407
 51
245.2220411437
  0
ARC
  5
332
330
1F
100
AcDbEntity
  8
0
  6
Continuous
 62
     7
370
    25
100
AcDbCircle
 10
15459.2333494983
 20
10672.2392735065
 30
0.0
 40
1500.285799460878
100
AcDbArc
 50
245.2220252146
 51
247.7848731912
  0
ARC
  5
333
330
1F
100
AcDbEntity
  8
0
  6
Continuous
 62
     7
370
    25
100
AcDbCircle
 10
14897.33192635
 20
9296.380293285199
 30
0.0
 40
14.10911319788593
100
AcDbArc
 50
247.7848334896
 51
318.7319186012
  0
ARC
  5
334
330
1F
100
AcDbEntity
  8
0
  6
Continuous
 62
     7
370
    25
100
AcDbCircle
 10
14494.6961337827
 20
9649.7069200693
 30
0.0
 40
549.7911892942814
100
AcDbArc
 50
318.7319448939
 51
330.6156575726
  0
ARC
  5
335
330
1F
100
AcDbEntity
  8
0
  6
Continuous
 62
     7
370
    25
100
AcDbCircle
 10
-78130.222077062
 20
61807.75205532089
 30
0.0
 40
106850.483312613
100
AcDbArc
 50
330.6156904414
 51
330.9001065449
  0
ARC
  5
336
330
1F
100
AcDbEntity
  8
0
  6
Continuous
 62
     7
370
    25
100
AcDbCircle
 10
-374242.0435951639
 20
226621.161962587
 30
0.0
 40
445739.3602737765
100
AcDbArc
 50
330.9000609927
 51
330.9727120387
  0
ARC
  5
337
330
1F
100
AcDbEntity
  8
0
  6
Continuous
 62
     7
370
    25
100
AcDbCircle
 10
15484.7189197541
 20
10349.3814635769
 30
0.0
 40
25.96305469890154
100
AcDbArc
 50
330.9727272043
 51
31.7174484745
  0
ARC
  5
338
330
1F
100
AcDbEntity
  8
0
  6
Continuous
 62
     7
370
    25
100
AcDbCircle
 10
15395.9673562549
 20
10294.5300057744
 30
0.0
 40
130.2967618439465
100
AcDbArc
 50
31.7174598937
 51
60.2633325607
  0
ARC
  5
339
330
1F
100
AcDbEntity
  8
0
  6
Continuous
 62
     7
370
    25
100
AcDbCircle
 10
1325.3214193319
 20
-14337.2925501884
 30
0.0
 40
28497.70340240034
100
AcDbArc
 50
60.26332800409999
 51
60.89426753409999
  0
ARC
  5
33A
330
1F
100
AcDbEntity
  8
0
  6
Continuous
 62
     7
370
    25
100
AcDbCircle
 10
9802.962847684
 20
890.4520369053001
 30
0.0
 40
11069.14610704901
100
AcDbArc
 50
60.89423081439999
 51
62.4961947192
  0
ARC
  5
33B
330
1F
100
AcDbEntity
  8
0
  6
Continuous
 62
     7
370
    25
100
AcDbCircle
 10
13184.0994983618
 20
7384.517764907099
 30
0.0
 40
3747.604279673512
100
AcDbArc
 50
62.4960836565
 51
66.0886931009
  0
ARC
  5
33C
330
1F
100
AcDbEntity
  8
0
  6
Continuous
 62
     7
370
    25
100
AcDbCircle
 10
12080.080927033
 20
4894.507662068499
 30
0.0
 40
6471.389755445961
100
AcDbArc
 50
66.0886118029
 51
71.7278991305
  0
ARC
  5
33D
330
1F
100
AcDbEntity
  8
0
  6
Continuous
 62
     7
370
    25
100
AcDbCircle
 10
12322.0397537822
 20
5627.3304854668
 30
0.0
 40
5699.65575702167
100
AcDbArc
 50
71.72786714619999
 51
77.93056843710001
  0
ARC
  5
33E
330
1F
100
AcDbEntity
  8
0
  6
Continuous
 62
     7
370
    25
100
AcDbCircle
 10
12334.4783716109
 20
5685.4818829877
 30
0.0
 40
5640.188924016459
100
AcDbArc
 50
77.9306129958
 51
84.16743742660001
  0
ARC
  5
33F
330
1F
100
AcDbEntity
  8
0
  6
Continuous
 62
     7
370
    25
100
AcDbCircle
 10
12280.9041394766
 20
5161.0136872559
 30
0.0
 40
6167.386312745537
100
AcDbArc
 50
84.16744172600001
 51
90.0000384562
  0
ARC
  5
340
330
1F
100
AcDbEntity
  8
0
  6
Continuous
 62
     7
370
    25
100
AcDbCircle
 10
12280.8973065989
 20
5389.021659283599
 30
0.0
 40
5939.378340717031
100
AcDbArc
 50
89.99997401739999
 51
103.9107820023
  0
ARC
  5
341
330
1F
100
AcDbEntity
  8
0
  6
Continuous
 62
     7
370
    25
100
AcDbCircle
 10
12243.4002698999
 20
5540.405605127
 30
0.0
 40
5783.419606395323
100
AcDbArc
 50
103.910752539
 51
118.1019408176
  0
ARC
  5
342
330
1F
100
AcDbEntity
  8
0
  6
Continuous
 62
     7
370
    25
100
AcDbCircle
 10
12242.4899715804
 20
5542.1140293643
 30
0.0
 40
5781.483798211661
100
AcDbArc
 50
118.1019582109
 51
132.2956578485
  0
ARC
  5
343
330
1F
100
AcDbEntity
  8
0
  6
Continuous
 62
     7
370
    25
100
AcDbCircle
 10
12343.0273288937
 20
5431.6040729069
 30
0.0
 40
5930.883298494035
100
AcDbArc
 50
132.2956317101
 51
146.2203683717
  0
ARC
  5
344
330
1F
100
AcDbEntity
  8
0
  6
Continuous
 62
     7
370
    25
100
AcDbCircle
 10
14822.5721789067
 20
3772.9675624404
 30
0.0
 40
8914.03896608439
100
AcDbArc
 50
146.2203571285
 51
147.1758160122
  0
ARC
  5
345
330
1F
100
AcDbEntity
  8
0
  6
Continuous
 62
     7
370
    25
100
AcDbCircle
 10
14630.5733698792
 20
3896.8264464697
 30
0.0
 40
8685.555781238281
100
AcDbArc
 50
147.1758679263
 51
148.1501194926
  0
ARC
  5
346
330
1F
100
AcDbEntity
  8
0
  6
Continuous
 62
     7
370
    25
100
AcDbCircle
 10
13849.4396674562
 20
4382.1048864608
 30
0.0
 40
7765.955310792666
100
AcDbArc
 50
148.150201267
 51
149.0969513421999
  0
ARC
  5
347
330
1F
100
AcDbEntity
  8
0
  6
Continuous
 62
     7
370
    25
100
AcDbCircle
 10
8121.6056118035
 20
7810.556967624599
 30
0.0
 40
1090.450337988669
100
AcDbArc
 50
149.0969587803
 51
153.1269576795
  0
LINE
  5
348
330
1F
100
AcDbEntity
  8
0
  6
Continuous
 62
     7
370
    25
100
AcDbLine
 10
7148.912677
 20
8303.456951600002
 30
0.0
 11
7085.471350999999
 21
8178.261519999999
 31
0.0
  0
LINE
  5
349
330
1F
100
AcDbEntity
  8
0
  6
Continuous
 62
     7
370
    25
100
AcDbLine
 10
7085.471350999999
 20
8178.261519999999
 30
0.0
 11
6889.1856882
 21
8346.0373846
 31
0.0
  0
ARC
  5
34A
330
1F
100
AcDbEntity
  8
0
  6
Continuous
 62
     7
370
    25
100
AcDbCircle
 10
4892.3319537006
 20
6009.860649813799
 30
0.0
 40
3073.295718465873
100
AcDbArc
 50
49.47773880319999
 51
57.63618926989999
  0
ARC
  5
34B
330
1F
100
AcDbEntity
  8
0
  6
Continuous
 62
     7
370
    25
100
AcDbCircle
 10
5588.9529311721
 20
7109.093960068
 30
0.0
 40
1771.913892626235
100
AcDbArc
 50
57.63618488600001
 51
69.9587029634
  0
ARC
  5
34C
330
1F
100
AcDbEntity
  8
0
  6
Continuous
 62
     7
370
    25
100
AcDbCircle
 10
5311.8810817287
 20
6349.553545131899
 30
0.0
 40
2580.412780487965
100
AcDbArc
 50
69.95866944239999
 51
79.7237488377
  0
ARC
  5
34D
330
1F
100
AcDbEntity
  8
0
  6
Continuous
 62
     7
370
    25
100
AcDbCircle
 10
3774.229877151
 20
-2131.4920194496
 30
0.0
 40
11199.72279320913
100
AcDbArc
 50
79.72367238359999
 51
83.0067251468
  0
LINE
  5
34E
330
1F
100
AcDbEntity
  8
0
  6
Continuous
 62
     7
370
    25
100
AcDbLine
 10
5137.8279514
 20
8984.9098686
 30
0.0
 11
4979.7559028
 21
9004.299999999998
 31
0.0
  0
LINE
  5
34F
330
1F
100
AcDbEntity
  8
0
  6
Continuous
 62
     7
370
    25
100
AcDbLine
 10
4979.7559028
 20
9004.299999999998
 30
0.0
 11
5769.126358600001
 21
10413.9999999999
 31
0.0
  0
ARC
  5
350
330
1F
100
AcDbEntity
  8
0
  6
Continuous
 62
     7
370
    25
100
AcDbCircle
 10
-521249.4156959635
 20
305521.1675753202
 30
0.0
 40
604017.2050725425
100
AcDbArc
 50
330.7530951117
 51
330.8768539834
  0
ARC
  5
351
330
1F
100
AcDbEntity
  8
0
  6
Continuous
 62
     7
370
    25
100
AcDbCircle
 10
-15636.6130444882
 20
23833.1176614028
 30
0.0
 40
25231.87036771461
100
AcDbArc
 50
330.8768188227
 51
332.1157706896
  0
ARC
  5
352
330
1F
100
AcDbEntity
  8
0
  6
Continuous
 62
     7
370
    25
100
AcDbCircle
 10
-1104.5478091416
 20
16143.9231080044
 30
0.0
 40
8790.926572308427
100
AcDbArc
 50
332.1156707109
 51
334.1480133275
  0
ARC
  5
353
330
1F
100
AcDbEntity
  8
0
  6
Continuous
 62
     7
370
    25
100
AcDbCircle
 10
6572.936086347299
 20
12423.884991871
 30
0.0
 40
259.66391365281
100
AcDbArc
 50
334.1479354725
 51
0.0000482633
  0
ARC
  5
354
330
1F
100
AcDbEntity
  8
0
  6
Continuous
 62
     7
370
    25
100
AcDbCircle
 10
6306.542607557701
 20
12423.885194153
 30
0.0
 40
526.0573924422565
100
AcDbArc
 50
0.0000017913
 51
17.9025787684
  0
ARC
  5
355
330
1F
100
AcDbEntity
  8
0
  6
Continuous
 62
     7
370
    25
100
AcDbCircle
 10
6265.3173476986
 20
12410.567419656
 30
0.0
 40
569.3804252067605
100
AcDbArc
 50
17.9026103015
 51
34.7736369057
  0
ARC
  5
356
330
1F
100
AcDbEntity
  8
0
  6
Continuous
 62
     7
370
    25
100
AcDbCircle
 10
6291.315624605601
 20
12428.6186394413
 30
0.0
 40
537.7298811704074
100
AcDbArc
 50
34.77366475610001
 51
52.1590736421
  0
ARC
  5
357
330
1F
100
AcDbEntity
  8
0
  6
Continuous
 62
     7
370
    25
100
AcDbCircle
 10
6367.416765771999
 20
12526.5841481461
 30
0.0
 40
413.678986042385
100
AcDbArc
 50
52.1589818604
 51
73.3214443717
  0
ARC
  5
358
330
1F
100
AcDbEntity
  8
0
  6
Continuous
 62
     7
370
    25
100
AcDbCircle
 10
6374.6690981966
 20
12550.7902530737
 30
0.0
 40
388.4097984543592
100
AcDbArc
 50
73.3214481869
 51
88.4368093576
  0
ARC
  5
359
330
1F
100
AcDbEntity
  8
0
  6
Continuous
 62
     7
370
    25
100
AcDbCircle
 10
5443.6226524428
 20
-21566.6967938101
 30
0.0
 40
34518.59833995578
100
AcDbArc
 50
88.4368192384
 51
89.05102852430001
  0
ARC
  5
35A
330
1F
100
AcDbEntity
  8
0
  6
Continuous
 62
     7
370
    25
100
AcDbCircle
 10
5339.5569410912
 20
-27850.5587653395
 30
0.0
 40
40803.32195751649
100
AcDbArc
 50
89.0510585436
 51
89.80667254590001
  0
ARC
  5
35B
330
1F
100
AcDbEntity
  8
0
  6
Continuous
 62
     7
370
    25
100
AcDbCircle
 10
4606.0554538126
 20
-245355.1879271898
 30
0.0
 40
258309.1879272413
100
AcDbArc
 50
89.8067625008
 51
89.99996382350001
  0
LINE
  5
35C
330
1F
100
AcDbEntity
  8
0
  6
Continuous
 62
     7
370
    25
100
AcDbLine
 10
4606.2185498
 20
12954.0
 30
0.0
 11
2830.2308902
 21
12954.0
 31
0.0
  0
LINE
  5
35D
330
1F
100
AcDbEntity
  8
0
  6
Continuous
 62
     7
370
    25
100
AcDbLine
 10
2830.2308902
 20
12954.0
 30
0.0
 11
2503.646224600001
 21
12416.556066
 31
0.0
  0
ENDSEC
  0
SECTION
  2
OBJECTS
  0
DICTIONARY
  5
C
330
0
100
AcDbDictionary
281
     1
  3
ACAD_CIP_PREVIOUS_PRODUCT_INFO
350
39E
  3
ACAD_COLOR
350
393
  3
ACAD_DETAILVIEWSTYLE
350
39A
  3
ACAD_GROUP
350
D
  3
ACAD_LAST_SAVED_VERSION_INFO
350
39F
  3
ACAD_LAYOUT
350
1A
  3
ACAD_MATERIAL
350
361
  3
ACAD_MLEADERSTYLE
350
396
  3
ACAD_MLINESTYLE
350
17
  3
ACAD_PLOTSETTINGS
350
19
  3
ACAD_PLOTSTYLENAME
350
E
  3
ACAD_SCALELIST
350
47
  3
ACAD_SECTIONVIEWSTYLE
350
398
  3
ACAD_TABLESTYLE
350
394
  3
ACAD_VISUALSTYLE
350
37A
  3
ACDB_RECOMPOSE_DATA
350
3AF
  3
AcDbVariableDictionary
350
3A2
  0
DICTIONARY
  5
3A0
330
10
100
AcDbDictionary
280
     1
281
     1
  3
ADSK_XREC_LAYER_RECONCILED
360
3A1
  0
XRECORD
  5
39E
102
{ACAD_REACTORS
330
C
102
}
330
C
100
AcDbXrecord
280
     1
300
ACD
300
2026
300

  0
DICTIONARY
  5
393
102
{ACAD_REACTORS
330
C
102
}
330
C
100
AcDbDictionary
281
     1
  0
DICTIONARY
  5
39A
102
{ACAD_REACTORS
330
C
102
}
330
C
100
AcDbDictionary
281
     1
  3
Metric50
350
39B
  0
DICTIONARY
  5
D
102
{ACAD_REACTORS
330
C
102
}
330
C
100
AcDbDictionary
281
     1
  0
XRECORD
  5
39F
102
{ACAD_REACTORS
330
C
102
}
330
C
100
AcDbXrecord
280
     1
300
{4AA78C82-6BFF-6945-A4A2-E9C63932FDFD}
301
{AD1792A1-E71C-AE43-9859-7C5EB02B8F61}
302
{4AA78C82-6BFF-6945-A4A2-E9C63932FDFD}
303
C:\Users\Harold\Downloads\UPC-30_ESPECIAL.dxf
  0
DICTIONARY
  5
1A
102
{ACAD_REACTORS
330
C
102
}
330
C
100
AcDbDictionary
281
     1
  3
Layout1
350
1E
  3
Layout2
350
26
  3
Model
350
22
  0
DICTIONARY
  5
361
102
{ACAD_REACTORS
330
C
102
}
330
C
100
AcDbDictionary
281
     1
  3
ByBlock
350
36A
  3
ByLayer
350
362
  3
Global
350
372
  0
DICTIONARY
  5
396
102
{ACAD_REACTORS
330
C
102
}
330
C
100
AcDbDictionary
281
     1
  3
Standard
350
397
  0
DICTIONARY
  5
17
102
{ACAD_REACTORS
330
C
102
}
330
C
100
AcDbDictionary
281
     1
  3
Standard
350
18
  0
DICTIONARY
  5
19
102
{ACAD_REACTORS
330
C
102
}
330
C
100
AcDbDictionary
281
     1
  0
ACDBDICTIONARYWDFLT
  5
E
102
{ACAD_REACTORS
330
C
102
}
330
C
100
AcDbDictionary
281
     1
  3
Normal
350
F
100
AcDbDictionaryWithDefault
340
F
  0
DICTIONARY
  5
47
102
{ACAD_REACTORS
330
C
102
}
330
C
100
AcDbDictionary
281
     1
  3
A0
350
48
  3
A1
350
49
  3
A2
350
4A
  3
A3
350
4B
  3
A4
350
4C
  3
A5
350
4D
  3
A6
350
4E
  3
A7
350
4F
  3
A8
350
50
  3
A9
350
51
  3
B0
350
52
  3
B1
350
53
  3
B2
350
54
  3
B3
350
55
  3
B4
350
56
  3
B5
350
57
  3
B6
350
58
  0
DICTIONARY
  5
398
102
{ACAD_REACTORS
330
C
102
}
330
C
100
AcDbDictionary
281
     1
  3
Metric50
350
399
  0
DICTIONARY
  5
394
102
{ACAD_REACTORS
330
C
102
}
330
C
100
AcDbDictionary
281
     1
  3
Standard
350
395
  0
DICTIONARY
  5
37A
102
{ACAD_REACTORS
330
C
102
}
330
C
100
AcDbDictionary
281
     1
  3
2dWireframe
350
380
  3
Basic
350
37F
  3
Brighten
350
386
  3
ColorChange
350
38A
  3
Conceptual
350
383
  3
Dim
350
385
  3
EdgeColorOff
350
392
  3
Facepattern
350
389
  3
Flat
350
37B
  3
FlatWithEdges
350
37C
  3
Gouraud
350
37D
  3
GouraudWithEdges
350
37E
  3
Hidden
350
382
  3
JitterOff
350
390
  3
Linepattern
350
388
  3
OverhangOff
350
391
  3
Realistic
350
384
  3
Shaded
350
38F
  3
Shaded with edges
350
38E
  3
Shades of Gray
350
38B
  3
Sketchy
350
38C
  3
Thicken
350
387
  3
Wireframe
350
381
  3
X-Ray
350
38D
  0
XRECORD
  5
3AF
102
{ACAD_REACTORS
330
C
102
}
330
C
100
AcDbXrecord
280
     1
 90
        1
330
395
  0
DICTIONARY
  5
3A2
102
{ACAD_REACTORS
330
C
102
}
330
C
100
AcDbDictionary
281
     1
  3
CANNOSCALE
350
3A8
  3
CMLEADERSTYLE
350
3A4
  3
CTABLESTYLE
350
3A3
  3
CVIEWDETAILSTYLE
350
3A5
  3
CVIEWSECTIONSTYLE
350
3A6
  3
LAYEREVAL
350
3AA
  3
LAYERNOTIFY
350
3AB
  3
LIGHTINGUNITS
350
3A9
  3
MSLTSCALE
350
3A7
  0
XRECORD
  5
3A1
102
{ACAD_REACTORS
330
3A0
102
}
330
3A0
100
AcDbXrecord
280
     1
290
     1
  0
ACDBDETAILVIEWSTYLE
  5
39B
102
{ACAD_REACTORS
330
39A
102
}
330
39A
100
AcDbModelDocViewStyle
 70
     0
  3
Metric50
290
     0
300
Metric50
 90
        0
100
AcDbDetailViewStyle
 70
     0
 71
     0
 90
        3
 71
     1
340
11
 62
   256
 40
5.0
340
0
 62
   256
 40
5.0
300

 40
0.0
280
     1
 71
     2
340
16
 90
       25
 62
   256
 71
     3
340
11
 62
   256
 40
5.0
 90
        0
 40
15.0
 90
        1
300
%<\AcVar ViewDetailId>% (%<\AcVar ViewScale \f "%sn">%)
 71
     4
340
16
 90
       25
 62
   256
340
16
 90
       25
 62
   256
280
     0
  0
LAYOUT
  5
1E
102
{ACAD_REACTORS
330
1A
102
}
330
1A
100
AcDbPlotSettings
  1

  2
none_device
  4

  6

 40
0.0
 41
0.0
 42
0.0
 43
0.0
 44
0.0
 45
0.0
 46
0.0
 47
0.0
 48
0.0
 49
0.0
140
0.0
141
0.0
142
1.0
143
1.0
 70
   688
 72
     1
 73
     0
 74
     5
  7

 75
    16
147
1.0
 76
     0
 77
     2
 78
   300
148
0.0
149
0.0
100
AcDbLayout
  1
Layout1
 70
     1
 71
     1
 10
0.0
 20
0.0
 11
420.0
 21
297.0
 12
0.0
 22
0.0
 32
0.0
 14
1.000000000000000E+20
 24
1.000000000000000E+20
 34
1.000000000000000E+20
 15
-1.000000000000000E+20
 25
-1.000000000000000E+20
 35
-1.000000000000000E+20
146
0.0
 13
0.0
 23
0.0
 33
0.0
 16
1.0
 26
0.0
 36
0.0
 17
0.0
 27
1.0
 37
0.0
 76
     0
330
1B
  0
LAYOUT
  5
26
102
{ACAD_REACTORS
330
1A
102
}
330
1A
100
AcDbPlotSettings
  1

  2
none_device
  4

  6

 40
0.0
 41
0.0
 42
0.0
 43
0.0
 44
0.0
 45
0.0
 46
0.0
 47
0.0
 48
0.0
 49
0.0
140
0.0
141
0.0
142
1.0
143
1.0
 70
   688
 72
     1
 73
     0
 74
     5
  7

 75
    16
147
1.0
 76
     0
 77
     2
 78
   300
148
0.0
149
0.0
100
AcDbLayout
  1
Layout2
 70
     1
 71
     2
 10
0.0
 20
0.0
 11
0.0
 21
0.0
 12
0.0
 22
0.0
 32
0.0
 14
0.0
 24
0.0
 34
0.0
 15
0.0
 25
0.0
 35
0.0
146
0.0
 13
0.0
 23
0.0
 33
0.0
 16
1.0
 26
0.0
 36
0.0
 17
0.0
 27
1.0
 37
0.0
 76
     0
330
23
  0
LAYOUT
  5
22
102
{ACAD_REACTORS
330
1A
102
}
330
1A
100
AcDbPlotSettings
  1

  2
none_device
  4
ANSI_A_(11.00_x_8.50_Inches)
  6

 40
6.349999999999999
 41
19.05
 42
6.350005079999999
 43
19.05000254
 44
279.4
 45
215.9
 46
-8.875535327399999
 47
15.0017719741
 48
0.0
 49
0.0
140
0.0
141
0.0
142
0.0004414417
143
1.0
 70
  1696
 72
     0
 73
     0
 74
     0
  7

 75
     0
147
0.0179189148
 76
     0
 77
     2
 78
   300
148
-1300.4909072572
149
0.0
100
AcDbLayout
  1
Model
 70
     1
 71
     0
 10
0.0
 20
0.0
 11
420.0
 21
297.0
 12
0.0
 22
0.0
 32
0.0
 14
349.8319648
 24
227.2597944
 34
0.0
 15
25019.0
 25
12954.0
 35
0.0
146
0.0
 13
0.0
 23
0.0
 33
0.0
 16
1.0
 26
0.0
 36
0.0
 17
0.0
 27
1.0
 37
0.0
 76
     0
330
1F
331
29
  0
MATERIAL
  5
36A
102
{ACAD_XDICTIONARY
360
36B
102
}
102
{ACAD_REACTORS
330
361
102
}
330
361
100
AcDbMaterial
  1
ByBlock
 72
     0
 43
0.0008202099737533
 43
0.0
 43
0.0
 43
0.0
 43
0.0
 43
0.0008202099737533
 43
0.0
 43
0.0
 43
0.0
 43
0.0
 43
1.0
 43
0.0
 43
0.0
 43
0.0
 43
0.0
 43
1.0
 77
     0
 47
0.0008202099737533
 47
0.0
 47
0.0
 47
0.0
 47
0.0
 47
0.0008202099737533
 47
0.0
 47
0.0
 47
0.0
 47
0.0
 47
1.0
 47
0.0
 47
0.0
 47
0.0
 47
0.0
 47
1.0
171
     0
 49
0.0008202099737533
 49
0.0
 49
0.0
 49
0.0
 49
0.0
 49
0.0008202099737533
 49
0.0
 49
0.0
 49
0.0
 49
0.0
 49
1.0
 49
0.0
 49
0.0
 49
0.0
 49
0.0
 49
1.0
175
     0
142
0.0008202099737533
142
0.0
142
0.0
142
0.0
142
0.0
142
0.0008202099737533
142
0.0
142
0.0
142
0.0
142
0.0
142
1.0
142
0.0
142
0.0
142
0.0
142
0.0
142
1.0
179
     0
144
0.0008202099737533
144
0.0
144
0.0
144
0.0
144
0.0
144
0.0008202099737533
144
0.0
144
0.0
144
0.0
144
0.0
144
1.0
144
0.0
144
0.0
144
0.0
144
0.0
144
1.0
147
0.0008202099737533
147
0.0
147
0.0
147
0.0
147
0.0
147
0.0008202099737533
147
0.0
147
0.0
147
0.0
147
0.0
147
1.0
147
0.0
147
0.0
147
0.0
147
0.0
147
1.0
  0
MATERIAL
  5
362
102
{ACAD_XDICTIONARY
360
363
102
}
102
{ACAD_REACTORS
330
361
102
}
330
361
100
AcDbMaterial
  1
ByLayer
 72
     0
 43
0.0008202099737533
 43
0.0
 43
0.0
 43
0.0
 43
0.0
 43
0.0008202099737533
 43
0.0
 43
0.0
 43
0.0
 43
0.0
 43
1.0
 43
0.0
 43
0.0
 43
0.0
 43
0.0
 43
1.0
 77
     0
 47
0.0008202099737533
 47
0.0
 47
0.0
 47
0.0
 47
0.0
 47
0.0008202099737533
 47
0.0
 47
0.0
 47
0.0
 47
0.0
 47
1.0
 47
0.0
 47
0.0
 47
0.0
 47
0.0
 47
1.0
171
     0
 49
0.0008202099737533
 49
0.0
 49
0.0
 49
0.0
 49
0.0
 49
0.0008202099737533
 49
0.0
 49
0.0
 49
0.0
 49
0.0
 49
1.0
 49
0.0
 49
0.0
 49
0.0
 49
0.0
 49
1.0
175
     0
142
0.0008202099737533
142
0.0
142
0.0
142
0.0
142
0.0
142
0.0008202099737533
142
0.0
142
0.0
142
0.0
142
0.0
142
1.0
142
0.0
142
0.0
142
0.0
142
0.0
142
1.0
179
     0
144
0.0008202099737533
144
0.0
144
0.0
144
0.0
144
0.0
144
0.0008202099737533
144
0.0
144
0.0
144
0.0
144
0.0
144
1.0
144
0.0
144
0.0
144
0.0
144
0.0
144
1.0
147
0.0008202099737533
147
0.0
147
0.0
147
0.0
147
0.0
147
0.0008202099737533
147
0.0
147
0.0
147
0.0
147
0.0
147
1.0
147
0.0
147
0.0
147
0.0
147
0.0
147
1.0
  0
MATERIAL
  5
372
102
{ACAD_XDICTIONARY
360
373
102
}
102
{ACAD_REACTORS
330
361
102
}
330
361
100
AcDbMaterial
  1
Global
 72
     0
 43
0.0008202099737533
 43
0.0
 43
0.0
 43
0.0
 43
0.0
 43
0.0008202099737533
 43
0.0
 43
0.0
 43
0.0
 43
0.0
 43
1.0
 43
0.0
 43
0.0
 43
0.0
 43
0.0
 43
1.0
 77
     0
 47
0.0008202099737533
 47
0.0
 47
0.0
 47
0.0
 47
0.0
 47
0.0008202099737533
 47
0.0
 47
0.0
 47
0.0
 47
0.0
 47
1.0
 47
0.0
 47
0.0
 47
0.0
 47
0.0
 47
1.0
171
     0
 49
0.0008202099737533
 49
0.0
 49
0.0
 49
0.0
 49
0.0
 49
0.0008202099737533
 49
0.0
 49
0.0
 49
0.0
 49
0.0
 49
1.0
 49
0.0
 49
0.0
 49
0.0
 49
0.0
 49
1.0
175
     0
142
0.0008202099737533
142
0.0
142
0.0
142
0.0
142
0.0
142
0.0008202099737533
142
0.0
142
0.0
142
0.0
142
0.0
142
1.0
142
0.0
142
0.0
142
0.0
142
0.0
142
1.0
179
     0
144
0.0008202099737533
144
0.0
144
0.0
144
0.0
144
0.0
144
0.0008202099737533
144
0.0
144
0.0
144
0.0
144
0.0
144
1.0
144
0.0
144
0.0
144
0.0
144
0.0
144
1.0
147
0.0008202099737533
147
0.0
147
0.0
147
0.0
147
0.0
147
0.0008202099737533
147
0.0
147
0.0
147
0.0
147
0.0
147
1.0
147
0.0
147
0.0
147
0.0
147
0.0
147
1.0
  0
MLEADERSTYLE
  5
397
102
{ACAD_REACTORS
330
396
102
}
330
396
100
AcDbMLeaderStyle
179
     2
170
     2
171
     1
172
     0
 90
        2
 40
0.0
 41
0.0
173
     1
 91
-1056964608
340
14
 92
       -2
290
     1
 42
2.0
291
     1
 43
0.36
  3
Standard
 44
4.0
300

342
11
174
     1
178
     6
175
     1
176
     0
 93
-1056964608
 45
4.0
292
     0
297
     0
 46
4.0
 94
-1056964608
 47
1.0
 49
1.0
140
1.0
293
     1
141
0.0
294
     1
177
     0
142
1.0
295
     0
296
     0
143
0.125
271
     0
272
     9
273
     9
298
     0
  0
MLINESTYLE
  5
18
102
{ACAD_REACTORS
330
17
102
}
330
17
100
AcDbMlineStyle
  2
STANDARD
 70
     0
  3

 62
   256
 51
90.0
 52
90.0
 71
     2
 49
0.5
 62
   256
  6
BYLAYER
 49
-0.5
 62
   256
  6
BYLAYER
  0
ACDBPLACEHOLDER
  5
F
102
{ACAD_REACTORS
330
E
102
}
330
E
  0
SCALE
  5
48
102
{ACAD_REACTORS
330
47
102
}
330
47
100
AcDbScale
 70
     0
300
1:1
140
1.0
141
1.0
290
     1
  0
SCALE
  5
49
102
{ACAD_REACTORS
330
47
102
}
330
47
100
AcDbScale
 70
     0
300
1:2
140
1.0
141
2.0
290
     0
  0
SCALE
  5
4A
102
{ACAD_REACTORS
330
47
102
}
330
47
100
AcDbScale
 70
     0
300
1:4
140
1.0
141
4.0
290
     0
  0
SCALE
  5
4B
102
{ACAD_REACTORS
330
47
102
}
330
47
100
AcDbScale
 70
     0
300
1:5
140
1.0
141
5.0
290
     0
  0
SCALE
  5
4C
102
{ACAD_REACTORS
330
47
102
}
330
47
100
AcDbScale
 70
     0
300
1:8
140
1.0
141
8.0
290
     0
  0
SCALE
  5
4D
102
{ACAD_REACTORS
330
47
102
}
330
47
100
AcDbScale
 70
     0
300
1:10
140
1.0
141
10.0
290
     0
  0
SCALE
  5
4E
102
{ACAD_REACTORS
330
47
102
}
330
47
100
AcDbScale
 70
     0
300
1:16
140
1.0
141
16.0
290
     0
  0
SCALE
  5
4F
102
{ACAD_REACTORS
330
47
102
}
330
47
100
AcDbScale
 70
     0
300
1:20
140
1.0
141
20.0
290
     0
  0
SCALE
  5
50
102
{ACAD_REACTORS
330
47
102
}
330
47
100
AcDbScale
 70
     0
300
1:30
140
1.0
141
30.0
290
     0
  0
SCALE
  5
51
102
{ACAD_REACTORS
330
47
102
}
330
47
100
AcDbScale
 70
     0
300
1:40
140
1.0
141
40.0
290
     0
  0
SCALE
  5
52
102
{ACAD_REACTORS
330
47
102
}
330
47
100
AcDbScale
 70
     0
300
1:50
140
1.0
141
50.0
290
     0
  0
SCALE
  5
53
102
{ACAD_REACTORS
330
47
102
}
330
47
100
AcDbScale
 70
     0
300
1:100
140
1.0
141
100.0
290
     0
  0
SCALE
  5
54
102
{ACAD_REACTORS
330
47
102
}
330
47
100
AcDbScale
 70
     0
300
2:1
140
2.0
141
1.0
290
     0
  0
SCALE
  5
55
102
{ACAD_REACTORS
330
47
102
}
330
47
100
AcDbScale
 70
     0
300
4:1
140
4.0
141
1.0
290
     0
  0
SCALE
  5
56
102
{ACAD_REACTORS
330
47
102
}
330
47
100
AcDbScale
 70
     0
300
8:1
140
8.0
141
1.0
290
     0
  0
SCALE
  5
57
102
{ACAD_REACTORS
330
47
102
}
330
47
100
AcDbScale
 70
     0
300
10:1
140
10.0
141
1.0
290
     0
  0
SCALE
  5
58
102
{ACAD_REACTORS
330
47
102
}
330
47
100
AcDbScale
 70
     0
300
100:1
140
100.0
141
1.0
290
     0
  0
ACDBSECTIONVIEWSTYLE
  5
399
102
{ACAD_REACTORS
330
398
102
}
330
398
100
AcDbModelDocViewStyle
 70
     0
  3
Metric50
290
     0
300
Metric50
 90
        0
100
AcDbSectionViewStyle
 70
     0
 71
     0
 90
      102
 71
     1
340
11
 62
   256
 40
5.0
340
0
340
0
 62
   256
 40
5.0
300
I, O, Q, S, X, Z
 40
10.0
 90
        0
 40
2.5
 90
        0
 71
     2
340
16
 90
       25
 62
   256
340
16
 90
       50
 62
   256
 40
5.0
 40
2.5
 40
5.0
 71
     3
340
11
 62
   256
 40
5.0
 90
        0
 40
15.0
 90
        1
300
%<\AcVar ViewSectionStartId>%-%<\AcVar ViewSectionEndId>% (%<\AcVar ViewScale \f "%sn">%)
 71
     4
 62
   256
 62
   257
300
ANSI31
 40
1.0
 90
        0
290
     0
290
     0
 90
        6
 40
0.0
 40
1.570796326794896
 40
0.2617993877991494
 40
1.308996938995747
 40
-0.2617993877991494
 40
1.832595714594046
  0
TABLESTYLE
  5
395
102
{ACAD_XDICTIONARY
360
3AD
102
}
102
{ACAD_REACTORS
330
394
102
}
330
394
100
AcDbTableStyle
280
     0
  3
Standard
 70
     0
 71
     0
 40
1.5
 41
1.5
280
     0
281
     0
  7
Standard
140
4.5
170
     2
 62
     0
 63
     7
283
     0
 90
      512
 91
        0
  1

274
    -2
284
     1
 64
     0
275
    -2
285
     1
 65
     0
276
    -2
286
     1
 66
     0
277
    -2
287
     1
 67
     0
278
    -2
288
     1
 68
     0
279
    -2
289
     1
 69
     0
  7
Standard
140
6.0
170
     5
 62
     0
 63
     7
283
     0
 90
      512
 91
        0
  1

274
    -2
284
     1
 64
     0
275
    -2
285
     1
 65
     0
276
    -2
286
     1
 66
     0
277
    -2
287
     1
 67
     0
278
    -2
288
     1
 68
     0
279
    -2
289
     1
 69
     0
  7
Standard
140
4.5
170
     5
 62
     0
 63
     7
283
     0
 90
      512
 91
        0
  1

274
    -2
284
     1
 64
     0
275
    -2
285
     1
 65
     0
276
    -2
286
     1
 66
     0
277
    -2
287
     1
 67
     0
278
    -2
288
     1
 68
     0
279
    -2
289
     1
 69
     0
  0
VISUALSTYLE
  5
380
102
{ACAD_REACTORS
330
37A
102
}
330
37A
100
AcDbVisualStyle
  2
2dWireframe
 70
     4
177
     3
291
     0
 70
    58
 90
        0
176
     1
 90
        2
176
     1
 90
        0
176
     1
 90
        0
176
     1
 40
0.6
176
     1
 40
30.0
176
     1
 62
     7
420
 16777215
176
     1
 90
        1
176
     1
 90
        4
176
     1
 62
     7
176
     1
 62
   257
176
     1
 90
        1
176
     1
 90
        1
176
     1
 40
1.0
176
     1
 90
        0
176
     1
 62
   257
176
     1
 40
1.0
176
     1
 90
        1
176
     1
 90
        6
176
     1
 90
        2
176
     1
 62
     7
176
     1
 90
        5
176
     1
 90
        0
176
     1
 90
        0
176
     1
290
     0
176
     1
 90
        1
176
     1
 40
0.0
176
     1
 90
        0
176
     1
290
     1
176
     1
290
     1
176
     1
290
     0
176
     1
290
     0
176
     1
290
     0
176
     1
290
     0
176
     1
290
     0
176
     1
290
     0
176
     1
290
     0
176
     1
 90
       50
176
     1
 40
0.0
176
     1
 40
1.0
176
     1
 90
        0
176
     1
 62
    18
420
        0
176
     1
 90
       50
176
     1
 90
        3
176
     1
 62
     5
420
      255
176
     1
290
     0
176
     1
 90
       50
176
     1
 90
       50
176
     1
 90
       50
176
     1
290
     0
176
     1
 90
       50
176
     1
 62
   256
176
     0
 40
1.0
176
     0
 90
        2
176
     1
  1
strokes_ogs.tif
176
     1
290
     0
176
     1
 40
1.0
176
     1
 40
1.0
176
     1
  0
VISUALSTYLE
  5
37F
102
{ACAD_REACTORS
330
37A
102
}
330
37A
100
AcDbVisualStyle
  2
Basic
 70
     7
177
     3
291
     1
 70
    58
 90
        1
176
     1
 90
        0
176
     1
 90
        1
176
     1
 90
        0
176
     1
 40
0.6
176
     1
 40
30.0
176
     1
 62
     7
420
 16777215
176
     1
 90
        0
176
     1
 90
        4
176
     1
 62
     7
176
     1
 62
   257
176
     1
 90
        1
176
     1
 90
        1
176
     1
 40
1.0
176
     1
 90
        8
176
     1
 62
     7
176
     1
 40
1.0
176
     1
 90
        1
176
     1
 90
        6
176
     1
 90
        2
176
     1
 62
     7
176
     1
 90
        5
176
     1
 90
        0
176
     1
 90
        0
176
     1
290
     0
176
     1
 90
        1
176
     1
 40
0.0
176
     1
 90
        0
176
     1
290
     0
176
     1
290
     1
176
     1
290
     1
176
     1
290
     0
176
     1
290
     0
176
     1
290
     0
176
     1
290
     0
176
     1
290
     0
176
     1
290
     0
176
     1
 90
       50
176
     1
 40
0.0
176
     1
 40
1.0
176
     1
 90
        0
176
     1
 62
    18
420
        0
176
     1
 90
       50
176
     1
 90
        3
176
     1
 62
     5
420
      255
176
     1
290
     0
176
     1
 90
       50
176
     1
 90
       50
176
     1
 90
       50
176
     1
290
     0
176
     1
 90
       50
176
     1
 62
   256
176
     0
 40
1.0
176
     0
 90
        2
176
     1
  1
strokes_ogs.tif
176
     1
290
     0
176
     1
 40
1.0
176
     1
 40
1.0
176
     1
  0
VISUALSTYLE
  5
386
102
{ACAD_REACTORS
330
37A
102
}
330
37A
100
AcDbVisualStyle
  2
Brighten
 70
    12
177
     3
291
     1
 70
    58
 90
        2
176
     1
 90
        2
176
     1
 90
        0
176
     1
 90
        0
176
     1
 40
0.6
176
     1
 40
30.0
176
     1
 62
     7
420
 16777215
176
     1
 90
        1
176
     1
 90
        4
176
     1
 62
     7
176
     1
 62
   257
176
     1
 90
        1
176
     1
 90
        1
176
     1
 40
1.0
176
     1
 90
        8
176
     1
 62
     7
176
     1
 40
1.0
176
     1
 90
        1
176
     1
 90
        6
176
     1
 90
        2
176
     1
 62
     7
176
     1
 90
        5
176
     1
 90
        0
176
     1
 90
        0
176
     1
290
     0
176
     1
 90
        1
176
     1
 40
50.0
176
     1
 90
        0
176
     1
290
     0
176
     1
290
     1
176
     1
290
     1
176
     1
290
     0
176
     1
290
     0
176
     1
290
     0
176
     1
290
     0
176
     1
290
     0
176
     1
290
     0
176
     1
 90
       50
176
     1
 40
0.0
176
     1
 40
1.0
176
     1
 90
        0
176
     1
 62
    18
420
        0
176
     1
 90
       50
176
     1
 90
        3
176
     1
 62
     5
420
      255
176
     1
290
     0
176
     1
 90
       50
176
     1
 90
       50
176
     1
 90
       50
176
     1
290
     0
176
     1
 90
       50
176
     1
 62
   256
176
     0
 40
1.0
176
     0
 90
        2
176
     1
  1
strokes_ogs.tif
176
     1
290
     0
176
     1
 40
1.0
176
     1
 40
1.0
176
     1
  0
VISUALSTYLE
  5
38A
102
{ACAD_REACTORS
330
37A
102
}
330
37A
100
AcDbVisualStyle
  2
ColorChange
 70
    16
177
     3
291
     1
 70
    58
 90
        2
176
     1
 90
        2
176
     1
 90
        3
176
     1
 90
        0
176
     1
 40
0.6
176
     1
 40
30.0
176
     1
 62
     8
420
  8421504
176
     1
 90
        1
176
     1
 90
        4
176
     1
 62
     7
176
     1
 62
   257
176
     1
 90
        1
176
     1
 90
        1
176
     1
 40
1.0
176
     1
 90
        8
176
     1
 62
     8
420
  8421504
176
     1
 40
1.0
176
     1
 90
        1
176
     1
 90
        6
176
     1
 90
        2
176
     1
 62
     7
176
     1
 90
        5
176
     1
 90
        0
176
     1
 90
        0
176
     1
290
     0
176
     1
 90
        1
176
     1
 40
0.0
176
     1
 90
        0
176
     1
290
     0
176
     1
290
     1
176
     1
290
     1
176
     1
290
     0
176
     1
290
     0
176
     1
290
     0
176
     1
290
     0
176
     1
290
     0
176
     1
290
     0
176
     1
 90
       50
176
     1
 40
0.0
176
     1
 40
1.0
176
     1
 90
        0
176
     1
 62
    18
420
        0
176
     1
 90
       50
176
     1
 90
        3
176
     1
 62
     5
420
      255
176
     1
290
     0
176
     1
 90
       50
176
     1
 90
       50
176
     1
 90
       50
176
     1
290
     0
176
     1
 90
       50
176
     1
 62
   256
176
     0
 40
1.0
176
     0
 90
        2
176
     1
  1
strokes_ogs.tif
176
     1
290
     0
176
     1
 40
1.0
176
     1
 40
1.0
176
     1
  0
VISUALSTYLE
  5
383
102
{ACAD_REACTORS
330
37A
102
}
330
37A
100
AcDbVisualStyle
  2
Conceptual
 70
     9
177
     3
291
     0
 70
    58
 90
        3
176
     1
 90
        2
176
     1
 90
        0
176
     1
 90
        0
176
     1
 40
0.6
176
     1
 40
30.0
176
     1
 62
     7
420
 16777215
176
     1
 90
        2
176
     1
 90
        2
176
     1
 62
     7
176
     1
 62
   257
176
     1
 90
        1
176
     1
 90
        1
176
     1
 40
179.0
176
     1
 90
        8
176
     1
 62
     7
176
     1
 40
1.0
176
     1
 90
        1
176
     1
 90
        6
176
     1
 90
        2
176
     1
 62
     7
176
     1
 90
        3
176
     1
 90
        0
176
     1
 90
        0
176
     1
290
     0
176
     1
 90
        1
176
     1
 40
0.0
176
     1
 90
        0
176
     1
290
     0
176
     1
290
     1
176
     1
290
     1
176
     1
290
     0
176
     1
290
     0
176
     1
290
     0
176
     1
290
     0
176
     1
290
     0
176
     1
290
     0
176
     1
 90
       50
176
     1
 40
0.0
176
     1
 40
1.0
176
     1
 90
        0
176
     1
 62
    18
420
        0
176
     1
 90
       50
176
     1
 90
        3
176
     1
 62
     5
420
      255
176
     1
290
     0
176
     1
 90
       50
176
     1
 90
       50
176
     1
 90
       50
176
     1
290
     0
176
     1
 90
       50
176
     1
 62
   256
176
     0
 40
1.0
176
     0
 90
        2
176
     1
  1
strokes_ogs.tif
176
     1
290
     0
176
     1
 40
1.0
176
     1
 40
1.0
176
     1
  0
VISUALSTYLE
  5
385
102
{ACAD_REACTORS
330
37A
102
}
330
37A
100
AcDbVisualStyle
  2
Dim
 70
    11
177
     3
291
     1
 70
    58
 90
        2
176
     1
 90
        2
176
     1
 90
        0
176
     1
 90
        0
176
     1
 40
0.6
176
     1
 40
30.0
176
     1
 62
     7
420
 16777215
176
     1
 90
        1
176
     1
 90
        4
176
     1
 62
     7
176
     1
 62
   257
176
     1
 90
        1
176
     1
 90
        1
176
     1
 40
1.0
176
     1
 90
        8
176
     1
 62
     7
176
     1
 40
1.0
176
     1
 90
        1
176
     1
 90
        6
176
     1
 90
        2
176
     1
 62
     7
176
     1
 90
        5
176
     1
 90
        0
176
     1
 90
        0
176
     1
290
     0
176
     1
 90
        1
176
     1
 40
-50.0
176
     1
 90
        0
176
     1
290
     0
176
     1
290
     1
176
     1
290
     1
176
     1
290
     0
176
     1
290
     0
176
     1
290
     0
176
     1
290
     0
176
     1
290
     0
176
     1
290
     0
176
     1
 90
       50
176
     1
 40
0.0
176
     1
 40
1.0
176
     1
 90
        0
176
     1
 62
    18
420
        0
176
     1
 90
       50
176
     1
 90
        3
176
     1
 62
     5
420
      255
176
     1
290
     0
176
     1
 90
       50
176
     1
 90
       50
176
     1
 90
       50
176
     1
290
     0
176
     1
 90
       50
176
     1
 62
   256
176
     0
 40
1.0
176
     0
 90
        2
176
     1
  1
strokes_ogs.tif
176
     1
290
     0
176
     1
 40
1.0
176
     1
 40
1.0
176
     1
  0
VISUALSTYLE
  5
392
102
{ACAD_REACTORS
330
37A
102
}
330
37A
100
AcDbVisualStyle
  2
EdgeColorOff
 70
    22
177
     3
291
     1
 70
    58
 90
        2
176
     0
 90
        2
176
     0
 90
        0
176
     0
 90
        0
176
     0
 40
0.6
176
     0
 40
30.0
176
     0
 62
     7
420
 16777215
176
     0
 90
        1
176
     0
 90
        4
176
     0
 62
     7
176
     0
 62
   257
176
     0
 90
        1
176
     0
 90
        1
176
     0
 40
1.0
176
     0
 90
        8
176
     2
 62
     7
176
     0
 40
1.0
176
     0
 90
        1
176
     0
 90
        6
176
     0
 90
        2
176
     0
 62
     7
176
     0
 90
        5
176
     0
 90
        0
176
     0
 90
        0
176
     0
290
     0
176
     0
 90
        1
176
     0
 40
0.0
176
     0
 90
        0
176
     0
290
     0
176
     1
290
     1
176
     1
290
     1
176
     1
290
     0
176
     1
290
     0
176
     1
290
     0
176
     1
290
     0
176
     1
290
     0
176
     1
290
     0
176
     1
 90
       50
176
     0
 40
0.0
176
     0
 40
1.0
176
     0
 90
        0
176
     0
 62
    18
420
        0
176
     0
 90
       50
176
     0
 90
        3
176
     0
 62
     5
420
      255
176
     0
290
     0
176
     1
 90
       50
176
     0
 90
       50
176
     0
 90
       50
176
     0
290
     0
176
     1
 90
       50
176
     0
 62
   256
176
     0
 40
1.0
176
     0
 90
        2
176
     0
  1
strokes_ogs.tif
176
     0
290
     0
176
     1
 40
1.0
176
     0
 40
1.0
176
     0
  0
VISUALSTYLE
  5
389
102
{ACAD_REACTORS
330
37A
102
}
330
37A
100
AcDbVisualStyle
  2
Facepattern
 70
    15
177
     3
291
     1
 70
    58
 90
        2
176
     1
 90
        2
176
     1
 90
        0
176
     1
 90
        0
176
     1
 40
0.6
176
     1
 40
30.0
176
     1
 62
     7
420
 16777215
176
     1
 90
        1
176
     1
 90
        4
176
     1
 62
     7
176
     1
 62
   257
176
     1
 90
        1
176
     1
 90
        1
176
     1
 40
1.0
176
     1
 90
        8
176
     1
 62
     7
176
     1
 40
1.0
176
     1
 90
        1
176
     1
 90
        6
176
     1
 90
        2
176
     1
 62
     7
176
     1
 90
        5
176
     1
 90
        0
176
     1
 90
        0
176
     1
290
     0
176
     1
 90
        1
176
     1
 40
0.0
176
     1
 90
        0
176
     1
290
     0
176
     1
290
     1
176
     1
290
     1
176
     1
290
     0
176
     1
290
     0
176
     1
290
     0
176
     1
290
     0
176
     1
290
     0
176
     1
290
     0
176
     1
 90
       50
176
     1
 40
0.0
176
     1
 40
1.0
176
     1
 90
        0
176
     1
 62
    18
420
        0
176
     1
 90
       50
176
     1
 90
        3
176
     1
 62
     5
420
      255
176
     1
290
     0
176
     1
 90
       50
176
     1
 90
       50
176
     1
 90
       50
176
     1
290
     0
176
     1
 90
       50
176
     1
 62
   256
176
     0
 40
1.0
176
     0
 90
        2
176
     1
  1
strokes_ogs.tif
176
     1
290
     0
176
     1
 40
1.0
176
     1
 40
1.0
176
     1
  0
VISUALSTYLE
  5
37B
102
{ACAD_REACTORS
330
37A
102
}
330
37A
100
AcDbVisualStyle
  2
Flat
 70
     0
177
     3
291
     1
 70
    58
 90
        2
176
     1
 90
        1
176
     1
 90
        1
176
     1
 90
        2
176
     1
 40
0.6
176
     1
 40
30.0
176
     1
 62
     7
420
 16777215
176
     1
 90
        0
176
     1
 90
        0
176
     1
 62
     7
176
     1
 62
   257
176
     1
 90
        1
176
     1
 90
        1
176
     1
 40
1.0
176
     1
 90
        8
176
     1
 62
     7
176
     1
 40
1.0
176
     1
 90
        1
176
     1
 90
        6
176
     1
 90
        2
176
     1
 62
     7
176
     1
 90
        5
176
     1
 90
        0
176
     1
 90
        0
176
     1
290
     0
176
     1
 90
       13
176
     1
 40
0.0
176
     1
 90
        0
176
     1
290
     0
176
     1
290
     1
176
     1
290
     1
176
     1
290
     0
176
     1
290
     0
176
     1
290
     0
176
     1
290
     0
176
     1
290
     0
176
     1
290
     0
176
     1
 90
       50
176
     1
 40
0.0
176
     1
 40
1.0
176
     1
 90
        0
176
     1
 62
    18
420
        0
176
     1
 90
       50
176
     1
 90
        3
176
     1
 62
     5
420
      255
176
     1
290
     0
176
     1
 90
       50
176
     1
 90
       50
176
     1
 90
       50
176
     1
290
     0
176
     1
 90
       50
176
     1
 62
   256
176
     0
 40
1.0
176
     0
 90
        2
176
     1
  1
strokes_ogs.tif
176
     1
290
     0
176
     1
 40
1.0
176
     1
 40
1.0
176
     1
  0
VISUALSTYLE
  5
37C
102
{ACAD_REACTORS
330
37A
102
}
330
37A
100
AcDbVisualStyle
  2
FlatWithEdges
 70
     1
177
     3
291
     1
 70
    58
 90
        2
176
     1
 90
        1
176
     1
 90
        1
176
     1
 90
        2
176
     1
 40
0.6
176
     1
 40
30.0
176
     1
 62
     7
420
 16777215
176
     1
 90
        1
176
     1
 90
        0
176
     1
 62
     7
176
     1
 62
   257
176
     1
 90
        1
176
     1
 90
        1
176
     1
 40
1.0
176
     1
 90
        0
176
     1
 62
   257
176
     1
 40
1.0
176
     1
 90
        1
176
     1
 90
        6
176
     1
 90
        2
176
     1
 62
     7
176
     1
 90
        5
176
     1
 90
        0
176
     1
 90
        0
176
     1
290
     0
176
     1
 90
       13
176
     1
 40
0.0
176
     1
 90
        0
176
     1
290
     0
176
     1
290
     1
176
     1
290
     1
176
     1
290
     0
176
     1
290
     0
176
     1
290
     0
176
     1
290
     0
176
     1
290
     0
176
     1
290
     0
176
     1
 90
       50
176
     1
 40
0.0
176
     1
 40
1.0
176
     1
 90
        0
176
     1
 62
    18
420
        0
176
     1
 90
       50
176
     1
 90
        3
176
     1
 62
     5
420
      255
176
     1
290
     0
176
     1
 90
       50
176
     1
 90
       50
176
     1
 90
       50
176
     1
290
     0
176
     1
 90
       50
176
     1
 62
   256
176
     0
 40
1.0
176
     0
 90
        2
176
     1
  1
strokes_ogs.tif
176
     1
290
     0
176
     1
 40
1.0
176
     1
 40
1.0
176
     1
  0
VISUALSTYLE
  5
37D
102
{ACAD_REACTORS
330
37A
102
}
330
37A
100
AcDbVisualStyle
  2
Gouraud
 70
     2
177
     3
291
     1
 70
    58
 90
        2
176
     1
 90
        2
176
     1
 90
        1
176
     1
 90
        2
176
     1
 40
0.6
176
     1
 40
30.0
176
     1
 62
     7
420
 16777215
176
     1
 90
        0
176
     1
 90
        0
176
     1
 62
     7
176
     1
 62
   257
176
     1
 90
        1
176
     1
 90
        1
176
     1
 40
1.0
176
     1
 90
        0
176
     1
 62
     7
176
     1
 40
1.0
176
     1
 90
        1
176
     1
 90
        6
176
     1
 90
        2
176
     1
 62
     7
176
     1
 90
        5
176
     1
 90
        0
176
     1
 90
        0
176
     1
290
     0
176
     1
 90
       13
176
     1
 40
0.0
176
     1
 90
        0
176
     1
290
     0
176
     1
290
     1
176
     1
290
     1
176
     1
290
     0
176
     1
290
     0
176
     1
290
     0
176
     1
290
     0
176
     1
290
     0
176
     1
290
     0
176
     1
 90
       50
176
     1
 40
0.0
176
     1
 40
1.0
176
     1
 90
        0
176
     1
 62
    18
420
        0
176
     1
 90
       50
176
     1
 90
        3
176
     1
 62
     5
420
      255
176
     1
290
     0
176
     1
 90
       50
176
     1
 90
       50
176
     1
 90
       50
176
     1
290
     0
176
     1
 90
       50
176
     1
 62
   256
176
     0
 40
1.0
176
     0
 90
        2
176
     1
  1
strokes_ogs.tif
176
     1
290
     0
176
     1
 40
1.0
176
     1
 40
1.0
176
     1
  0
VISUALSTYLE
  5
37E
102
{ACAD_REACTORS
330
37A
102
}
330
37A
100
AcDbVisualStyle
  2
GouraudWithEdges
 70
     3
177
     3
291
     1
 70
    58
 90
        2
176
     1
 90
        2
176
     1
 90
        1
176
     1
 90
        2
176
     1
 40
0.6
176
     1
 40
30.0
176
     1
 62
     7
420
 16777215
176
     1
 90
        1
176
     1
 90
        0
176
     1
 62
     7
176
     1
 62
   257
176
     1
 90
        1
176
     1
 90
        1
176
     1
 40
1.0
176
     1
 90
        0
176
     1
 62
   257
176
     1
 40
1.0
176
     1
 90
        1
176
     1
 90
        6
176
     1
 90
        2
176
     1
 62
     7
176
     1
 90
        5
176
     1
 90
        0
176
     1
 90
        0
176
     1
290
     0
176
     1
 90
       13
176
     1
 40
0.0
176
     1
 90
        0
176
     1
290
     0
176
     1
290
     1
176
     1
290
     1
176
     1
290
     0
176
     1
290
     0
176
     1
290
     0
176
     1
290
     0
176
     1
290
     0
176
     1
290
     0
176
     1
 90
       50
176
     1
 40
0.0
176
     1
 40
1.0
176
     1
 90
        0
176
     1
 62
    18
420
        0
176
     1
 90
       50
176
     1
 90
        3
176
     1
 62
     5
420
      255
176
     1
290
     0
176
     1
 90
       50
176
     1
 90
       50
176
     1
 90
       50
176
     1
290
     0
176
     1
 90
       50
176
     1
 62
   256
176
     0
 40
1.0
176
     0
 90
        2
176
     1
  1
strokes_ogs.tif
176
     1
290
     0
176
     1
 40
1.0
176
     1
 40
1.0
176
     1
  0
VISUALSTYLE
  5
382
102
{ACAD_REACTORS
330
37A
102
}
330
37A
100
AcDbVisualStyle
  2
Hidden
 70
     6
177
     3
291
     0
 70
    58
 90
        1
176
     1
 90
        2
176
     1
 90
        2
176
     1
 90
        0
176
     1
 40
0.6
176
     1
 40
30.0
176
     1
 62
     7
420
 16777215
176
     1
 90
        2
176
     1
 90
        2
176
     1
 62
     7
176
     1
 62
   257
176
     1
 90
        2
176
     1
 90
        1
176
     1
 40
40.0
176
     1
 90
        0
176
     1
 62
   257
176
     1
 40
1.0
176
     1
 90
        1
176
     1
 90
        6
176
     1
 90
        2
176
     1
 62
     7
176
     1
 90
        3
176
     1
 90
        0
176
     1
 90
        0
176
     1
290
     0
176
     1
 90
        1
176
     1
 40
0.0
176
     1
 90
        0
176
     1
290
     0
176
     1
290
     1
176
     1
290
     1
176
     1
290
     0
176
     1
290
     0
176
     1
290
     0
176
     1
290
     0
176
     1
290
     0
176
     1
290
     0
176
     1
 90
       50
176
     1
 40
0.0
176
     1
 40
1.0
176
     1
 90
        0
176
     1
 62
    18
420
        0
176
     1
 90
       50
176
     1
 90
        3
176
     1
 62
     5
420
      255
176
     1
290
     0
176
     1
 90
       50
176
     1
 90
       50
176
     1
 90
       50
176
     1
290
     0
176
     1
 90
       50
176
     1
 62
   256
176
     0
 40
1.0
176
     0
 90
        2
176
     1
  1
strokes_ogs.tif
176
     1
290
     0
176
     1
 40
1.0
176
     1
 40
1.0
176
     1
  0
VISUALSTYLE
  5
390
102
{ACAD_REACTORS
330
37A
102
}
330
37A
100
AcDbVisualStyle
  2
JitterOff
 70
    20
177
     3
291
     1
 70
    58
 90
        2
176
     0
 90
        2
176
     0
 90
        0
176
     0
 90
        0
176
     0
 40
0.6
176
     0
 40
30.0
176
     0
 62
     7
420
 16777215
176
     0
 90
        1
176
     0
 90
        4
176
     0
 62
     7
176
     0
 62
   257
176
     0
 90
        1
176
     0
 90
        1
176
     0
 40
1.0
176
     0
 90
       10
176
     2
 62
     7
176
     0
 40
1.0
176
     0
 90
        1
176
     0
 90
        6
176
     0
 90
        2
176
     0
 62
     7
176
     0
 90
        5
176
     0
 90
        0
176
     0
 90
        0
176
     0
290
     0
176
     0
 90
        1
176
     0
 40
0.0
176
     0
 90
        0
176
     0
290
     0
176
     1
290
     1
176
     1
290
     1
176
     1
290
     0
176
     1
290
     0
176
     1
290
     0
176
     1
290
     0
176
     1
290
     0
176
     1
290
     0
176
     1
 90
       50
176
     0
 40
0.0
176
     0
 40
1.0
176
     0
 90
        0
176
     0
 62
    18
420
        0
176
     0
 90
       50
176
     0
 90
        3
176
     0
 62
     5
420
      255
176
     0
290
     0
176
     1
 90
       50
176
     0
 90
       50
176
     0
 90
       50
176
     0
290
     0
176
     1
 90
       50
176
     0
 62
   256
176
     0
 40
1.0
176
     0
 90
        2
176
     0
  1
strokes_ogs.tif
176
     0
290
     0
176
     1
 40
1.0
176
     0
 40
1.0
176
     0
  0
VISUALSTYLE
  5
388
102
{ACAD_REACTORS
330
37A
102
}
330
37A
100
AcDbVisualStyle
  2
Linepattern
 70
    14
177
     3
291
     1
 70
    58
 90
        2
176
     1
 90
        2
176
     1
 90
        0
176
     1
 90
        0
176
     1
 40
0.6
176
     1
 40
30.0
176
     1
 62
     7
420
 16777215
176
     1
 90
        1
176
     1
 90
        4
176
     1
 62
     7
176
     1
 62
   257
176
     1
 90
        7
176
     1
 90
        7
176
     1
 40
1.0
176
     1
 90
        8
176
     1
 62
     7
176
     1
 40
1.0
176
     1
 90
        1
176
     1
 90
        6
176
     1
 90
        2
176
     1
 62
     7
176
     1
 90
        5
176
     1
 90
        0
176
     1
 90
        0
176
     1
290
     0
176
     1
 90
        1
176
     1
 40
0.0
176
     1
 90
        0
176
     1
290
     0
176
     1
290
     1
176
     1
290
     1
176
     1
290
     0
176
     1
290
     0
176
     1
290
     0
176
     1
290
     0
176
     1
290
     0
176
     1
290
     0
176
     1
 90
       50
176
     1
 40
0.0
176
     1
 40
1.0
176
     1
 90
        0
176
     1
 62
    18
420
        0
176
     1
 90
       50
176
     1
 90
        3
176
     1
 62
     5
420
      255
176
     1
290
     0
176
     1
 90
       50
176
     1
 90
       50
176
     1
 90
       50
176
     1
290
     0
176
     1
 90
       50
176
     1
 62
   256
176
     0
 40
1.0
176
     0
 90
        2
176
     1
  1
strokes_ogs.tif
176
     1
290
     0
176
     1
 40
1.0
176
     1
 40
1.0
176
     1
  0
VISUALSTYLE
  5
391
102
{ACAD_REACTORS
330
37A
102
}
330
37A
100
AcDbVisualStyle
  2
OverhangOff
 70
    21
177
     3
291
     1
 70
    58
 90
        2
176
     0
 90
        2
176
     0
 90
        0
176
     0
 90
        0
176
     0
 40
0.6
176
     0
 40
30.0
176
     0
 62
     7
420
 16777215
176
     0
 90
        1
176
     0
 90
        4
176
     0
 62
     7
176
     0
 62
   257
176
     0
 90
        1
176
     0
 90
        1
176
     0
 40
1.0
176
     0
 90
        9
176
     2
 62
     7
176
     0
 40
1.0
176
     0
 90
        1
176
     0
 90
        6
176
     0
 90
        2
176
     0
 62
     7
176
     0
 90
        5
176
     0
 90
        0
176
     0
 90
        0
176
     0
290
     0
176
     0
 90
        1
176
     0
 40
0.0
176
     0
 90
        0
176
     0
290
     0
176
     1
290
     1
176
     1
290
     1
176
     1
290
     0
176
     1
290
     0
176
     1
290
     0
176
     1
290
     0
176
     1
290
     0
176
     1
290
     0
176
     1
 90
       50
176
     0
 40
0.0
176
     0
 40
1.0
176
     0
 90
        0
176
     0
 62
    18
420
        0
176
     0
 90
       50
176
     0
 90
        3
176
     0
 62
     5
420
      255
176
     0
290
     0
176
     1
 90
       50
176
     0
 90
       50
176
     0
 90
       50
176
     0
290
     0
176
     1
 90
       50
176
     0
 62
   256
176
     0
 40
1.0
176
     0
 90
        2
176
     0
  1
strokes_ogs.tif
176
     0
290
     0
176
     1
 40
1.0
176
     0
 40
1.0
176
     0
  0
VISUALSTYLE
  5
384
102
{ACAD_REACTORS
330
37A
102
}
330
37A
100
AcDbVisualStyle
  2
Realistic
 70
     8
177
     3
291
     0
 70
    58
 90
        2
176
     1
 90
        3
176
     1
 90
        0
176
     1
 90
        2
176
     1
 40
0.6
176
     1
 40
30.0
176
     1
 62
     7
420
 16777215
176
     1
 90
        0
176
     1
 90
        0
176
     1
 62
     7
176
     1
 62
   257
176
     1
 90
        1
176
     1
 90
        1
176
     1
 40
1.0
176
     1
 90
        8
176
     1
 62
   257
176
     1
 40
1.0
176
     1
 90
        1
176
     1
 90
        6
176
     1
 90
        2
176
     1
 62
     7
176
     1
 90
        3
176
     1
 90
        0
176
     1
 90
        0
176
     1
290
     0
176
     1
 90
       13
176
     1
 40
0.0
176
     1
 90
        0
176
     1
290
     0
176
     1
290
     1
176
     1
290
     1
176
     1
290
     0
176
     1
290
     0
176
     1
290
     0
176
     1
290
     0
176
     1
290
     0
176
     1
290
     0
176
     1
 90
       50
176
     1
 40
0.0
176
     1
 40
1.0
176
     1
 90
        0
176
     1
 62
    18
420
        0
176
     1
 90
       50
176
     1
 90
        3
176
     1
 62
     5
420
      255
176
     1
290
     0
176
     1
 90
       50
176
     1
 90
       50
176
     1
 90
       50
176
     1
290
     0
176
     1
 90
       50
176
     1
 62
   256
176
     0
 40
1.0
176
     0
 90
        2
176
     1
  1
strokes_ogs.tif
176
     1
290
     0
176
     1
 40
1.0
176
     1
 40
1.0
176
     1
  0
VISUALSTYLE
  5
38F
102
{ACAD_REACTORS
330
37A
102
}
330
37A
100
AcDbVisualStyle
  2
Shaded
 70
    27
177
     3
291
     0
 70
    58
 90
        2
176
     1
 90
        2
176
     1
 90
        1
176
     1
 90
        2
176
     1
 40
0.6
176
     1
 40
30.0
176
     1
 62
     7
420
 16777215
176
     1
 90
        0
176
     1
 90
        4
176
     1
 62
     7
176
     1
 62
   257
176
     1
 90
        1
176
     1
 90
        1
176
     1
 40
1.0
176
     1
 90
        8
176
     1
 62
   257
176
     1
 40
1.0
176
     1
 90
        1
176
     1
 90
        6
176
     1
 90
        2
176
     1
 62
     8
420
  7895160
176
     1
 90
        3
176
     1
 90
        0
176
     1
 90
        0
176
     1
290
     0
176
     1
 90
        5
176
     1
 40
0.0
176
     1
 90
        0
176
     1
290
     0
176
     1
290
     1
176
     1
290
     1
176
     1
290
     0
176
     1
290
     0
176
     1
290
     0
176
     1
290
     0
176
     1
290
     0
176
     1
290
     0
176
     1
 90
       50
176
     1
 40
0.0
176
     1
 40
1.0
176
     1
 90
        0
176
     1
 62
    18
420
        0
176
     1
 90
       50
176
     1
 90
        3
176
     1
 62
     5
420
      255
176
     1
290
     0
176
     1
 90
       50
176
     1
 90
       50
176
     1
 90
       50
176
     1
290
     0
176
     1
 90
       50
176
     1
 62
   256
176
     0
 40
1.0
176
     0
 90
        2
176
     1
  1
strokes_ogs.tif
176
     1
290
     0
176
     1
 40
1.0
176
     1
 40
1.0
176
     1
  0
VISUALSTYLE
  5
38E
102
{ACAD_REACTORS
330
37A
102
}
330
37A
100
AcDbVisualStyle
  2
Shaded with edges
 70
    26
177
     3
291
     0
 70
    58
 90
        2
176
     1
 90
        2
176
     1
 90
        1
176
     1
 90
        2
176
     1
 40
0.6
176
     1
 40
30.0
176
     1
 62
     7
420
 16777215
176
     1
 90
        1
176
     1
 90
        2
176
     1
 62
     7
176
     1
 62
   257
176
     1
 90
        2
176
     1
 90
        1
176
     1
 40
1.0
176
     1
 90
        8
176
     1
 62
   257
176
     1
 40
1.0
176
     1
 90
        1
176
     1
 90
        6
176
     1
 90
        2
176
     1
 62
     7
176
     1
 90
        3
176
     1
 90
        0
176
     1
 90
        0
176
     1
290
     0
176
     1
 90
        5
176
     1
 40
0.0
176
     1
 90
        0
176
     1
290
     0
176
     1
290
     1
176
     1
290
     1
176
     1
290
     0
176
     1
290
     0
176
     1
290
     0
176
     1
290
     0
176
     1
290
     0
176
     1
290
     0
176
     1
 90
       50
176
     1
 40
0.0
176
     1
 40
1.0
176
     1
 90
        0
176
     1
 62
    18
420
        0
176
     1
 90
       50
176
     1
 90
        3
176
     1
 62
     5
420
      255
176
     1
290
     0
176
     1
 90
       50
176
     1
 90
       50
176
     1
 90
       50
176
     1
290
     0
176
     1
 90
       50
176
     1
 62
   256
176
     0
 40
1.0
176
     0
 90
        2
176
     1
  1
strokes_ogs.tif
176
     1
290
     0
176
     1
 40
1.0
176
     1
 40
1.0
176
     1
  0
VISUALSTYLE
  5
38B
102
{ACAD_REACTORS
330
37A
102
}
330
37A
100
AcDbVisualStyle
  2
Shades of Gray
 70
    23
177
     3
291
     0
 70
    58
 90
        2
176
     1
 90
        2
176
     1
 90
        3
176
     1
 90
        0
176
     1
 40
0.6
176
     1
 40
30.0
176
     1
 62
     7
420
 16777215
176
     1
 90
        2
176
     1
 90
        2
176
     1
 62
     7
176
     1
 62
     7
176
     1
 90
        1
176
     1
 90
        1
176
     1
 40
40.0
176
     1
 90
        8
176
     1
 62
     7
176
     1
 40
1.0
176
     1
 90
        1
176
     1
 90
        6
176
     1
 90
        2
176
     1
 62
     7
176
     1
 90
        3
176
     1
 90
        0
176
     1
 90
        0
176
     1
290
     0
176
     1
 90
        1
176
     1
 40
0.0
176
     1
 90
        0
176
     1
290
     0
176
     1
290
     1
176
     1
290
     1
176
     1
290
     0
176
     1
290
     0
176
     1
290
     0
176
     1
290
     0
176
     1
290
     0
176
     1
290
     0
176
     1
 90
       50
176
     1
 40
0.0
176
     1
 40
1.0
176
     1
 90
        0
176
     1
 62
    18
420
        0
176
     1
 90
       50
176
     1
 90
        3
176
     1
 62
     5
420
      255
176
     1
290
     0
176
     1
 90
       50
176
     1
 90
       50
176
     1
 90
       50
176
     1
290
     0
176
     1
 90
       50
176
     1
 62
   256
176
     0
 40
1.0
176
     0
 90
        2
176
     1
  1
strokes_ogs.tif
176
     1
290
     0
176
     1
 40
1.0
176
     1
 40
1.0
176
     1
  0
VISUALSTYLE
  5
38C
102
{ACAD_REACTORS
330
37A
102
}
330
37A
100
AcDbVisualStyle
  2
Sketchy
 70
    24
177
     3
291
     0
 70
    58
 90
        1
176
     1
 90
        2
176
     1
 90
        2
176
     1
 90
        0
176
     1
 40
0.6
176
     1
 40
30.0
176
     1
 62
     7
420
 16777215
176
     1
 90
        2
176
     1
 90
        2
176
     1
 62
     7
176
     1
 62
     7
176
     1
 90
        1
176
     1
 90
        1
176
     1
 40
40.0
176
     1
 90
       11
176
     1
 62
     7
176
     1
 40
1.0
176
     1
 90
        1
176
     1
 90
        6
176
     1
 90
        2
176
     1
 62
     7
176
     1
 90
        6
176
     1
 90
        0
176
     1
 90
        0
176
     1
290
     0
176
     1
 90
        1
176
     1
 40
0.0
176
     1
 90
        0
176
     1
290
     0
176
     1
290
     1
176
     1
290
     1
176
     1
290
     0
176
     1
290
     0
176
     1
290
     0
176
     1
290
     0
176
     1
290
     0
176
     1
290
     0
176
     1
 90
       50
176
     1
 40
0.0
176
     1
 40
1.0
176
     1
 90
        0
176
     1
 62
    18
420
        0
176
     1
 90
       50
176
     1
 90
        3
176
     1
 62
     5
420
      255
176
     1
290
     0
176
     1
 90
       50
176
     1
 90
       50
176
     1
 90
       50
176
     1
290
     0
176
     1
 90
       50
176
     1
 62
   256
176
     0
 40
1.0
176
     0
 90
        2
176
     1
  1
strokes_ogs.tif
176
     1
290
     0
176
     1
 40
1.0
176
     1
 40
1.0
176
     1
  0
VISUALSTYLE
  5
387
102
{ACAD_REACTORS
330
37A
102
}
330
37A
100
AcDbVisualStyle
  2
Thicken
 70
    13
177
     3
291
     1
 70
    58
 90
        2
176
     1
 90
        2
176
     1
 90
        0
176
     1
 90
        0
176
     1
 40
0.6
176
     1
 40
30.0
176
     1
 62
     7
420
 16777215
176
     1
 90
        1
176
     1
 90
        4
176
     1
 62
     7
176
     1
 62
   257
176
     1
 90
        1
176
     1
 90
        1
176
     1
 40
1.0
176
     1
 90
       12
176
     1
 62
     7
176
     1
 40
1.0
176
     1
 90
        1
176
     1
 90
        6
176
     1
 90
        2
176
     1
 62
     7
176
     1
 90
        5
176
     1
 90
        0
176
     1
 90
        0
176
     1
290
     0
176
     1
 90
        1
176
     1
 40
0.0
176
     1
 90
        0
176
     1
290
     0
176
     1
290
     1
176
     1
290
     1
176
     1
290
     0
176
     1
290
     0
176
     1
290
     0
176
     1
290
     0
176
     1
290
     0
176
     1
290
     0
176
     1
 90
       50
176
     1
 40
0.0
176
     1
 40
1.0
176
     1
 90
        0
176
     1
 62
    18
420
        0
176
     1
 90
       50
176
     1
 90
        3
176
     1
 62
     5
420
      255
176
     1
290
     0
176
     1
 90
       50
176
     1
 90
       50
176
     1
 90
       50
176
     1
290
     0
176
     1
 90
       50
176
     1
 62
   256
176
     0
 40
1.0
176
     0
 90
        2
176
     1
  1
strokes_ogs.tif
176
     1
290
     0
176
     1
 40
1.0
176
     1
 40
1.0
176
     1
  0
VISUALSTYLE
  5
381
102
{ACAD_REACTORS
330
37A
102
}
330
37A
100
AcDbVisualStyle
  2
Wireframe
 70
     5
177
     3
291
     0
 70
    58
 90
        0
176
     1
 90
        2
176
     1
 90
        0
176
     1
 90
        0
176
     1
 40
0.6
176
     1
 40
30.0
176
     1
 62
     7
420
 16777215
176
     1
 90
        1
176
     1
 90
        4
176
     1
 62
     7
176
     1
 62
   257
176
     1
 90
        1
176
     1
 90
        1
176
     1
 40
1.0
176
     1
 90
        0
176
     1
 62
   257
176
     1
 40
1.0
176
     1
 90
        1
176
     1
 90
        6
176
     1
 90
        2
176
     1
 62
     7
176
     1
 90
        3
176
     1
 90
        0
176
     1
 90
        0
176
     1
290
     0
176
     1
 90
        1
176
     1
 40
0.0
176
     1
 90
        0
176
     1
290
     0
176
     1
290
     1
176
     1
290
     1
176
     1
290
     0
176
     1
290
     0
176
     1
290
     0
176
     1
290
     0
176
     1
290
     0
176
     1
290
     0
176
     1
 90
       50
176
     1
 40
0.0
176
     1
 40
1.0
176
     1
 90
        0
176
     1
 62
    18
420
        0
176
     1
 90
       50
176
     1
 90
        3
176
     1
 62
     5
420
      255
176
     1
290
     0
176
     1
 90
       50
176
     1
 90
       50
176
     1
 90
       50
176
     1
290
     0
176
     1
 90
       50
176
     1
 62
   256
176
     0
 40
1.0
176
     0
 90
        2
176
     1
  1
strokes_ogs.tif
176
     1
290
     0
176
     1
 40
1.0
176
     1
 40
1.0
176
     1
  0
VISUALSTYLE
  5
38D
102
{ACAD_REACTORS
330
37A
102
}
330
37A
100
AcDbVisualStyle
  2
X-Ray
 70
    25
177
     3
291
     0
 70
    58
 90
        2
176
     1
 90
        2
176
     1
 90
        1
176
     1
 90
        1
176
     1
 40
0.5
176
     1
 40
30.0
176
     1
 62
     7
420
 16777215
176
     1
 90
        1
176
     1
 90
        0
176
     1
 62
     7
176
     1
 62
   257
176
     1
 90
        1
176
     1
 90
        1
176
     1
 40
1.0
176
     1
 90
        8
176
     1
 62
     7
176
     1
 40
1.0
176
     1
 90
        1
176
     1
 90
        6
176
     1
 90
        2
176
     1
 62
     7
176
     1
 90
        3
176
     1
 90
        0
176
     1
 90
        0
176
     1
290
     0
176
     1
 90
       13
176
     1
 40
0.0
176
     1
 90
        0
176
     1
290
     0
176
     1
290
     1
176
     1
290
     1
176
     1
290
     0
176
     1
290
     0
176
     1
290
     0
176
     1
290
     0
176
     1
290
     0
176
     1
290
     0
176
     1
 90
       50
176
     1
 40
0.0
176
     1
 40
1.0
176
     1
 90
        0
176
     1
 62
    18
420
        0
176
     1
 90
       50
176
     1
 90
        3
176
     1
 62
     5
420
      255
176
     1
290
     0
176
     1
 90
       50
176
     1
 90
       50
176
     1
 90
       50
176
     1
290
     0
176
     1
 90
       50
176
     1
 62
   256
176
     0
 40
1.0
176
     0
 90
        2
176
     1
  1
strokes_ogs.tif
176
     1
290
     0
176
     1
 40
1.0
176
     1
 40
1.0
176
     1
  0
DICTIONARYVAR
  5
3A8
102
{ACAD_REACTORS
330
3A2
102
}
330
3A2
100
DictionaryVariables
280
     0
  1
1:1
  0
DICTIONARYVAR
  5
3A4
102
{ACAD_REACTORS
330
3A2
102
}
330
3A2
100
DictionaryVariables
280
     0
  1
STANDARD
  0
DICTIONARYVAR
  5
3A3
102
{ACAD_REACTORS
330
3A2
102
}
330
3A2
100
DictionaryVariables
280
     0
  1
STANDARD
  0
DICTIONARYVAR
  5
3A5
102
{ACAD_REACTORS
330
3A2
102
}
330
3A2
100
DictionaryVariables
280
     0
  1
Metric50
  0
DICTIONARYVAR
  5
3A6
102
{ACAD_REACTORS
330
3A2
102
}
330
3A2
100
DictionaryVariables
280
     0
  1
Metric50
  0
DICTIONARYVAR
  5
3AA
102
{ACAD_REACTORS
330
3A2
102
}
330
3A2
100
DictionaryVariables
280
     0
  1
1
  0
DICTIONARYVAR
  5
3AB
102
{ACAD_REACTORS
330
3A2
102
}
330
3A2
100
DictionaryVariables
280
     0
  1
15
  0
DICTIONARYVAR
  5
3A9
102
{ACAD_REACTORS
330
3A2
102
}
330
3A2
100
DictionaryVariables
280
     0
  1
0
  0
DICTIONARYVAR
  5
3A7
102
{ACAD_REACTORS
330
3A2
102
}
330
3A2
100
DictionaryVariables
280
     0
  1
0
  0
DICTIONARY
  5
36B
330
36A
100
AcDbDictionary
280
     1
281
     1
  3
BUMPTILE
360
36D
  3
DIFFUSETILE
360
36C
  3
OPACITYTILE
360
370
  3
REFLECTIONTILE
360
36F
  3
REFRACTIONTILE
360
371
  3
SPECULARTILE
360
36E
  0
DICTIONARY
  5
363
330
362
100
AcDbDictionary
280
     1
281
     1
  3
BUMPTILE
360
365
  3
DIFFUSETILE
360
364
  3
OPACITYTILE
360
368
  3
REFLECTIONTILE
360
367
  3
REFRACTIONTILE
360
369
  3
SPECULARTILE
360
366
  0
DICTIONARY
  5
373
330
372
100
AcDbDictionary
280
     1
281
     1
  3
BUMPTILE
360
375
  3
DIFFUSETILE
360
374
  3
OPACITYTILE
360
378
  3
REFLECTIONTILE
360
377
  3
REFRACTIONTILE
360
379
  3
SPECULARTILE
360
376
  0
DICTIONARY
  5
3AD
330
395
100
AcDbDictionary
280
     1
281
     1
  3
ACAD_ROUNDTRIP_2008_TABLESTYLE_CELLSTYLEMAP
360
3AE
  0
XRECORD
  5
36D
102
{ACAD_REACTORS
330
36B
102
}
330
36B
100
AcDbXrecord
280
     1
270
     1
271
     1
  0
XRECORD
  5
36C
102
{ACAD_REACTORS
330
36B
102
}
330
36B
100
AcDbXrecord
280
     1
270
     1
271
     1
  0
XRECORD
  5
370
102
{ACAD_REACTORS
330
36B
102
}
330
36B
100
AcDbXrecord
280
     1
270
     1
271
     1
  0
XRECORD
  5
36F
102
{ACAD_REACTORS
330
36B
102
}
330
36B
100
AcDbXrecord
280
     1
270
     1
271
     1
  0
XRECORD
  5
371
102
{ACAD_REACTORS
330
36B
102
}
330
36B
100
AcDbXrecord
280
     1
270
     1
271
     1
  0
XRECORD
  5
36E
102
{ACAD_REACTORS
330
36B
102
}
330
36B
100
AcDbXrecord
280
     1
270
     1
271
     1
  0
XRECORD
  5
365
102
{ACAD_REACTORS
330
363
102
}
330
363
100
AcDbXrecord
280
     1
270
     1
271
     1
  0
XRECORD
  5
364
102
{ACAD_REACTORS
330
363
102
}
330
363
100
AcDbXrecord
280
     1
270
     1
271
     1
  0
XRECORD
  5
368
102
{ACAD_REACTORS
330
363
102
}
330
363
100
AcDbXrecord
280
     1
270
     1
271
     1
  0
XRECORD
  5
367
102
{ACAD_REACTORS
330
363
102
}
330
363
100
AcDbXrecord
280
     1
270
     1
271
     1
  0
XRECORD
  5
369
102
{ACAD_REACTORS
330
363
102
}
330
363
100
AcDbXrecord
280
     1
270
     1
271
     1
  0
XRECORD
  5
366
102
{ACAD_REACTORS
330
363
102
}
330
363
100
AcDbXrecord
280
     1
270
     1
271
     1
  0
XRECORD
  5
375
102
{ACAD_REACTORS
330
373
102
}
330
373
100
AcDbXrecord
280
     1
270
     1
271
     1
  0
XRECORD
  5
374
102
{ACAD_REACTORS
330
373
102
}
330
373
100
AcDbXrecord
280
     1
270
     1
271
     1
  0
XRECORD
  5
378
102
{ACAD_REACTORS
330
373
102
}
330
373
100
AcDbXrecord
280
     1
270
     1
271
     1
  0
XRECORD
  5
377
102
{ACAD_REACTORS
330
373
102
}
330
373
100
AcDbXrecord
280
     1
270
     1
271
     1
  0
XRECORD
  5
379
102
{ACAD_REACTORS
330
373
102
}
330
373
100
AcDbXrecord
280
     1
270
     1
271
     1
  0
XRECORD
  5
376
102
{ACAD_REACTORS
330
373
102
}
330
373
100
AcDbXrecord
280
     1
270
     1
271
     1
  0
CELLSTYLEMAP
  5
3AE
102
{ACAD_REACTORS
330
3AD
102
}
330
3AD
100
AcDbCellStyleMap
 90
        3
300
CELLSTYLE
  1
TABLEFORMAT_BEGIN
 90
        5
170
     1
 91
        0
 92
    32768
 62
   257
 93
        1
300
CONTENTFORMAT
  1
CONTENTFORMAT_BEGIN
 90
        0
 91
        0
 92
      512
 93
        0
300

 40
0.0
140
1.0
 94
        5
 62
     0
340
11
144
6.0
309
CONTENTFORMAT_END
171
     1
301
MARGIN
  1
CELLMARGIN_BEGIN
 40
1.5
 40
1.5
 40
1.5
 40
1.5
 40
4.5
 40
4.5
309
CELLMARGIN_END
 94
        6
 95
        1
302
GRIDFORMAT
  1
GRIDFORMAT_BEGIN
 90
        0
 91
        1
 62
     0
 92
       -2
340
0
 93
        0
 40
1.125
309
GRIDFORMAT_END
 95
        2
302
GRIDFORMAT
  1
GRIDFORMAT_BEGIN
 90
        0
 91
        1
 62
     0
 92
       -2
340
0
 93
        0
 40
1.125
309
GRIDFORMAT_END
 95
        4
302
GRIDFORMAT
  1
GRIDFORMAT_BEGIN
 90
        0
 91
        1
 62
     0
 92
       -2
340
0
 93
        0
 40
1.125
309
GRIDFORMAT_END
 95
        8
302
GRIDFORMAT
  1
GRIDFORMAT_BEGIN
 90
        0
 91
        1
 62
     0
 92
       -2
340
0
 93
        0
 40
1.125
309
GRIDFORMAT_END
 95
       16
302
GRIDFORMAT
  1
GRIDFORMAT_BEGIN
 90
        0
 91
        1
 62
     0
 92
       -2
340
0
 93
        0
 40
1.125
309
GRIDFORMAT_END
 95
       32
302
GRIDFORMAT
  1
GRIDFORMAT_BEGIN
 90
        0
 91
        1
 62
     0
 92
       -2
340
0
 93
        0
 40
1.125
309
GRIDFORMAT_END
309
TABLEFORMAT_END
  1
CELLSTYLE_BEGIN
 90
        1
 91
        1
300
_TITLE
309
CELLSTYLE_END
300
CELLSTYLE
  1
TABLEFORMAT_BEGIN
 90
        5
170
     1
 91
        0
 92
        0
 62
   257
 93
        1
300
CONTENTFORMAT
  1
CONTENTFORMAT_BEGIN
 90
        0
 91
        0
 92
      512
 93
        0
300

 40
0.0
140
1.0
 94
        5
 62
     0
340
11
144
4.5
309
CONTENTFORMAT_END
171
     1
301
MARGIN
  1
CELLMARGIN_BEGIN
 40
1.5
 40
1.5
 40
1.5
 40
1.5
 40
4.5
 40
4.5
309
CELLMARGIN_END
 94
        6
 95
        1
302
GRIDFORMAT
  1
GRIDFORMAT_BEGIN
 90
        0
 91
        1
 62
     0
 92
       -2
340
0
 93
        0
 40
1.125
309
GRIDFORMAT_END
 95
        2
302
GRIDFORMAT
  1
GRIDFORMAT_BEGIN
 90
        0
 91
        1
 62
     0
 92
       -2
340
0
 93
        0
 40
1.125
309
GRIDFORMAT_END
 95
        4
302
GRIDFORMAT
  1
GRIDFORMAT_BEGIN
 90
        0
 91
        1
 62
     0
 92
       -2
340
0
 93
        0
 40
1.125
309
GRIDFORMAT_END
 95
        8
302
GRIDFORMAT
  1
GRIDFORMAT_BEGIN
 90
        0
 91
        1
 62
     0
 92
       -2
340
0
 93
        0
 40
1.125
309
GRIDFORMAT_END
 95
       16
302
GRIDFORMAT
  1
GRIDFORMAT_BEGIN
 90
        0
 91
        1
 62
     0
 92
       -2
340
0
 93
        0
 40
1.125
309
GRIDFORMAT_END
 95
       32
302
GRIDFORMAT
  1
GRIDFORMAT_BEGIN
 90
        0
 91
        1
 62
     0
 92
       -2
340
0
 93
        0
 40
1.125
309
GRIDFORMAT_END
309
TABLEFORMAT_END
  1
CELLSTYLE_BEGIN
 90
        2
 91
        1
300
_HEADER
309
CELLSTYLE_END
300
CELLSTYLE
  1
TABLEFORMAT_BEGIN
 90
        5
170
     1
 91
        0
 92
        0
 62
   257
 93
        1
300
CONTENTFORMAT
  1
CONTENTFORMAT_BEGIN
 90
        0
 91
        0
 92
      512
 93
        0
300

 40
0.0
140
1.0
 94
        2
 62
     0
340
11
144
4.5
309
CONTENTFORMAT_END
171
     1
301
MARGIN
  1
CELLMARGIN_BEGIN
 40
1.5
 40
1.5
 40
1.5
 40
1.5
 40
4.5
 40
4.5
309
CELLMARGIN_END
 94
        6
 95
        1
302
GRIDFORMAT
  1
GRIDFORMAT_BEGIN
 90
        0
 91
        1
 62
     0
 92
       -2
340
0
 93
        0
 40
1.125
309
GRIDFORMAT_END
 95
        2
302
GRIDFORMAT
  1
GRIDFORMAT_BEGIN
 90
        0
 91
        1
 62
     0
 92
       -2
340
0
 93
        0
 40
1.125
309
GRIDFORMAT_END
 95
        4
302
GRIDFORMAT
  1
GRIDFORMAT_BEGIN
 90
        0
 91
        1
 62
     0
 92
       -2
340
0
 93
        0
 40
1.125
309
GRIDFORMAT_END
 95
        8
302
GRIDFORMAT
  1
GRIDFORMAT_BEGIN
 90
        0
 91
        1
 62
     0
 92
       -2
340
0
 93
        0
 40
1.125
309
GRIDFORMAT_END
 95
       16
302
GRIDFORMAT
  1
GRIDFORMAT_BEGIN
 90
        0
 91
        1
 62
     0
 92
       -2
340
0
 93
        0
 40
1.125
309
GRIDFORMAT_END
 95
       32
302
GRIDFORMAT
  1
GRIDFORMAT_BEGIN
 90
        0
 91
        1
 62
     0
 92
       -2
340
0
 93
        0
 40
1.125
309
GRIDFORMAT_END
309
TABLEFORMAT_END
  1
CELLSTYLE_BEGIN
 90
        3
 91
        2
300
_DATA
309
CELLSTYLE_END
  0
ENDSEC
  0
EOF
